id,area,perim,species,site,plot,ind,leaf,wet.wt,dr.wt
ACEPEN_HF_12_1,17.233,23.02,ACEPEN,HF,5,12,1,0.26,0.0664
ACEPEN_HF_12_2,13.204,22.971,ACEPEN,HF,5,12,2,0.174,0.04627
ACEPEN_HF_12_1,88.546,61.561,ACEPEN,HF,12,12,1,1.217,0.3706
ACEPEN_HF_12_2,96.019,68.185,ACEPEN,HF,12,12,2,1.2855,0.41796
ACEPEN_WM_5_1,60.298,49.259,ACEPEN,WM,2,5,1,0.765,0.21105
ACEPEN_WM_5_2,61.287,50.995,ACEPEN,WM,2,5,2,0.884,0.24275
ACEPEN_WM_5_1,79.66,61.417,ACEPEN,WM,5,5,1,1.156,0.36727
ACEPEN_WM_5_2,90.151,65.26,ACEPEN,WM,5,5,2,1.341,0.41997
ACESPI_GR_4_1,39.977,47.405,ACESPI,GR,7,4,1,0.477,0.14209
ACESPI_GR_4_2,58.268,60.114,ACESPI,GR,7,4,2,0.664,0.20301
ACESPI_GR_4_1,20.529,26.351,ACESPI,GR,10,4,1,0.28103,0.09407
ACESPI_GR_4_2,27.052,29.127,ACESPI,GR,10,4,2,0.36337,0.12581
ACESPI_WM_1_1,28.498,33.283,ACESPI,WM,7,1,1,0.3167,0.12182
ACESPI_WM_1_2,57.464,48.488,ACESPI,WM,7,1,2,0.7824,0.30096
ALNINC_GR_1_1,39.487,27.552,ALNINC,GR,3,1,1,0.70094,0.20029
ALNINC_GR_1_2,46.38,35.19,ALNINC,GR,3,1,2,0.746,0.20497
ALNINC_GR_1_1,54.602,37.511,ALNINC,GR,5,1,1,0.7307,0.23387
ALNINC_GR_1_2,63.983,43.197,ALNINC,GR,5,1,2,0.9958,0.32158
ALNINC_GR_8_1,35.912,24.905,ALNINC,GR,16,8,1,0.57272,0.22663
ALNINC_GR_8_2,35.335,25.096,ALNINC,GR,16,8,2,0.60045,0.23087
ALNINC_GR_8A_2,43.827,28.373,ALNINC,GR,5,8A,2,0.776,0.2469
ALNINC_GR_8A_1,29.953,23.392,ALNINC,GR,5,8A,1,0.513,0.18331
ALNINC_GR_8B_1,50.652,32.082,ALNINC,GR,5,8B,1,0.947,0.21618
ALNINC_GR_8B_2,36.957,26.197,ALNINC,GR,5,8B,2,0.625,0.033849
ALNINC_GR_11_1,38.265,27.259,ALNINC,GR,1,11,1,0.623,0.18901
ALNINC_GR_11_2,47.59,31.109,ALNINC,GR,1,11,2,0.817,0.26006
ALNINC_GR_11_1,51.519,37.703,ALNINC,GR,15,11,1,0.8054,0.23261
ALNINC_GR_11_2,50.841,38.433,ALNINC,GR,15,11,2,0.71469,0.2428
ALNINC_GR_11A_1,47.406,47.225,ALNINC,GR,3,11A,1,0.6714,0.20284
ALNINC_GR_11A_2,53.594,34.875,ALNINC,GR,3,11A,2,0.801,0.23113
ALNINC_GR_11B_1,36.063,27.43,ALNINC,GR,3,11B,1,0.58,0.16598
ALNINC_GR_11B_2,35.299,27.78,ALNINC,GR,3,11B,2,0.6038,0.17818
ALNINC_HF_1_1,37.045,27.543,ALNINC,HF,1,1,1,0.6694,0.21939
ALNINC_HF_1_2,39.795,27.853,ALNINC,HF,1,1,2,0.691,0.17649
ALNINC_HF_1_1,31.85,26.218,ALNINC,HF,16,1,1,0.47162,0.17163
ALNINC_HF_1_2,35.048,28.644,ALNINC,HF,16,1,2,0.57824,0.19975
ALNINC_HF_2_1,29.297,24.133,ALNINC,HF,1,2,1,0.495,0.15278
ALNINC_HF_2_2,34.812,26.978,ALNINC,HF,1,2,2,0.605,0.24706
ALNINC_HF_5_1,30.533,24.156,ALNINC,HF,6,5,1,0.5556,0.17002
ALNINC_HF_5_2,43.854,27.902,ALNINC,HF,6,5,2,0.7589,0.24713
ALNINC_HF_8_1,40.19,29.552,ALNINC,HF,12,8,1,0.6394,0.23004
ALNINC_HF_8_2,52.182,32.84,ALNINC,HF,12,8,2,0.8421,0.27872
ALNINC_HF_9_1,34.468,26.362,ALNINC,HF,2,9,1,0.569,0.16993
ALNINC_HF_9_2,46.024,30.762,ALNINC,HF,2,9,2,0.719,0.22594
ALNINC_HF_9_1,42.627,29.6,ALNINC,HF,6,9,1,0.6383,0.20782
ALNINC_HF_9_2,48.627,30.331,ALNINC,HF,6,9,2,0.812,0.27264
ALNINC_HF_9_2,27.972,22.82,ALNINC,HF,9,9,2,0.48234,0.15289
BETALL_GR_12_1,40.542,35.051,BETALL,GR,1,12,1,0.6936,0.19861
BETALL_GR_12_2,58.776,42.713,BETALL,GR,1,12,2,0.974,0.27408
BETALL_GR_12_1,21.959,25.255,BETALL,GR,3,12,1,0.3617,0.10749
BETALL_GR_12_2,23.969,26.973,BETALL,GR,3,12,2,0.39191,0.11749
BETALL_GR_13_1,29.404,28.713,BETALL,GR,1,13,1,0.505,0.15117
BETALL_GR_13_2,35.879,35.309,BETALL,GR,1,13,2,0.6113,0.19487
BETALL_GR_13_1,31.955,32.773,BETALL,GR,2,13,1,0.446,0.11326
BETALL_GR_13_2,47.392,41.851,BETALL,GR,2,13,2,0.74093,0.19403
BETALL_GR_13_1,12.548,19.918,BETALL,GR,15,13,1,0.22476,0.08439
BETALL_GR_13_2,14.143,20.664,BETALL,GR,15,13,2,0.22149,0.09134
BETALL_GR_14_1,16.42,22.096,BETALL,GR,15,14,1,0.23355,0.08812
BETALL_GR_14_2,29.567,30.618,BETALL,GR,15,14,2,0.47,0.17559
BETALL_GR_14_1,23.328,29.169,BETALL,GR,16,14,1,0.30863,0.1073
BETALL_GR_14_2,12.756,21.106,BETALL,GR,16,14,2,0.1852,0.06546
BETALL_SH_2_2,32.842,35.544,BETALL,SH,6,2,2,0.459,0.13841
BETALL_SH_2_1,41.799,39.354,BETALL,SH,6,2,1,0.7048,0.21348
BETALL_SH_4_1,34.322,34.476,BETALL,SH,3,4,1,0.544,0.142338
BETALL_SH_4_2,38.511,37.485,BETALL,SH,3,4,2,0.605,0.15511
BETALL_SH_4A_1,22.264,29.367,BETALL,SH,9,4A,1,0.3162,0.0855
BETALL_SH_4A_2,19.252,25.242,BETALL,SH,9,4A,2,0.32764,0.08891
BETALL_SH_4B_1,9.782,17.268,BETALL,SH,9,4B,1,0.1556,0.05055
BETALL_SH_4B_2,13.328,20.056,BETALL,SH,9,4B,2,0.189,0.06213
BETALL_SH_5_1,29.533,38.15,BETALL,SH,6,5,1,0.5175,0.15295
BETALL_SH_5_2,19.407,31.175,BETALL,SH,6,5,2,0.3402,0.10874
BETALL_SH_5_1,42.015,41.834,BETALL,SH,9,5,1,0.6216,0.15611
BETALL_SH_5_2,43.639,43.848,BETALL,SH,9,5,2,0.643,0.16045
BETALL_SH_7_1,30.016,35.312,BETALL,SH,16,7,1,0.46877,0.15368
BETALL_SH_7_2,42.921,42.163,BETALL,SH,16,7,2,0.66906,0.20324
BETALL_SH_9_1,36.92,38.212,BETALL,SH,6,9,1,0.5164,0.16035
BETALL_SH_9_2,32.876,32.41,BETALL,SH,6,9,2,0.502,0.15766
BETALL_SH_9_1,21.515,25.706,BETALL,SH,9,9,1,0.347,0.11339
BETALL_SH_9_2,20.622,25.419,BETALL,SH,9,9,2,0.3485,0.11249
BETALL_WM_8_1,24.744,31.253,BETALL,WM,1,8,1,0.379,0.09522
BETALL_WM_8_2,29.975,35.589,BETALL,WM,1,8,2,0.46626,0.11946
BETALL_WM_8A_1,27.264,33.339,BETALL,WM,5,8A,1,0.348,0.11971
BETALL_WM_8A_2,25.122,31.23,BETALL,WM,5,8A,2,0.419,0.10001
BETALL_WM_8A_1,24.985,34.105,BETALL,WM,12,8A,1,0.39378,0.14387
BETALL_WM_8A_2,24.944,34.574,BETALL,WM,12,8A,2,0.385,0.13713
BETALL_WM_8B_1,53.177,47.067,BETALL,WM,5,8B,1,0.793,0.2407
BETALL_WM_8B_2,58.534,55.71,BETALL,WM,5,8B,2,0.902,0.2727
BETALL_WM_8B_1,28.176,30.843,BETALL,WM,12,8B,1,0.4528,0.13971
BETALL_WM_8B_2,23.883,30.76,BETALL,WM,12,8B,2,0.38067,0.12268
BETALL_WM_9_1,14.165,21.151,BETALL,WM,5,9,1,0.197,0.05702
BETALL_WM_9_2,21.523,24.64,BETALL,WM,5,9,2,0.325,0.09139
BETALL_WM_9_1,18.437,26.666,BETALL,WM,9,9,1,NA,NA
BETALL_WM_9_2,22.231,32.075,BETALL,WM,9,9,2,NA,NA
BETPAP_GR_5_1,35.373,31.904,BETPAP,GR,1,5,1,0.553,0.1653
BETPAP_GR_5_2,34.333,30.187,BETPAP,GR,1,5,2,0.5259,0.16246
BETPAP_GR_5A_1,20.759,22.576,BETPAP,GR,2,5A,1,0.31221,0.08392
BETPAP_GR_5A_2,33.214,29.979,BETPAP,GR,2,5A,2,0.5765,0.16682
ALNINC_HF_9_1,27.5,22.627,ALNINC,HF,9,9,1,0.45304,0.14657
ALNINC_HF_9_1,40.939,28.6,ALNINC,HF,15,9,1,0.6972,0.23895
ALNINC_HF_9_2,43.917,29.877,ALNINC,HF,15,9,2,0.7152,0.23095
ALNINC_SH_1_1,48.654,34.546,ALNINC,SH,1,1,1,0.7244,0.24129
ALNINC_SH_1_2,56.086,35.67,ALNINC,SH,1,1,2,0.862,0.29039
ALNINC_SH_1_1,54.379,34.921,ALNINC,SH,12,1,1,0.77614,0.21785
ALNINC_SH_1_2,42.543,30.001,ALNINC,SH,12,1,2,0.6572,0.19366
ALNINC_SH_3_1,36.547,31.204,ALNINC,SH,16,3,1,0.57054,0.19806
ALNINC_SH_3_2,32.666,27.997,ALNINC,SH,16,3,2,0.58545,0.21533
ALNINC_SH_4_1,38.54,27.476,ALNINC,SH,2,4,1,0.659,0.21472
ALNINC_SH_4_2,43.354,29.904,ALNINC,SH,2,4,2,NA,NA
ALNINC_SH_4_1,35.842,28.1,ALNINC,SH,15,4,1,0.5748,0.21077
ALNINC_SH_4_2,41.864,30.514,ALNINC,SH,15,4,2,0.6452,0.23976
ALNINC_SH_5_1,32.478,25.567,ALNINC,SH,2,5,1,0.5486,0.16425
ALNINC_SH_5_2,41.285,31.574,ALNINC,SH,2,5,2,0.6657,0.19253
ALNINC_SH_5_1,26.986,22.349,ALNINC,SH,3,5,1,0.4063,0.13143
ALNINC_SH_5_2,27.542,22.716,ALNINC,SH,3,5,2,0.45184,0.15172
ALNINC_SH_6_1,34.439,29.029,ALNINC,SH,5,6,1,0.588,0.21592
ALNINC_SH_6_2,30.109,25.742,ALNINC,SH,5,6,2,0.485,0.16986
ALNINC_SH_8_1,29.579,24.127,ALNINC,SH,9,8,1,0.5038,0.16231
ALNINC_SH_8_2,27.787,23.837,ALNINC,SH,9,8,2,0.4951,0.15414
ALNINC_WM_1_1,44.72,32.675,ALNINC,WM,1,1,1,0.7054,0.21475
ALNINC_WM_1_2,53.308,37.689,ALNINC,WM,1,1,2,0.833,0.21009
ALNINC_WM_2A_1,34.294,27.105,ALNINC,WM,1,2A,1,0.609,0.18411
ALNINC_WM_2A_2,55.734,34.183,ALNINC,WM,1,2A,2,0.8669,0.26217
ALNINC_WM_2B_1,36.206,28.225,ALNINC,WM,1,2B,1,0.522,0.16892
ALNINC_WM_2B_2,46.944,31.354,ALNINC,WM,1,2B,2,0.774,0.25575
ALNINC_WM_5_1,32.825,27.949,ALNINC,WM,1,5,1,0.558,0.17797
ALNINC_WM_5_2,34.133,26.83,ALNINC,WM,1,5,2,0.579,0.18917
ALNINC_WM_5A_1,27.851,23.639,ALNINC,WM,2,5A,1,0.496,0.16078
ALNINC_WM_5A_2,29.498,27.292,ALNINC,WM,2,5A,2,0.538,0.15691
ALNINC_WM_5A_1,32.104,28.709,ALNINC,WM,16,5A,1,0.52549,0.19159
ALNINC_WM_5A_2,39.128,32.974,ALNINC,WM,16,5A,2,0.63165,0.24112
ALNINC_WM_5B_1,34.031,26.888,ALNINC,WM,2,5B,1,0.581,0.19314
ALNINC_WM_5B_2,37.306,27.224,ALNINC,WM,2,5B,2,0.648,0.21287
ALNINC_WM_5B_1,25.624,24.55,ALNINC,WM,16,5B,1,0.402,0.15189
ALNINC_WM_5B_2,26.375,24.921,ALNINC,WM,16,5B,2,0.45527,0.17909
AMECAN_GR_10_1,8.931,12.708,AMECAN,GR,2,10,1,0.14118,0.04651
AMECAN_GR_10_2,16.641,18.988,AMECAN,GR,2,10,2,0.29243,0.09614
AMECAN_GR_10_1,21.105,20.758,AMECAN,GR,6,10,1,0.343,0.13888
AMECAN_GR_10_2,16.302,18.749,AMECAN,GR,6,10,2,0.2617,0.10971
AMECAN_GR_10A_1,12.901,17.971,AMECAN,GR,3,10A,1,0.17811,0.06475
AMECAN_GR_10A_2,13.42,17.638,AMECAN,GR,3,10A,2,0.21096,0.07919
AMECAN_GR_10A_1,10.668,14.649,AMECAN,GR,5,10A,1,0.144,0.05526
AMECAN_GR_10A_2,11.92,16.835,AMECAN,GR,5,10A,2,0.166,0.06239
AMECAN_GR_10B_1,9.053,12.806,AMECAN,GR,3,10B,1,0.1599,0.05396
AMECAN_GR_10B_2,10.86,14.584,AMECAN,GR,3,10B,2,0.16647,0.06005
AMECAN_GR_10B_1,30.033,24.579,AMECAN,GR,5,10B,1,0.5056,0.16881
AMECAN_GR_10B_2,24.478,22.745,AMECAN,GR,5,10B,2,0.38813,0.13479
AMECAN_SH_2_1,7.353,14.209,AMECAN,SH,6,2,1,0.0838,0.03456
AMECAN_SH_2_2,7.33,14.414,AMECAN,SH,6,2,2,0.0766,0.02948
AMECAN_SH_3_1,9.082,14.654,AMECAN,SH,15,3,1,0.13177,0.0532
AMECAN_SH_3_2,13.74,16.218,AMECAN,SH,15,3,2,0.20632,0.08
AMECAN_SH_4_1,11.538,15.148,AMECAN,SH,5,4,1,0.1761,0.0659
AMECAN_SH_4_2,8.679,13.934,AMECAN,SH,5,4,2,0.1447,0.05258
AMECAN_SH_4_1,20.782,21.33,AMECAN,SH,6,4,1,0.3401,0.12723
AMECAN_SH_4_2,20.405,20.899,AMECAN,SH,6,4,2,0.331,0.11177
AROMEL_HF_4_1,16.867,17.627,AROMEL,HF,8,4,1,0.313,0.10115
AROMEL_HF_4_2,19.099,18.903,AROMEL,HF,8,4,2,0.354,0.11027
AROMEL_HF_8A_1,13.092,16.857,AROMEL,HF,11,8A,1,0.25821,0.08533
AROMEL_HF_8A_2,21.842,21.514,AROMEL,HF,11,8A,2,0.42663,0.15762
AROMEL_HF_8B_1,4.885,10.394,AROMEL,HF,11,8B,1,0.06994,0.02763
AROMEL_HF_8B_2,3.458,8.354,AROMEL,HF,11,8B,2,0.07433,0.02615
AROMEL_HF_10_1,10.035,13.974,AROMEL,HF,8,10,1,0.1826,0.06124
AROMEL_HF_10_2,11.523,14.854,AROMEL,HF,8,10,2,0.1962,0.06227
AROMEL_HF_12_1,7.779,12.177,AROMEL,HF,11,12,1,0.14635,0.05265
AROMEL_HF_12_2,8.895,13.147,AROMEL,HF,11,12,2,0.22664,0.07684
AROMEL_HF_12_1,13.674,16.164,AROMEL,HF,14,12,1,0.2772,0.09827
AROMEL_HF_12_2,17.186,19.055,AROMEL,HF,14,12,2,0.3403,0.11771
AROMEL_HF_13_1,12.327,15.437,AROMEL,HF,14,13,1,0.26695,0.08697
AROMEL_HF_13_2,12.522,16.773,AROMEL,HF,14,13,2,0.26309,0.0882
AROMEL_WM_2_1,13.926,16.356,AROMEL,WM,4,2,1,0.22587,0.06851
AROMEL_WM_2_2,14.227,16.313,AROMEL,WM,4,2,2,0.254,0.07688
AROMEL_WM_2_1,8.138,12.561,AROMEL,WM,14,2,1,0.1415,0.0511
AROMEL_WM_2_2,8.365,12.807,AROMEL,WM,14,2,2,0.13987,0.05093
AROMEL_WM_5_1,6.84,11.361,AROMEL,WM,4,5,1,0.10368,0.03608
AROMEL_WM_5_2,9.686,14.42,AROMEL,WM,4,5,2,0.15344,0.05111
AROMEL_WM_5_1,6.557,11.578,AROMEL,WM,11,5,1,0.1028,0.04014
AROMEL_WM_5_2,10.382,15.133,AROMEL,WM,11,5,2,0.15287,0.05247
AROMEL_WM_7_1,6.165,10.74,AROMEL,WM,8,7,1,0.115,0.04289
AROMEL_WM_7_2,16.668,17.32,AROMEL,WM,8,7,2,0.272,0.08542
AROMEL_WM_15_1,8.582,12.509,AROMEL,WM,4,15,1,0.13757,0.04087
AROMEL_WM_15_2,8.913,12.775,AROMEL,WM,4,15,2,0.13673,0.03915
BETALL_GR_1_1,25.162,28.915,BETALL,GR,3,1,1,0.396,0.11303
BETALL_GR_1_2,35.527,32.429,BETALL,GR,3,1,2,0.5562,0.16241
BETALL_GR_9_1,24.616,27.847,BETALL,GR,3,9,1,0.39,0.10752
BETALL_GR_9_2,31.249,33.004,BETALL,GR,3,9,2,0.48044,0.13123
BETPAP_GR_5B_1,9.811,18.916,BETPAP,GR,2,5B,1,0.1764,0.04988
BETPAP_GR_5B_2,16.427,21.51,BETPAP,GR,2,5B,2,0.343,0.10205
BETPAP_GR_8_1,13.241,16.947,BETPAP,GR,3,8,1,0.21813,0.07035
BETPAP_GR_8_2,16.933,21.479,BETPAP,GR,3,8,2,0.27305,0.08869
BETPAP_GR_8_1,12.518,20.955,BETPAP,GR,5,8,1,0.177,0.04965
BETPAP_GR_8_2,33.598,34.039,BETPAP,GR,5,8,2,0.44,0.14504
BETPAP_GR_8_1,18.414,23.319,BETPAP,GR,6,8,1,0.2638,0.09462
BETPAP_GR_8_2,15.402,19.462,BETPAP,GR,6,8,2,0.221,0.07578
BETPAP_GR_8_1,18.924,23.407,BETPAP,GR,12,8,1,0.3024,0.11134
BETPAP_GR_8_2,24.922,28.502,BETPAP,GR,12,8,2,0.42201,0.12713
BETPAP_GR_9_1,55.928,35.202,BETPAP,GR,9,9,1,0.9147,0.28326
BETPAP_GR_9_2,51.924,35.934,BETPAP,GR,9,9,2,0.9111,0.28649
BETPAP_HF_16_1,86.626,48.278,BETPAP,HF,2,16,1,1.51,0.38027
BETPAP_HF_16_2,95.456,47.546,BETPAP,HF,2,16,2,1.96,0.50056
BETPAP_HF_16_1,40.646,32.74,BETPAP,HF,3,16,1,0.688,0.16836
BETPAP_HF_16_2,52.955,36.651,BETPAP,HF,3,16,2,0.7998,0.18905
BETPAP_HF_16_1,63.019,39.427,BETPAP,HF,5,16,1,1.083,0.3449
BETPAP_HF_16_2,65.08,42.019,BETPAP,HF,5,16,2,1.135,0.36325
BETPAP_HF_16_1,10.343,17.691,BETPAP,HF,12,16,1,0.2016,0.07723
BETPAP_HF_16_2,39.591,32.92,BETPAP,HF,12,16,2,0.72062,0.25599
BETPAP_HF_16A_1,50.001,35.987,BETPAP,HF,6,16A,1,0.8852,0.28189
BETPAP_HF_16A_2,48.521,35.389,BETPAP,HF,6,16A,2,0.852,0.28216
BETPAP_HF_16B_1,32.098,31.164,BETPAP,HF,6,16B,1,0.4835,0.14576
BETPAP_HF_16B_2,52.524,38.645,BETPAP,HF,6,16B,2,0.8137,0.24608
BETPAP_SH_1B_1,46.364,37.222,BETPAP,SH,1,1B,1,0.802,0.20055
BETPAP_SH_1B_2,66.527,43.797,BETPAP,SH,1,1B,2,1.383,0.36787
BETPAP_SH_1A_1,37.068,27.806,BETPAP,SH,1,1A,1,0.72823,0.17187
BETPAP_SH_1A_2,49.537,33.945,BETPAP,SH,1,1A,2,0.903,0.22415
BETPOP_GR_3_1,24.875,28.13,BETPOP,GR,6,3,1,0.384,0.12877
BETPOP_GR_3_2,28.279,34.385,BETPOP,GR,6,3,2,0.4347,0.14662
BETPOP_GR_3_1,23.949,28.009,BETPOP,GR,16,3,1,0.34847,0.12455
BETPOP_GR_3_2,24.277,27.716,BETPOP,GR,16,3,2,0.3119,0.11626
BETPOP_GR_5_1,26.2,27.549,BETPOP,GR,1,5,1,0.4267,0.12425
BETPOP_GR_5_2,28.34,27.255,BETPOP,GR,1,5,2,0.495,0.13735
BETPOP_GR_5_1,23.615,29.569,BETPOP,GR,6,5,1,0.3888,0.13564
BETPOP_GR_5_2,22.529,29.636,BETPOP,GR,6,5,2,0.3648,0.12533
BETPOP_GR_5A_1,21.155,23.852,BETPOP,GR,3,5A,1,0.3815,0.12165
BETPOP_GR_5A_2,26.081,28.318,BETPOP,GR,3,5A,2,0.43759,0.12797
BETPOP_GR_5B_1,25.746,29.553,BETPOP,GR,3,5B,1,0.4317,0.12995
BETPOP_GR_5B_2,27.189,28.849,BETPOP,GR,3,5B,2,0.4357,0.12299
BETPOP_GR_5B_1,26.34,29.497,BETPOP,GR,12,5B,1,0.38387,0.10882
BETPOP_GR_5B_2,39.59,33.029,BETPOP,GR,12,5B,2,0.56845,0.16781
BETPOP_GR_5C_1,12.107,18.433,BETPOP,GR,12,5C,1,0.1832,0.05764
BETPOP_GR_5C_2,23.488,25.106,BETPOP,GR,12,5C,2,0.37814,0.10647
BETPOP_GR_A_1,17.394,24.863,BETPOP,GR,12,A,1,0.25791,0.0787
BETPOP_GR_A_2,30.23,29.775,BETPOP,GR,12,A,2,0.51287,0.017796
BETPOP_HF_1_1,19.739,26.335,BETPOP,HF,2,1,1,0.29934,0.08579
BETPOP_HF_1_2,21.472,27.124,BETPOP,HF,2,1,2,0.33485,0.09708
BETPOP_HF_1_1,16.081,22.207,BETPOP,HF,3,1,1,0.2701,0.07787
BETPOP_HF_1_2,17.129,23.13,BETPOP,HF,3,1,2,0.28236,0.08473
BETPOP_HF_3_1,15.022,23.206,BETPOP,HF,1,3,1,0.23797,0.07626
BETPOP_HF_3_2,19.937,27.923,BETPOP,HF,1,3,2,0.31442,0.10392
BETPOP_HF_3A_1,15.628,22.577,BETPOP,HF,6,3A,1,0.2169,0.07708
BETPOP_HF_3A_2,33.887,34.01,BETPOP,HF,6,3A,2,0.4334,0.12815
BETPOP_HF_3B_1,24.369,28.89,BETPOP,HF,6,3B,1,0.431,0.15968
BETPOP_HF_3B_2,24.434,30.746,BETPOP,HF,6,3B,2,0.43,0.15803
BETPOP_HF_4_1,12.472,20.479,BETPOP,HF,9,4,1,0.21459,0.0733
BETPOP_HF_4_2,14.565,23.182,BETPOP,HF,9,4,2,0.25753,0.08797
BETPOP_HF_5_1,17.493,23.51,BETPOP,HF,2,5,1,0.27008,0.07736
BETPOP_HF_5_2,17.585,26.363,BETPOP,HF,2,5,2,0.29983,0.08617
BETPOP_HF_5_1,21.969,27.16,BETPOP,HF,6,5,1,0.3617,0.11919
BETPOP_HF_5_2,24.446,26.154,BETPOP,HF,6,5,2,0.4837,0.16157
BETPOP_WM_7_1,19.219,27.165,BETPOP,WM,1,7,1,0.27157,0.07347
BETPOP_WM_7_2,20.927,28.445,BETPOP,WM,1,7,2,0.33934,0.09729
BETPOP_WM_7_1,25.672,28.299,BETPOP,WM,2,7,1,0.378,0.09918
BETPOP_WM_7_2,26.556,29.264,BETPOP,WM,2,7,2,0.42394,0.11793
BETPOP_WM_7_1,26.908,30.051,BETPOP,WM,3,7,1,0.43636,0.13012
BETPOP_WM_7_2,30.994,35.365,BETPOP,WM,3,7,2,0.4295,0.12167
BETPOP_WM_7_1,21.425,28.489,BETPOP,WM,6,7,1,0.3868,0.13753
BETPOP_WM_7_2,20.862,27.826,BETPOP,WM,6,7,2,0.32602,0.11472
BETPOP_WM_7_1,18.413,24.916,BETPOP,WM,9,7,1,0.2911,0.08594
BETPOP_WM_7_2,23.333,27.921,BETPOP,WM,9,7,2,0.3927,0.11433
BETPOP_WM_7_1,18.638,24.457,BETPOP,WM,15,7,1,0.3512,0.0972
BETPOP_WM_7_2,24.993,28.044,BETPOP,WM,15,7,2,0.40136,0.12824
BETPOP_WM_8_1,14.964,25.211,BETPOP,WM,15,8,1,0.21907,0.07912
BETPOP_WM_8_2,18.888,27.08,BETPOP,WM,15,8,2,0.3059,0.11219
BETPOP_WM_8_1,23.117,27.306,BETPOP,WM,16,8,1,0.3786,0.13852
BETPOP_WM_8_2,33.974,38.872,BETPOP,WM,16,8,2,0.5206,0.18272
BETPOP_WM_9_1,18.069,22.261,BETPOP,WM,15,9,1,0.301,0.10725
BETPOP_WM_9_2,22.486,25.807,BETPOP,WM,15,9,2,0.35572,0.11244
DIELON_GR_2_1,21.06,25.144,DIELON,GR,14,2,1,0.26414,0.08787
DIELON_GR_2_2,37.572,34.61,DIELON,GR,14,2,2,0.50972,0.15916
DIELON_GR_5A_1,12.029,19.641,DIELON,GR,7,5A,1,0.195,0.05863
DIELON_GR_5A_2,17.329,21.687,DIELON,GR,7,5A,2,0.2375,0.07515
DIELON_GR_5B_1,35.203,31.558,DIELON,GR,7,5B,1,0.5168,0.15483
DIELON_GR_5B_2,33.527,30.648,DIELON,GR,7,5B,2,0.518,0.15245
DIELON_GR_5C_1,28.998,27.326,DIELON,GR,7,5C,1,0.4114,0.10462
DIELON_GR_5C_2,45.259,32.473,DIELON,GR,7,5C,2,0.56203,0.17867
DIELON_GR_6_1,14.665,20.892,DIELON,GR,14,6,1,0.25315,0.08821
DIELON_GR_6_2,17.496,21.938,DIELON,GR,14,6,2,0.25254,0.08938
DIELON_GR_8_1,12.065,19.788,DIELON,GR,13,8,1,0.197,0.07191
DIELON_GR_8_2,16.705,24.398,DIELON,GR,13,8,2,0.2703,0.09147
DIELON_HF_1_1,4.532,10.186,DIELON,HF,10,1,1,0.05389,0.02088
DIELON_HF_1_2,9.736,14.768,DIELON,HF,10,1,2,0.12278,0.04753
DIELON_HF_1A_1,30.936,27.623,DIELON,HF,7,1A,1,0.496,0.159
DIELON_HF_1A_2,34.721,28.739,DIELON,HF,7,1A,2,0.447,0.14277
DIELON_HF_1B_1,21.605,22.282,DIELON,HF,7,1B,1,0.32381,0.11004
DIELON_HF_1B_2,29.677,26.431,DIELON,HF,7,1B,2,0.4425,0.14535
DIELON_HF_2_1,17.72,23.908,DIELON,HF,7,2,1,0.29589,0.10596
DIELON_HF_2_2,29.868,27.679,DIELON,HF,7,2,2,0.502,0.15851
DIELON_HF_2A_1,4.928,10.914,DIELON,HF,13,2A,1,0.05725,0.02029
DIELON_HF_2A_2,17.927,20.934,DIELON,HF,13,2A,2,0.2663,0.072
DIELON_HF_2B_1,20.735,20.853,DIELON,HF,13,2B,1,0.298,0.09574
DIELON_HF_2B_2,36.236,28.646,DIELON,HF,13,2B,2,0.51541,0.15275
DIELON_HF_2C_1,20.287,22.194,DIELON,HF,13,2C,1,0.27053,0.09252
DIELON_HF_2C_2,36.552,28.701,DIELON,HF,13,2C,2,0.4458,0.14265
DIELON_HF_3_1,24.193,25.434,DIELON,HF,7,3,1,0.325,0.09285
DIELON_HF_3_2,50.405,36.521,DIELON,HF,7,3,2,0.834,0.22669
DIELON_HF_4_1,20.994,20.268,DIELON,HF,7,4,1,0.3767,0.11686
DIELON_HF_4_2,23.867,23.388,DIELON,HF,7,4,2,0.461,0.15852
DIELON_SH_2A_1,20.504,22.824,DIELON,SH,13,2A,1,0.22884,0.07075
DIELON_SH_2A_2,26.543,26.832,DIELON,SH,13,2A,2,0.3352,0.09536
DIELON_SH_2B_1,20.46,23.09,DIELON,SH,13,2B,1,0.25589,0.07249
DIELON_SH_2B_2,39.337,31.593,DIELON,SH,13,2B,2,0.5887,0.17904
DIELON_SH_4_1,25.233,26.249,DIELON,SH,7,4,1,0.40962,0.12684
DIELON_SH_4_2,40.53,32.023,DIELON,SH,7,4,2,0.621,0.16906
DIELON_SH_4_1,17.58,22.152,DIELON,SH,13,4,1,0.27908,0.09363
DIELON_SH_4_2,16.875,21.334,DIELON,SH,13,4,2,0.21009,0.07962
DIELON_SH_4_1,3.141,9.239,DIELON,SH,14,4,1,0.05489,0.02093
DIELON_SH_4_2,4.489,10.302,DIELON,SH,14,4,2,0.06453,0.02639
DIELON_SH_4A_1,4.599,10.984,DIELON,SH,10,4A,1,0.06525,0.02752
DIELON_SH_4A_2,16.229,22.479,DIELON,SH,10,4A,2,0.27443,0.09841
DIELON_WM_1A_1,20.864,24.022,DIELON,WM,13,1A,1,0.2537,0.07767
DIELON_WM_1A_2,31.567,30.078,DIELON,WM,13,1A,2,0.4118,0.12288
DIELON_WM_1B_1,19.306,22.686,DIELON,WM,13,1B,1,0.258,0.09054
DIELON_WM_1B_2,22.838,25.241,DIELON,WM,13,1B,2,0.3388,0.11568
DIELON_WM_1C_1,23.455,25.359,DIELON,WM,13,1C,1,0.31412,0.09452
DIELON_WM_1C_2,19.979,22.804,DIELON,WM,13,1C,2,0.26987,0.08063
DIELON_WM_1,22.31,26.396,DIELON,WM,7,1,1,0.3437,0.11134
DIELON_WM_2,24.058,28.107,DIELON,WM,7,2,2,0.3557,0.11206
MYRGAL_GR_8A_1,5.263,11.489,MYRGAL,GR,4,8A,1,0.0819,0.02098
MYRGAL_GR_8A_2,5.672,11.85,MYRGAL,GR,4,8A,2,0.0846,0.02264
MYRGAL_GR_8B_1,4.759,11.103,MYRGAL,GR,4,8B,1,0.06458,0.01731
MYRGAL_GR_8B_2,4.877,11.345,MYRGAL,GR,4,8B,2,0.06677,0.01729
MYRGAL_GR_8C_1,3.585,9.65,MYRGAL,GR,4,8C,1,0.05457,0.01539
MYRGAL_GR_8C_2,6.268,13.281,MYRGAL,GR,4,8C,2,0.09449,0.02443
MYRGAL_GR_8D_1,3.512,9.352,MYRGAL,GR,4,8D,1,0.06271,0.01793
MYRGAL_GR_8D_2,6.05,11.997,MYRGAL,GR,4,8D,2,0.0843,0.02658
MYRGAL_SH_1_1,2.768,8.458,MYRGAL,SH,8,1,1,0.046,0.01438
MYRGAL_SH_1_2,3.304,9.097,MYRGAL,SH,8,1,2,0.0535,0.01433
MYRGAL_SH_1A_1,3.652,9.705,MYRGAL,SH,4,1A,1,0.06413,0.01871
MYRGAL_SH_1A_2,3.894,9.955,MYRGAL,SH,4,1A,2,0.06117,0.01803
MYRGAL_SH_1B_1,3.649,9.614,MYRGAL,SH,4,1B,1,0.0581,0.01795
MYRGAL_SH_1B_2,4.128,9.791,MYRGAL,SH,4,1B,2,0.0655,0.01835
MYRGAL_SH_2_1,3.729,9.248,MYRGAL,SH,8,2,1,0.0527,0.01521
MYRGAL_SH_2_2,3.029,8.893,MYRGAL,SH,8,2,2,0.0421,0.01225
MYRGAL_SH_2A_1,4.545,11.033,MYRGAL,SH,4,2A,1,0.0731,0.02141
MYRGAL_SH_2A_2,4.391,10.773,MYRGAL,SH,4,2A,2,0.06264,0.01643
MYRGAL_SH_2B_1,2.132,7.832,MYRGAL,SH,4,2B,1,0.03298,0.00901
MYRGAL_SH_2B_2,2.559,8.301,MYRGAL,SH,4,2B,2,0.03744,0.01048
MYRGAL_SH_99_1,2.931,8.351,MYRGAL,SH,14,99,1,0.04546,0.01552
MYRGAL_SH_99_2,3.162,8.452,MYRGAL,SH,14,99,2,0.05058,0.01692
MYRGAL_WM_6_1,3.551,9.296,MYRGAL,WM,14,6,1,0.04776,0.01761
MYRGAL_WM_6_2,4.775,10.819,MYRGAL,WM,14,6,2,0.06831,0.02558
MYRGAL_WM_6A_1,3.912,9.346,MYRGAL,WM,4,6A,1,0.0598,0.01789
MYRGAL_WM_6A_2,5.717,11.369,MYRGAL,WM,4,6A,2,0.0789,0.02164
MYRGAL_WM_6A_1,4.802,10.97,MYRGAL,WM,8,6A,1,0.0714,0.02059
MYRGAL_WM_6A_2,4.483,10.76,MYRGAL,WM,8,6A,2,0.06734,0.01933
MYRGAL_WM_6A_1,4.07,9.381,MYRGAL,WM,11,6A,1,0.06009,0.0185
MYRGAL_WM_6A_2,6.886,12.226,MYRGAL,WM,11,6A,2,0.10812,0.03704
MYRGAL_WM_6B_1,2.605,7.664,MYRGAL,WM,4,6B,1,0.03253,0.01153
MYRGAL_WM_6B_2,3.399,8.696,MYRGAL,WM,4,6B,2,0.05025,0.01417
MYRGAL_WM_6B_1,6.88,12.611,MYRGAL,WM,8,6B,1,0.1075,0.02811
MYRGAL_WM_6B_2,5.18,11.233,MYRGAL,WM,8,6B,2,0.0779,0.02226
MYRGAL_WM_6B_1,2.376,8.111,MYRGAL,WM,11,6B,1,0.04483,0.01221
MYRGAL_WM_6B_2,2.609,7.877,MYRGAL,WM,11,6B,2,0.04734,0.01375
SAMRAC_GR_7B_1,83.023,107.971,SAMRAC,GR,7,7B,1,1.572,0.3669
SAMRAC_GR_7B_2,119.056,125.304,SAMRAC,GR,7,7B,2,2.08,0.45305
SAMRAC_GR_8_1,122.375,123.727,SAMRAC,GR,13,8,1,2.578,0.5645
SAMRAC_GR_8_2,120.799,100.732,SAMRAC,GR,13,8,2,2.23,0.45272
SAMRAC_GR_9_1,132.079,134.337,SAMRAC,GR,7,9,1,2.77,0.74761
SAMRAC_GR_9_2,148.171,127.707,SAMRAC,GR,7,9,2,1.92,0.59269
SAMRAC_HF_A_1,209.507,246.619,SAMRAC,HF,10,A,1,3.509,0.65012
SAMRAC_HF_A_2,204.568,198.688,SAMRAC,HF,10,A,2,2.846,0.55066
SAMRAC_HF_A_1,198.535,210.97,SAMRAC,HF,13,A,1,2.99,0.70438
SAMRAC_HF_A_2,211.501,198.932,SAMRAC,HF,13,A,2,2.907,0.73586
SAMRAC_HF_B_1,176.585,193.084,SAMRAC,HF,10,B,1,2.751,0.6001
SAMRAC_HF_B_2,177.854,211.211,SAMRAC,HF,10,B,2,3.5142,0.79107
SAMRAC_HF_B_1,215.635,191.339,SAMRAC,HF,13,B,1,3.95,0.95244
SAMRAC_HF_B_2,153.744,160.757,SAMRAC,HF,13,B,2,3.13199,0.6896
SAMRAC_HF_C_1,152.978,147.807,SAMRAC,HF,13,C,1,3.01,0.67487
SAMRAC_HF_C_2,192.549,177.767,SAMRAC,HF,13,C,2,3.068,0.69494
SAMRAC_HF_D_1,252.027,215.75,SAMRAC,HF,13,D,1,4.53,0.92491
SAMRAC_HF_D_2,96.798,94.274,SAMRAC,HF,13,D,2,2.0505,0.44506
SORAME_GR_9A_1,84.984,195.968,SORAME,GR,7,9A,1,0.949,0.30844
SORAME_GR_9A_2,46.403,120.536,SORAME,GR,7,9A,2,0.529,0.16433
SORAME_GR_9B_1,55.495,159.917,SORAME,GR,7,9B,1,0.716,0.23891
SORAME_GR_9B_2,53.019,113.003,SORAME,GR,7,9B,2,0.6372,0.20846
SORAME_GR_9B_1,59.865,170.292,SORAME,GR,10,9B,1,0.99742,0.35616
SORAME_GR_9B_2,25.153,94.233,SORAME,GR,10,9B,2,0.409,0.12377
SORAME_GR_9C_1,13.078,33.277,SORAME,GR,7,9C,1,0.25275,0.0761
SORAME_GR_9C_2,49.799,130.397,SORAME,GR,7,9C,2,0.656,0.2123
SORAME_GR_9D_1,54.997,160.767,SORAME,GR,7,9D,1,0.814,0.26719
SORAME_GR_9D_2,34.403,107.825,SORAME,GR,7,9D,2,0.461,0.14169
SORAME_SH_1A_1,64.626,168.394,SORAME,SH,13,1A,1,0.954,0.33276
SORAME_SH_1A_2,46.425,148.207,SORAME,SH,13,1A,2,0.6338,0.22325
SORAME_SH_1B_1,104.49,211.38,SORAME,SH,13,1B,1,1.4578,0.50833
SORAME_SH_1B_2,72.259,271.639,SORAME,SH,13,1B,2,1.09,0.39215
SORAME_SH_3_1,24.5,63.92,SORAME,SH,13,3,1,0.346,0.10012
SORAME_SH_3_2,49.497,139.62,SORAME,SH,13,3,2,0.6485,0.20394
SORAME_SH_3_1,25.488,81.667,SORAME,SH,14,3,1,0.32839,0.12214
SORAME_SH_3_2,25.771,78.206,SORAME,SH,14,3,2,0.33277,0.12737
SORAME_SH_3_1,97.069,189.352,SORAME,SH,7,3,1,1.537,0.54727
SORAME_SH_3_2,90.028,206.794,SORAME,SH,7,3,2,0.9856,0.34809
SORAME_SH_3A_1,36.232,108.383,SORAME,SH,10,3A,1,0.4868,0.16825
SORAME_SH_3A_2,33.823,110.617,SORAME,SH,10,3A,2,0.41151,0.14049
SORAME_SH_3B_1,58.933,194.97,SORAME,SH,10,3B,1,0.7091,0.25124
SORAME_SH_3B_2,57.483,163.559,SORAME,SH,10,3B,2,0.7932,0.29086
SPIALB_GR_3_1,6.345,13.871,SPIALB,GR,4,3,1,0.06023,0.01622
SPIALB_GR_3_2,7.248,13.757,SPIALB,GR,4,3,2,0.06147,0.01574
SPIALB_GR_3_1,6.993,13.72,SPIALB,GR,8,3,1,0.0718,0.02102
SPIALB_GR_3_2,6.214,12.98,SPIALB,GR,8,3,2,0.0646,0.01628
SPIALB_GR_5_1,6.298,13.519,SPIALB,GR,8,5,1,0.0654,0.0252
SPIALB_GR_5_2,6.435,13.947,SPIALB,GR,8,5,2,0.0693,0.02291
SPIALB_GR_7_1,6.973,13.499,SPIALB,GR,4,7,1,0.06463,0.02121
SPIALB_GR_7_2,10.334,16.433,SPIALB,GR,4,7,2,0.09979,0.03195
SPIALB_GR_9_1,5.516,11.536,SPIALB,GR,8,9,1,0.0547,0.01571
SPIALB_GR_9_2,7.194,13.598,SPIALB,GR,8,9,2,0.076,0.02883
SPIALB_GR_12_1,3.581,9.046,SPIALB,GR,4,12,1,0.03162,0.01114
SPIALB_GR_12_2,5.744,12.008,SPIALB,GR,4,12,2,0.0602,0.01711
SPIALB_GR_12A_1,6.464,11.975,SPIALB,GR,8,12A,1,0.0647,0.02081
SPIALB_GR_12A_2,6.444,11.838,SPIALB,GR,8,12A,2,0.0703,0.02006
SPIALB_GR_12B_1,7.312,13.012,SPIALB,GR,8,12B,1,0.0697,0.02265
SPIALB_GR_12B_2,5.749,12.139,SPIALB,GR,8,12B,2,0.0544,0.01715
SPIALB_HF_1_1,8.727,14.909,SPIALB,HF,4,1,1,0.08915,0.02561
SPIALB_HF_1_2,8.965,14.942,SPIALB,HF,4,1,2,0.08366,0.02312
SPIALB_HF_2_1,4.949,10.671,SPIALB,HF,8,2,1,0.0556,0.02289
SPIALB_HF_2_2,7.862,14.334,SPIALB,HF,8,2,2,0.0764,0.02353
SPIALB_HF_3_1,5.931,14.173,SPIALB,HF,8,3,1,0.06994,0.01884
SPIALB_HF_3_2,7.466,15.154,SPIALB,HF,8,3,2,0.08457,0.02215
SPIALB_HF_4_1,2.892,8.173,SPIALB,HF,4,4,1,0.02828,0.01084
SPIALB_HF_4_2,5.534,12.655,SPIALB,HF,4,4,2,0.05246,0.01366
SPIALB_HF_4A_1,5.405,13.05,SPIALB,HF,11,4A,1,0.06447,0.01912
SPIALB_HF_4A_2,7.801,15.897,SPIALB,HF,11,4A,2,0.098,0.03076
SPIALB_HF_4B_1,3.178,9.508,SPIALB,HF,11,4B,1,0.03207,0.01422
SPIALB_HF_4B_2,3.961,11.301,SPIALB,HF,11,4B,2,0.04888,0.01596
SPIALB_HF_8_1,8.378,15.345,SPIALB,HF,4,8,1,0.08407,0.02776
SPIALB_HF_8_2,9.485,16.172,SPIALB,HF,4,8,2,0.10272,0.03475
SPIALB_HF_10_1,4.604,11.977,SPIALB,HF,11,10,1,0.04401,0.01502
SPIALB_HF_10_2,6.252,13.447,SPIALB,HF,11,10,2,0.0552,0.01703
SPIALB_SH_1_1,7.163,13.597,SPIALB,SH,4,1,1,0.07829,0.02394
SPIALB_SH_1_2,7.163,13.632,SPIALB,SH,4,1,2,0.07408,0.02131
SPIALB_SH_4A_1,7.22,12.957,SPIALB,SH,4,4A,1,0.06503,0.0215
SPIALB_SH_4A_2,8.152,13.744,SPIALB,SH,4,4A,2,0.07795,0.02574
SPIALB_SH_4B_1,4.25,11.485,SPIALB,SH,4,4B,1,0.04434,0.01359
SPIALB_SH_4B_2,4.296,12.134,SPIALB,SH,4,4B,2,0.04598,0.01449
SPIALB_SH_7_1,9.002,15.91,SPIALB,SH,4,7,1,0.08667,0.02379
SPIALB_SH_7_2,9.826,16.659,SPIALB,SH,4,7,2,0.0952,0.02763
SPIALB_SH_7A_1,7.271,15.624,SPIALB,SH,8,7A,1,0.0808,0.02061
SPIALB_SH_7A_2,8.496,16.852,SPIALB,SH,8,7A,2,0.0957,0.02679
SPIALB_SH_7B_1,5.484,12.304,SPIALB,SH,8,7B,1,0.0589,0.02106
SPIALB_SH_7B_2,5.57,12.689,SPIALB,SH,8,7B,2,0.06,0.02092
SPIALB_SH_8_1,6.218,15.282,SPIALB,SH,4,8,1,0.0605,0.01644
SPIALB_SH_8_2,7.006,16.772,SPIALB,SH,4,8,2,0.07204,0.01969
SPIALB_SH_9A_1,6.162,14.124,SPIALB,SH,4,9A,1,0.0584,0.01484
SPIALB_SH_9A_2,7.131,15.371,SPIALB,SH,4,9A,2,0.0706,0.01939
SPIALB_SH_9B_1,4.872,10.875,SPIALB,SH,4,9B,1,0.0544,0.01805
SPIALB_SH_9B_2,7.621,14.732,SPIALB,SH,4,9B,2,0.07661,0.02067
SPIALB_WM_2A_1,6.818,14.234,SPIALB,WM,4,2A,1,0.06396,0.01487
SPIALB_WM_2A_2,8.036,13.963,SPIALB,WM,4,2A,2,0.08518,0.0255
SPIALB_WM_2A_1,3.28,8.779,SPIALB,WM,11,2A,1,0.03763,0.01129
SPIALB_WM_2A_2,2.884,8.046,SPIALB,WM,11,2A,2,0.03291,0.01006
SPIALB_WM_2B_1,4.951,13.711,SPIALB,WM,4,2B,1,0.0474,0.01076
SPIALB_WM_2B_2,5.87,13.433,SPIALB,WM,4,2B,2,0.0535,0.01429
SPIALB_WM_4A_1,6.334,12.516,SPIALB,WM,11,4A,1,0.07777,0.02662
SPIALB_WM_4A_2,8.057,14.155,SPIALB,WM,11,4A,2,0.10082,0.03668
SPIALB_WM_4B_1,5.926,12.419,SPIALB,WM,11,4B,1,0.0737,0.02573
SPIALB_WM_4B_2,7.312,13.22,SPIALB,WM,11,4B,2,0.08185,0.02908
SPIALB_WM_4C_1,6.32,12.97,SPIALB,WM,11,4C,1,0.06927,0.02454
SPIALB_WM_4C_2,8.116,14.356,SPIALB,WM,11,4C,2,0.08925,0.03057
SPIALB_WM_5_1,6.831,14.521,SPIALB,WM,11,5,1,0.07202,0.02311
SPIALB_WM_5_2,6.682,15.249,SPIALB,WM,11,5,2,0.06627,0.02084
SPIALB_WM_7A_1,9.241,15.54,SPIALB,WM,4,7A,1,0.10165,0.02789
SPIALB_WM_7A_2,8.999,16.149,SPIALB,WM,4,7A,2,0.09583,0.02665
SPIALB_WM_7A_1,9.547,16.451,SPIALB,WM,8,7A,1,0.0976,0.02739
SPIALB_WM_7A_2,6.939,13.222,SPIALB,WM,8,7A,2,0.0609,0.01811
SPIALB_WM_7B_1,6.959,13.627,SPIALB,WM,4,7B,1,0.07523,0.02354
SPIALB_WM_7B_2,6.999,14.581,SPIALB,WM,4,7B,2,0.07431,0.02146
SPIALB_WM_7B_1,3.759,12.124,SPIALB,WM,8,7B,1,0.0406,0.0113
SPIALB_WM_7B_2,6.251,13.714,SPIALB,WM,8,7B,2,0.0733,0.02128
SPITOM_GR_1_1,4.33,9.282,SPITOM,GR,8,1,1,0.058,0.02022
SPITOM_GR_1_2,2.04,6.244,SPITOM,GR,8,1,2,0.0205,0.00799
SPITOM_GR_1A_1,3.159,8.246,SPITOM,GR,11,1A,1,0.04253,0.01635
SPITOM_GR_1A_2,8.587,13.75,SPITOM,GR,11,1A,2,0.1069,0.03671
SPITOM_GR_1B_1,4.232,9.563,SPITOM,GR,11,1B,1,0.05284,0.01843
SPITOM_GR_1B_2,3.991,9.015,SPITOM,GR,11,1B,2,0.0587,0.02078
SPITOM_GR_2B_1,1.582,5.419,SPITOM,GR,8,2B,1,0.014,0.00512
SPITOM_GR_2B_2,3.613,8.361,SPITOM,GR,8,2B,2,NA,NA
SPITOM_GR_2C_1,4.609,10.09,SPITOM,GR,8,2C,1,0.0516,0.01791
SPITOM_GR_2C_2,4.759,9.915,SPITOM,GR,8,2C,2,0.0553,0.01182
SPITOM_GR_2D_1,3.867,10.83,SPITOM,GR,8,2D,1,0.0471,0.01727
SPITOM_GR_2D_2,2.922,8.137,SPITOM,GR,8,2D,2,0.0323,0.01189
SPITOM_GR_2E_1,4.394,9.241,SPITOM,GR,8,2E,1,0.0473,0.01721
SPITOM_GR_2E_2,3.044,7.827,SPITOM,GR,8,2E,2,0.0345,0.01878
SPITOM_HF_5_1,1.441,5.109,SPITOM,HF,11,5,1,0.01624,0.00663
SPITOM_HF_5_2,1.495,5.304,SPITOM,HF,11,5,2,0.01882,0.0066
SPITOM_HF_6_1,2.403,6.82,SPITOM,HF,11,6,1,0.03083,0.01202
SPITOM_HF_6_2,4.969,10.119,SPITOM,HF,11,6,2,0.0638,0.020104
SPITOM_HF_6A_2,6.297,11.2,SPITOM,HF,8,6A,2,0.0684,0.02324
SPITOM_HF_6A_1,2.281,6.687,SPITOM,HF,8,6A,1,0.0253,0.00961
SPITOM_HF_9A_1,2.797,7.211,SPITOM,HF,8,9A,1,0.0322,0.01192
SPITOM_HF_9A_2,5.126,10.675,SPITOM,HF,8,9A,2,0.0606,0.01877
SPITOM_HF_9B_1,1.962,6.332,SPITOM,HF,8,9B,1,0.0236,0.00754
SPITOM_HF_9B_2,6.055,10.957,SPITOM,HF,8,9B,2,0.0687,0.02237
SPITOM_HF_13_1,3.957,8.727,SPITOM,HF,8,13,1,0.0408,0.01468
SPITOM_HF_13_2,3.923,8.97,SPITOM,HF,8,13,2,0.0453,0.01559
SPITOM_SH_9_1,3.951,9.077,SPITOM,SH,4,9,1,0.03517,0.01142
SPITOM_SH_9_2,5.012,10.409,SPITOM,SH,4,9,2,0.05383,0.01631
SPITOM_SH_99_1,2.492,7.098,SPITOM,SH,4,99,1,0.02452,0.00855
SPITOM_SH_99_2,2.882,7.646,SPITOM,SH,4,99,2,0.0293,0.00951
SPITOM_SH_99F_1,1.216,5.041,SPITOM,SH,11,99F,1,0.01188,0.00514
SPITOM_SH_99F_2,4.554,9.92,SPITOM,SH,11,99F,2,0.053,0.0197
SPITOM_SH_99B_1,3.062,8.341,SPITOM,SH,11,99B,1,0.03545,0.01251
SPITOM_SH_99B_2,3.87,9.297,SPITOM,SH,11,99B,2,0.05065,0.01743
SPITOM_SH_99C_1,1.156,4.72,SPITOM,SH,11,99C,1,0.01389,0.00621
SPITOM_SH_99C_2,4.119,9.513,SPITOM,SH,11,99C,2,0.05509,0.02164
SPITOM_SH_99D_2,3.747,9.07,SPITOM,SH,11,99D,2,0.04894,0.01845
SPITOM_SH_99D_1,1.332,5.382,SPITOM,SH,11,99D,1,0.01764,0.00764
SPITOM_SH_99E_1,2.959,8.54,SPITOM,SH,11,99E,1,0.3981,0.01393
SPITOM_SH_99E_2,3.811,9.137,SPITOM,SH,11,99E,2,0.04633,0.0166
SPITOM_WM_4A_1,2.149,6.291,SPITOM,WM,8,4A,1,0.0191,0.00751
SPITOM_WM_4A_2,3.523,8.277,SPITOM,WM,8,4A,2,0.0362,0.01222
SPITOM_WM_4B_1,1.738,5.726,SPITOM,WM,8,4B,1,0.0152,0.00724
SPITOM_WM_4B_2,2.397,7.087,SPITOM,WM,8,4B,2,0.0233,0.01041
SPITOM_WM_5_1,4.642,9.874,SPITOM,WM,8,5,1,0.0495,0.01604
SPITOM_WM_5_2,5.772,10.263,SPITOM,WM,8,5,2,0.0682,0.02443
SPITOM_WM_5A_1,7.221,11.828,SPITOM,WM,4,5A,1,0.11504,0.02676
SPITOM_WM_5A_2,14.031,15.526,SPITOM,WM,4,5A,2,0.1974,0.05274
SPITOM_WM_5B_1,7.105,11.902,SPITOM,WM,4,5B,1,0.07713,0.02049
SPITOM_WM_5B_2,9.041,13.972,SPITOM,WM,4,5B,2,0.08937,0.02414
SPITOM_WM_5C_1,4.996,12.42,SPITOM,WM,4,5C,1,0.05559,0.01818
SPITOM_WM_5C_2,5.648,10.349,SPITOM,WM,4,5C,2,0.06102,0.01924
SPITOM_WM_5D_1,2.008,5.809,SPITOM,WM,4,5D,1,0.01836,0.00722
SPITOM_WM_5D_2,2.956,7.182,SPITOM,WM,4,5D,2,0.03265,0.01217
SPITOM_WM_5E_1,3.198,8.055,SPITOM,WM,4,5E,1,0.03536,0.0115
SPITOM_WM_5E_2,3.572,8.467,SPITOM,WM,4,5E,2,0.04288,0.01354
VACMYR_GR_10C_1,1.465,5.563,VACMYR,GR,13,10C,1,0.02022,0.00794
VACMYR_GR_10C_2,2.438,6.93,VACMYR,GR,13,10C,2,0.03652,0.01419
VACMYR_GR_10A_1,1.749,5.881,VACMYR,GR,13,10A,1,0.02723,0.01164
VACMYR_GR_10A_2,1.823,5.86,VACMYR,GR,13,10A,2,0.02859,0.01227
VACMYR_GR_10B_1,0.814,3.677,VACMYR,GR,13,10B,1,0.01195,0.00502
VACMYR_GR_10B_2,0.751,4.002,VACMYR,GR,13,10B,2,0.00731,0.0033
VACMYR_WM_5_1,1.797,5.935,VACMYR,WM,13,5,1,0.0173,0.0082
VACMYR_WM_5_2,1.759,6.505,VACMYR,WM,13,5,2,0.02542,0.00774
VIBCAS_GR_3_1,13.381,16.617,VIBCAS,GR,14,3,1,0.2667,0.08682
VIBCAS_GR_3_2,17.036,20.147,VIBCAS,GR,14,3,2,0.32826,0.10729
VIBCAS_GR_5_1,35.668,28.168,VIBCAS,GR,8,5,1,0.757,0.22509
VIBCAS_GR_5_2,25.722,22.23,VIBCAS,GR,8,5,2,0.501,0.1525
VIBCAS_GR_9_1,34.977,26.504,VIBCAS,GR,4,9,1,0.7,0.18048
VIBCAS_GR_9_2,33.316,25.061,VIBCAS,GR,4,9,2,0.696,0.19157
VIBCAS_GR_10_1,21.863,19.227,VIBCAS,GR,4,10,1,0.37664,0.095
VIBCAS_GR_10_2,37.31,25.863,VIBCAS,GR,4,10,2,0.7121,0.20246
VIBCAS_GR_10_1,25.611,22.196,VIBCAS,GR,11,10,1,0.5741,0.19521
VIBCAS_GR_10_2,27.1,22.033,VIBCAS,GR,11,10,2,0.55911,0.19379
VIBCAS_GR_12A_1,41.91,27.705,VIBCAS,GR,4,12A,1,0.778,0.21597
VIBCAS_GR_12A_2,42.098,26.39,VIBCAS,GR,4,12A,2,0.7919,0.21669
VIBCAS_GR_12A_1,30.23,23.217,VIBCAS,GR,8,12A,1,0.602,0.18177
VIBCAS_GR_12A_2,33.092,24.328,VIBCAS,GR,8,12A,2,0.678,0.20447
VIBCAS_GR_12B_1,28.506,22.69,VIBCAS,GR,4,12B,1,0.56067,0.13633
VIBCAS_GR_12B_2,35.451,25.965,VIBCAS,GR,4,12B,2,0.7835,0.20746
VIBCAS_GR_12B_1,28.495,22.884,VIBCAS,GR,8,12B,1,0.553,0.15511
VIBCAS_GR_12B_2,39.563,27.903,VIBCAS,GR,8,12B,2,0.921,0.30923
VIBCAS_HF_7_1,22.167,19.504,VIBCAS,HF,14,7,1,0.42691,0.1432
VIBCAS_HF_7_2,28.415,22.209,VIBCAS,HF,14,7,2,0.58216,0.19453
VIBCAS_SH_1_1,34.533,24.295,VIBCAS,SH,4,1,1,0.642,0.16854
VIBCAS_SH_1_2,38.513,26.226,VIBCAS,SH,4,1,2,0.77355,0.21546
VIBCAS_SH_1A_1,11.624,14.477,VIBCAS,SH,8,1A,1,0.226,0.06689
VIBCAS_SH_1A_2,16.882,17.594,VIBCAS,SH,8,1A,2,0.308,0.09502
VIBCAS_SH_1B_1,20.817,18.303,VIBCAS,SH,8,1B,1,0.409,0.11972
VIBCAS_SH_1B_2,42.081,27.453,VIBCAS,SH,8,1B,2,0.771,0.21859
VIBCAS_SH_5_1,21.581,20.032,VIBCAS,SH,4,5,1,0.49186,0.14452
VIBCAS_SH_5_2,41.66,26.774,VIBCAS,SH,4,5,2,0.9289,0.26003
VIBCAS_SH_5A_1,25.641,20.339,VIBCAS,SH,8,5A,1,0.6156,0.19815
VIBCAS_SH_5A_2,19.473,18.861,VIBCAS,SH,8,5A,2,0.5121,0.16063
VIBCAS_SH_5B_1,39.141,27.994,VIBCAS,SH,8,5B,1,0.816,0.23558
VIBCAS_SH_5B_2,31.444,24.02,VIBCAS,SH,8,5B,2,0.646,0.18911
VIBCAS_SH_5C_1,30.797,23.888,VIBCAS,SH,8,5C,1,0.667,0.22732
VIBCAS_SH_5C_2,25.668,21.125,VIBCAS,SH,8,5C,2,0.5224,0.17918
VIBCAS_SH_9_1,8.827,11.919,VIBCAS,SH,11,9,1,0.16391,0.0546
VIBCAS_SH_9_2,14.754,16.325,VIBCAS,SH,11,9,2,0.29033,0.09351
VIBCAS_WM_4_1,24.272,21.584,VIBCAS,WM,4,4,1,0.41489,0.09404
VIBCAS_WM_4_2,35.397,24.69,VIBCAS,WM,4,4,2,0.756,0.18326
VIBCAS_WM_4_1,34.295,27.158,VIBCAS,WM,8,4,1,0.736,0.22477
VIBCAS_WM_4_2,37.178,29.595,VIBCAS,WM,8,4,2,0.75,0.21347
VIBCAS_WM_4_1,19.787,19.27,VIBCAS,WM,11,4,1,0.40227,0.12838
VIBCAS_WM_4_2,22.396,19.148,VIBCAS,WM,11,4,2,0.496,0.17587
VIBCAS_WM_7_1,5.076,9.347,VIBCAS,WM,14,7,1,0.08555,0.02604
VIBCAS_WM_7_2,6.699,10.963,VIBCAS,WM,14,7,2,0.11147,0.03685
VIBCAS_WM_9A_1,25.107,20.99,VIBCAS,WM,8,9A,1,0.5203,0.16157
VIBCAS_WM_9A_2,31.551,25.014,VIBCAS,WM,8,9A,2,0.6233,0.18174
VIBCAS_WM_9A_1,23.208,20.452,VIBCAS,WM,11,9A,1,0.4554,0.13957
VIBCAS_WM_9A_2,34.344,24.275,VIBCAS,WM,11,9A,2,0.70539,0.21602
VIBCAS_WM_9B_1,35.028,25.07,VIBCAS,WM,8,9B,1,0.678,0.19822
VIBCAS_WM_9B_2,24.577,19.775,VIBCAS,WM,8,9B,2,0.527,0.15053
VIBCAS_WM_9B_1,17.03,16.995,VIBCAS,WM,11,9B,1,0.3785,0.11508
VIBCAS_WM_9B_2,21.089,19.627,VIBCAS,WM,11,9B,2,0.4554,0.14351
VIBCAS_WM_10_1,16.271,18.682,VIBCAS,WM,11,10,1,0.3417,0.11239
VIBCAS_WM_10_2,19.992,18.899,VIBCAS,WM,11,10,2,0.4034,0.13935
QUEALB_HF_4_1,27.346,30.151,QUEALB,HF,15,4,1,0.26497,0.10064
QUEALB_HF_4_2,58.148,43.666,QUEALB,HF,15,4,2,0.66105,0.23146
QUEALB_HF_4A_1,30.031,34.155,QUEALB,HF,16,4A,1,0.3696,0.13178
QUEALB_HF_4A_2,49.412,50.378,QUEALB,HF,16,4A,2,0.5146,0.20727
QUEALB_HF_4B_1,43.78,45.763,QUEALB,HF,16,4B,1,0.52006,0.18093
QUEALB_HF_4B_2,42.621,47.813,QUEALB,HF,16,4B,2,0.4852,0.16672
QUERUB_GR_9_1,55.025,41.543,QUERUB,GR,5,9,1,0.64555,0.28397
QUERUB_GR_9_2,57.586,41.458,QUERUB,GR,5,9,2,0.6999,0.29221
QUERUB_HF_99_1,50.297,44.764,QUERUB,HF,5,99,1,0.5714,0.24195
QUERUB_HF_99_2,90.031,55.465,QUERUB,HF,5,99,2,1.15748,0.52241
SAMRAC_GR_1_1,19.836,57.691,SAMRAC,GR,10,1,1,0.47749,0.12735
SAMRAC_GR_1_2,13.512,55.482,SAMRAC,GR,10,1,2,0.3829,0.08512
SAMRAC_GR_4_1,30.955,72.109,SAMRAC,GR,14,4,1,0.4854,0.14152
SAMRAC_GR_2_2,167.654,154.592,SAMRAC,GR,7,2,2,3.22,0.71946
SAMRAC_GR_2_1,86.336,87.174,SAMRAC,GR,7,2,1,1.443,0.33617
SAMRAC_GR_4_2,13.774,50.994,SAMRAC,GR,14,4,2,0.27033,0.07825
SAMRAC_GR_4_1,141.934,132.586,SAMRAC,GR,7,4,1,2.24,0.53007
SAMRAC_GR_4_2,161.451,135.56,SAMRAC,GR,7,4,2,2.661,0.59028
SAMRAC_GR_7_1,43.487,70.501,SAMRAC,GR,10,7,1,0.8263,0.20003
SAMRAC_GR_7A_1,236.633,158.913,SAMRAC,GR,7,7A,1,3.717,0.88275
SAMRAC_GR_7A_2,206.877,150.521,SAMRAC,GR,7,7A,2,3.17,0.83234