"spp","year","site","ind","plot","budburst","flowers","leafout","flobuds","flobudburst","fruit","ripefruit","budset","provenance.lat","provenance.long"
"ACEPEN",2018,"HF","12","12",110,NA,131,128,135,145,NA,NA,42.531705,-72.18992
"ACEPEN",2018,"HF","12","5",NA,149,151,135,142,151,NA,NA,42.531705,-72.18992
"ACEPEN",2018,"WM","5","2",103,142,131,NA,128,NA,NA,260,44.112337,-71.230138
"ACEPEN",2018,"WM","5","5",103,NA,131,NA,NA,NA,NA,NA,44.112337,-71.230138
"ACEPEN",2019,"HF","12","12",97,140,123,NA,NA,140,228,NA,42.531705,-72.18992
"ACEPEN",2019,"WM","5","2",NA,NA,NA,NA,NA,NA,NA,240,44.112337,-71.230138
"ACEPEN",2019,"WM","5","5",97,NA,123,NA,NA,NA,NA,260,44.112337,-71.230138
"ACEPEN",2020,"HF","12","12",NA,NA,143,NA,NA,NA,287.5,282,42.531705,-72.18992
"ACEPEN",2020,"HF","12","2",NA,NA,NA,NA,NA,NA,NA,NA,42.531705,-72.18992
"ACEPEN",2020,"HF","12","3",NA,NA,NA,NA,NA,NA,NA,NA,42.531705,-72.18992
"ACEPEN",2020,"HF","12","5",NA,NA,NA,NA,NA,NA,NA,NA,42.531705,-72.18992
"ACEPEN",2020,"HF","12","6",NA,NA,NA,NA,NA,NA,NA,NA,42.531705,-72.18992
"ACEPEN",2020,"WM","5","12",NA,NA,NA,NA,NA,NA,NA,NA,44.112337,-71.230138
"ACEPEN",2020,"WM","5","2",NA,NA,NA,NA,NA,NA,NA,NA,44.112337,-71.230138
"ACEPEN",2020,"WM","5","5",98,143,135,NA,NA,NA,NA,275,44.112337,-71.230138
"ACEPEN",2020,"WM","5","6",NA,NA,NA,NA,NA,NA,NA,NA,44.112337,-71.230138
"ACEPEN",2020,"WM","5","9",NA,NA,133,NA,NA,NA,NA,NA,44.112337,-71.230138
"ACESPI",2018,"GR","4","10",103,NA,124,NA,NA,NA,NA,NA,44.794942,-71.146683
"ACESPI",2018,"GR","4","7",103,NA,124,NA,NA,NA,NA,NA,44.794942,-71.146683
"ACESPI",2018,"SH","2","7",110,NA,138,NA,NA,NA,NA,NA,45.932675,-74.02507
"ACESPI",2018,"WM","1","7",103,NA,124,NA,NA,NA,NA,NA,44.112337,-71.230138
"ACESPI",2019,"GR","4","10",107,NA,145,NA,NA,NA,NA,260,44.794942,-71.146683
"ACESPI",2019,"GR","4","7",NA,147,112,112,NA,155,NA,NA,44.794942,-71.146683
"ACESPI",2019,"GR","6","7",NA,NA,NA,NA,NA,NA,214,NA,44.794942,-71.146683
"ACESPI",2019,"WM","1","7",NA,NA,147,NA,NA,NA,NA,NA,44.112337,-71.230138
"ACESPI",2020,"GR","4","10",NA,NA,NA,NA,NA,NA,NA,NA,44.794942,-71.146683
"ACESPI",2020,"GR","4","7",100,148,130.5,NA,NA,NA,NA,NA,44.794942,-71.146683
"ACESPI",2020,"GR","6","7",NA,NA,NA,NA,NA,NA,NA,NA,44.794942,-71.146683
"ACESPI",2020,"GR","8","7",NA,NA,NA,NA,NA,NA,NA,NA,44.794942,-71.146683
"ACESPI",2020,"SH","2","7",NA,NA,NA,NA,NA,NA,NA,268,45.932675,-74.02507
"ACESPI",2020,"SH","2A","10",NA,NA,NA,NA,NA,NA,NA,NA,45.932675,-74.02507
"ACESPI",2020,"SH","2B","10",NA,NA,NA,NA,NA,NA,NA,NA,45.932675,-74.02507
"ACESPI",2020,"SH","9","10",NA,NA,NA,NA,NA,NA,NA,NA,45.932675,-74.02507
"ACESPI",2020,"WM","1","7",NA,NA,NA,NA,NA,NA,NA,NA,44.112337,-71.230138
"ALNINC",2018,"GR","1","3",107,NA,124,NA,NA,NA,NA,289,44.794942,-71.146683
"ALNINC",2018,"GR","1","5",103,NA,128,NA,NA,NA,NA,278,44.794942,-71.146683
"ALNINC",2018,"GR","11","1",107,NA,124,NA,NA,NA,NA,274,44.794942,-71.146683
"ALNINC",2018,"GR","11","15",103,NA,124,NA,NA,NA,NA,268,44.794942,-71.146683
"ALNINC",2018,"GR","11A","3",103,NA,124,NA,NA,NA,NA,274,44.794942,-71.146683
"ALNINC",2018,"GR","11B","3",103,NA,124,NA,NA,NA,NA,274,44.794942,-71.146683
"ALNINC",2018,"GR","8","16",NA,NA,142,NA,NA,NA,NA,246,44.794942,-71.146683
"ALNINC",2018,"GR","8","3",107,NA,124,NA,NA,NA,NA,274,44.794942,-71.146683
"ALNINC",2018,"GR","8A","5",114,NA,124,NA,NA,NA,NA,263,44.794942,-71.146683
"ALNINC",2018,"GR","8B","5",107,NA,124,NA,NA,NA,NA,282.5,44.794942,-71.146683
"ALNINC",2018,"HF","1","1",114,128,128,89,NA,151,200.125,297,42.531705,-72.18992
"ALNINC",2018,"HF","1","16",NA,NA,142,NA,NA,NA,NA,263,42.531705,-72.18992
"ALNINC",2018,"HF","2","1",114,NA,124,NA,NA,NA,200.555555555556,297,42.531705,-72.18992
"ALNINC",2018,"HF","5","6",110,82,128,58,121,151,NA,268,42.531705,-72.18992
"ALNINC",2018,"HF","8","12",110,101.5,124,58,NA,151,192.166666666667,285.5,42.531705,-72.18992
"ALNINC",2018,"HF","9","15",110,101.5,121,58,NA,151,190.428571428571,267,42.531705,-72.18992
"ALNINC",2018,"HF","9","2",110,110.333333333333,128,58,NA,149,197.181818181818,288,42.531705,-72.18992
"ALNINC",2018,"HF","9","6",114,NA,124,NA,NA,NA,NA,280,42.531705,-72.18992
"ALNINC",2018,"HF","9","9",110,108.5,128,58,89,156,182,278,42.531705,-72.18992
"ALNINC",2018,"SH","1","1",103,NA,124,NA,NA,NA,NA,277,45.932675,-74.02507
"ALNINC",2018,"SH","1","12",110,82,124,NA,58,151,187.2,275.5,45.932675,-74.02507
"ALNINC",2018,"SH","3","16",NA,NA,142,NA,NA,NA,NA,275.5,45.932675,-74.02507
"ALNINC",2018,"SH","4","15",110,NA,124,NA,NA,NA,NA,281,45.932675,-74.02507
"ALNINC",2018,"SH","4","2",107,111.333333333333,124,NA,58,149,197.181818181818,268.5,45.932675,-74.02507
"ALNINC",2018,"SH","5","2",114,NA,124,116,NA,NA,NA,265,45.932675,-74.02507
"ALNINC",2018,"SH","5","3",114,89,124,NA,NA,151,197.181818181818,281,45.932675,-74.02507
"ALNINC",2018,"SH","6","5",107,82,124,NA,58,NA,171.5,288,45.932675,-74.02507
"ALNINC",2018,"SH","8","9",103,NA,124,NA,NA,NA,NA,270,45.932675,-74.02507
"ALNINC",2018,"WM","1","1",114,NA,124,NA,NA,NA,NA,274,44.112337,-71.230138
"ALNINC",2018,"WM","2A","1",107,NA,124,NA,NA,NA,NA,270,44.112337,-71.230138
"ALNINC",2018,"WM","2B","1",103,88,124,58,64,NA,202.4,292.5,44.112337,-71.230138
"ALNINC",2018,"WM","5","1",114,NA,124,NA,NA,NA,NA,292.5,44.112337,-71.230138
"ALNINC",2018,"WM","5A","16",NA,NA,142,NA,NA,NA,NA,288,44.112337,-71.230138
"ALNINC",2018,"WM","5A","2",100,82,124,58,64,NA,NA,280,44.112337,-71.230138
"ALNINC",2018,"WM","5B","16",NA,NA,142,NA,NA,NA,NA,275.5,44.112337,-71.230138
"ALNINC",2018,"WM","5B","2",114,NA,128,NA,NA,NA,NA,275,44.112337,-71.230138
"ALNINC",2019,"GR","1","3",100,129,119,NA,NA,155,NA,274,44.794942,-71.146683
"ALNINC",2019,"GR","1","5",97,125,119,NA,NA,147,NA,263,44.794942,-71.146683
"ALNINC",2019,"GR","11","1",NA,NA,115,NA,NA,NA,NA,249,44.794942,-71.146683
"ALNINC",2019,"GR","11","15",93,NA,119,NA,NA,NA,NA,263,44.794942,-71.146683
"ALNINC",2019,"GR","11A","3",NA,NA,112,NA,NA,NA,NA,274,44.794942,-71.146683
"ALNINC",2019,"GR","11B","3",97,100,119,NA,86,214,NA,274,44.794942,-71.146683
"ALNINC",2019,"GR","8","16",97,NA,127,NA,NA,NA,NA,263,44.794942,-71.146683
"ALNINC",2019,"GR","8","3",97,123.5,119,NA,NA,150,221,274,44.794942,-71.146683
"ALNINC",2019,"GR","8A","5",107,103,129,NA,86,211,NA,274,44.794942,-71.146683
"ALNINC",2019,"GR","8B","5",97,119.5,119,NA,NA,142,228,263,44.794942,-71.146683
"ALNINC",2019,"HF","1","1",107,122.5,119,NA,86,147,NA,249,42.531705,-72.18992
"ALNINC",2019,"HF","1","16",107,100,119,86,NA,168,228,249,42.531705,-72.18992
"ALNINC",2019,"HF","2","1",107,125.333333333333,135.5,NA,NA,147,NA,249,42.531705,-72.18992
"ALNINC",2019,"HF","5","6",103,124.5,129,NA,NA,147,211,263,42.531705,-72.18992
"ALNINC",2019,"HF","8","12",103,127,127,NA,NA,147,221,263,42.531705,-72.18992
"ALNINC",2019,"HF","9","15",97,133.333333333333,119,NA,NA,142,211,253,42.531705,-72.18992
"ALNINC",2019,"HF","9","2",100,124.5,132,NA,86,147,228,253,42.531705,-72.18992
"ALNINC",2019,"HF","9","6",100,121,123,NA,86,147,232,253,42.531705,-72.18992
"ALNINC",2019,"HF","9","9",100,125,123,NA,NA,147,218,253,42.531705,-72.18992
"ALNINC",2019,"SH","1","1",93,NA,119,NA,NA,NA,NA,274,45.932675,-74.02507
"ALNINC",2019,"SH","1","12",103,121,123,74,NA,142,211,263,45.932675,-74.02507
"ALNINC",2019,"SH","3","16",97,128.5,119,NA,86,161,228,263,45.932675,-74.02507
"ALNINC",2019,"SH","4","15",97,100,115,NA,86,150,211,253,45.932675,-74.02507
"ALNINC",2019,"SH","4","2",NA,123.5,123,74,NA,147,186,NA,45.932675,-74.02507
"ALNINC",2019,"SH","5","2",97,123.5,129,NA,NA,147,218,260,45.932675,-74.02507
"ALNINC",2019,"SH","5","3",103,122,123,NA,NA,147,225,274,45.932675,-74.02507
"ALNINC",2019,"SH","6","5",97,121,112,74,NA,142,193,274,45.932675,-74.02507
"ALNINC",2019,"SH","8","9",103,123.5,129,86,NA,147,190,274,45.932675,-74.02507
"ALNINC",2019,"WM","1","1",100,147,123,NA,NA,147,NA,249,44.112337,-71.230138
"ALNINC",2019,"WM","2A","1",NA,100,112,74,NA,221,NA,253,44.112337,-71.230138
"ALNINC",2019,"WM","2B","1",103,123.5,119,74,NA,140,218,263,44.112337,-71.230138
"ALNINC",2019,"WM","5","1",97,100,112,NA,86,155,NA,274,44.112337,-71.230138
"ALNINC",2019,"WM","5A","16",NA,122,112,NA,NA,147,228,274,44.112337,-71.230138
"ALNINC",2019,"WM","5A","2",100,107,123,NA,NA,NA,221,253,44.112337,-71.230138
"ALNINC",2019,"WM","5B","16",97,103,123,NA,NA,161,228,274,44.112337,-71.230138
"ALNINC",2019,"WM","5B","2",103,123.5,119,NA,86,147,245,274,44.112337,-71.230138
"ALNINC",2020,"GR","1","3",98,NA,143,NA,NA,NA,275,282,44.794942,-71.146683
"ALNINC",2020,"GR","1","5",91,NA,148,NA,NA,NA,NA,282,44.794942,-71.146683
"ALNINC",2020,"GR","11","1",91,NA,154,NA,NA,NA,268,268,44.794942,-71.146683
"ALNINC",2020,"GR","11","15",NA,119,143,NA,NA,NA,NA,282,44.794942,-71.146683
"ALNINC",2020,"GR","11A","3",85,NA,154,NA,NA,NA,275,282,44.794942,-71.146683
"ALNINC",2020,"GR","11B","3",98,NA,148,NA,NA,NA,NA,282,44.794942,-71.146683
"ALNINC",2020,"GR","8","16",NA,NA,143,NA,NA,NA,275,282,44.794942,-71.146683
"ALNINC",2020,"GR","8","3",91,108,154,NA,NA,NA,NA,282,44.794942,-71.146683
"ALNINC",2020,"GR","8A","5",108,NA,154,NA,NA,NA,297,282,44.794942,-71.146683
"ALNINC",2020,"GR","8B","5",98,NA,154,NA,NA,NA,NA,282,44.794942,-71.146683
"ALNINC",2020,"HF","1","1",108,NA,133,NA,NA,NA,NA,282,42.531705,-72.18992
"ALNINC",2020,"HF","1","16",NA,NA,135,NA,NA,NA,268,282,42.531705,-72.18992
"ALNINC",2020,"HF","2","1",108,NA,143,NA,NA,NA,275,282,42.531705,-72.18992
"ALNINC",2020,"HF","5","6",100,NA,154,NA,NA,NA,293,282,42.531705,-72.18992
"ALNINC",2020,"HF","8","12",NA,NA,157,NA,NA,NA,NA,282,42.531705,-72.18992
"ALNINC",2020,"HF","9","15",NA,NA,154,NA,NA,NA,NA,282,42.531705,-72.18992
"ALNINC",2020,"HF","9","2",100,NA,154,NA,NA,NA,275,282,42.531705,-72.18992
"ALNINC",2020,"HF","9","6",98,NA,157,NA,NA,NA,293,282,42.531705,-72.18992
"ALNINC",2020,"HF","9","9",NA,NA,164,NA,NA,NA,280.5,282,42.531705,-72.18992
"ALNINC",2020,"SH","1","1",85,NA,154,NA,NA,NA,NA,NA,45.932675,-74.02507
"ALNINC",2020,"SH","1","12",NA,NA,143,NA,NA,NA,284,275,45.932675,-74.02507
"ALNINC",2020,"SH","3","16",NA,NA,157,NA,NA,NA,275,282,45.932675,-74.02507
"ALNINC",2020,"SH","4","15",NA,NA,154,NA,NA,NA,NA,275,45.932675,-74.02507
"ALNINC",2020,"SH","4","2",98,NA,157,NA,NA,NA,275,282,45.932675,-74.02507
"ALNINC",2020,"SH","5","2",91,NA,NA,NA,NA,NA,NA,282,45.932675,-74.02507
"ALNINC",2020,"SH","5","3",98,NA,139,NA,NA,NA,275,282,45.932675,-74.02507
"ALNINC",2020,"SH","6","5",85,NA,148,NA,NA,NA,NA,282,45.932675,-74.02507
"ALNINC",2020,"SH","8","9",NA,NA,NA,NA,NA,NA,NA,282,45.932675,-74.02507
"ALNINC",2020,"WM","1","1",108,NA,143,NA,NA,NA,NA,282,44.112337,-71.230138
"ALNINC",2020,"WM","2A","1",98,NA,154,NA,NA,NA,291.5,NA,44.112337,-71.230138
"ALNINC",2020,"WM","2B","1",98,NA,148,NA,NA,NA,301,282,44.112337,-71.230138
"ALNINC",2020,"WM","5","1",85,NA,148,NA,NA,NA,NA,282,44.112337,-71.230138
"ALNINC",2020,"WM","5A","16",NA,NA,148,NA,NA,NA,NA,282,44.112337,-71.230138
"ALNINC",2020,"WM","5A","2",98,NA,143,NA,NA,NA,NA,282,44.112337,-71.230138
"ALNINC",2020,"WM","5B","16",NA,NA,143,NA,NA,NA,NA,282,44.112337,-71.230138
"ALNINC",2020,"WM","5B","2",85,NA,NA,NA,NA,NA,275,282,44.112337,-71.230138
"AMECAN",2018,"GR","10","2",96,131,124,116,124,135,162.571428571429,NA,44.794942,-71.146683
"AMECAN",2018,"GR","10","6",103,131,124,116,124,135,164.5,NA,44.794942,-71.146683
"AMECAN",2018,"GR","10A","3",93,199.5,124,116,124,135,162.571428571429,NA,44.794942,-71.146683
"AMECAN",2018,"GR","10A","5",103,131,124,116,124,135,160.833333333333,NA,44.794942,-71.146683
"AMECAN",2018,"GR","10B","3",96,131,124,116,124,135,162.571428571429,NA,44.794942,-71.146683
"AMECAN",2018,"GR","10B","5",103,131,124,116,124,135,162.571428571429,NA,44.794942,-71.146683
"AMECAN",2018,"SH","2","6",110,NA,131,NA,NA,NA,NA,NA,45.932675,-74.02507
"AMECAN",2018,"SH","3","15",103,NA,124,NA,NA,NA,NA,NA,45.932675,-74.02507
"AMECAN",2018,"SH","4","5",96,131,124,116,124,135,164.5,NA,45.932675,-74.02507
"AMECAN",2018,"SH","4","6",103,NA,124,NA,NA,NA,NA,NA,45.932675,-74.02507
"AMECAN",2018,"WM","1","2",93,138,124,NA,NA,NA,NA,NA,44.112337,-71.230138
"AMECAN",2019,"GR","10","2",112,NA,135,NA,NA,NA,NA,253,44.794942,-71.146683
"AMECAN",2019,"GR","10","6",93,119,112,107,NA,140,NA,240,44.794942,-71.146683
"AMECAN",2019,"GR","10A","3",NA,123,112,NA,NA,140,NA,232,44.794942,-71.146683
"AMECAN",2019,"GR","10A","5",119,NA,135,NA,NA,NA,NA,240,44.794942,-71.146683
"AMECAN",2019,"GR","10B","3",93,127,112,NA,NA,140,NA,249,44.794942,-71.146683
"AMECAN",2019,"GR","10B","5",93,119,119,107,NA,135,NA,232,44.794942,-71.146683
"AMECAN",2019,"SH","2","6",NA,NA,155,NA,NA,NA,NA,NA,45.932675,-74.02507
"AMECAN",2019,"SH","3","15",93,119,112,107,NA,NA,NA,260,45.932675,-74.02507
"AMECAN",2019,"SH","4","5",93,119,112,107,NA,135,NA,260,45.932675,-74.02507
"AMECAN",2019,"SH","4","6",93,123,112,107,NA,140,NA,260,45.932675,-74.02507
"AMECAN",2019,"WM","1","2",97,NA,112,155,NA,NA,NA,256,44.112337,-71.230138
"AMECAN",2020,"GR","10","2",NA,NA,NA,NA,NA,NA,NA,282,44.794942,-71.146683
"AMECAN",2020,"GR","10","6",78,128,126,NA,NA,NA,NA,214,44.794942,-71.146683
"AMECAN",2020,"GR","10A","3",91,133,127.5,NA,NA,NA,NA,214,44.794942,-71.146683
"AMECAN",2020,"GR","10A","5",98,135,133,NA,NA,NA,NA,NA,44.794942,-71.146683
"AMECAN",2020,"GR","10B","3",91,133,127.5,NA,NA,NA,NA,214,44.794942,-71.146683
"AMECAN",2020,"GR","10B","5",91,133,130.5,NA,NA,NA,NA,NA,44.794942,-71.146683
"AMECAN",2020,"SH","2","6",NA,NA,NA,NA,NA,NA,NA,NA,45.932675,-74.02507
"AMECAN",2020,"SH","3","15",NA,133,133,NA,NA,NA,NA,268,45.932675,-74.02507
"AMECAN",2020,"SH","4","5",78,123.5,120.5,NA,NA,NA,NA,275,45.932675,-74.02507
"AMECAN",2020,"SH","4","6",78,119,126,NA,NA,NA,NA,255,45.932675,-74.02507
"AMECAN",2020,"WM","1","2",85,NA,119,NA,NA,NA,278.5,NA,44.112337,-71.230138
"AROMEL",2018,"HF","10","8",96,145,124,114,135,149,187,NA,42.531705,-72.18992
"AROMEL",2018,"HF","12","11",NA,142,135,NA,135,145,188.7,NA,42.531705,-72.18992
"AROMEL",2018,"HF","12","14",NA,145,135,NA,135,149,193.888888888889,NA,42.531705,-72.18992
"AROMEL",2018,"HF","13","14",NA,NA,135,NA,135,149,180.076923076923,NA,42.531705,-72.18992
"AROMEL",2018,"HF","4","8",100,145,124,114,135,149,187,NA,42.531705,-72.18992
"AROMEL",2018,"HF","8A","11",NA,145,135,NA,135,149,187,NA,42.531705,-72.18992
"AROMEL",2018,"HF","8B","11",NA,145,138,NA,128,149,187.875,NA,42.531705,-72.18992
"AROMEL",2018,"WM","15","4",96,145,124,121,124,149,NA,NA,44.112337,-71.230138
"AROMEL",2018,"WM","2","14",NA,145,135,NA,135,149,NA,NA,44.112337,-71.230138
"AROMEL",2018,"WM","2","4",100,145,124,121,131,149,182,NA,44.112337,-71.230138
"AROMEL",2018,"WM","5","11",96,145,124,124,135,149,192.25,NA,44.112337,-71.230138
"AROMEL",2018,"WM","5","4",NA,NA,135,NA,NA,NA,NA,NA,44.112337,-71.230138
"AROMEL",2018,"WM","7","8",96,149,124,121,135,151,187,NA,44.112337,-71.230138
"AROMEL",2019,"HF","10","8",93,142,119,107,NA,142,NA,249,42.531705,-72.18992
"AROMEL",2019,"HF","12","11",93,147,115,107,NA,147,NA,240,42.531705,-72.18992
"AROMEL",2019,"HF","12","14",93,142,115,107,NA,142,214,267,42.531705,-72.18992
"AROMEL",2019,"HF","13","14",93,142,115,107,NA,147,NA,249,42.531705,-72.18992
"AROMEL",2019,"HF","4","8",93,142,119,107,NA,142,NA,249,42.531705,-72.18992
"AROMEL",2019,"HF","8A","11",93,147,119,107,NA,147,NA,249,42.531705,-72.18992
"AROMEL",2019,"HF","8B","11",97,142,115,112,NA,147,NA,240,42.531705,-72.18992
"AROMEL",2019,"WM","15","4",97,142,129,107,NA,147,NA,256,44.112337,-71.230138
"AROMEL",2019,"WM","2","14",97,147,115,112,NA,150,NA,253,44.112337,-71.230138
"AROMEL",2019,"WM","2","4",93,147,129,115,NA,150,NA,245,44.112337,-71.230138
"AROMEL",2019,"WM","5","11",103,147,119,115,NA,NA,NA,249,44.112337,-71.230138
"AROMEL",2019,"WM","5","4",NA,NA,142,NA,NA,NA,NA,253,44.112337,-71.230138
"AROMEL",2019,"WM","7","8",93,142,115,107,NA,150,NA,249,44.112337,-71.230138
"AROMEL",2020,"HF","10","8",85,148,126,NA,NA,NA,296.75,268,42.531705,-72.18992
"AROMEL",2020,"HF","12","11",NA,148,133,NA,NA,NA,296.75,263,42.531705,-72.18992
"AROMEL",2020,"HF","12","14",NA,148,133,NA,NA,NA,296.75,263,42.531705,-72.18992
"AROMEL",2020,"HF","13","14",NA,148,133,NA,NA,NA,296.75,263,42.531705,-72.18992
"AROMEL",2020,"HF","4","4",NA,NA,NA,NA,NA,NA,NA,NA,42.531705,-72.18992
"AROMEL",2020,"HF","4","8",78,148,126,NA,NA,NA,298,275,42.531705,-72.18992
"AROMEL",2020,"HF","8A","11",NA,NA,133,NA,NA,NA,296.75,263,42.531705,-72.18992
"AROMEL",2020,"HF","8B","11",NA,NA,133,NA,NA,NA,NA,268,42.531705,-72.18992
"AROMEL",2020,"WM","15","4",78,NA,123.5,NA,NA,NA,NA,282,44.112337,-71.230138
"AROMEL",2020,"WM","2","14",NA,NA,133,NA,NA,NA,NA,248,44.112337,-71.230138
"AROMEL",2020,"WM","2","4",85,NA,127.5,NA,NA,NA,220,282,44.112337,-71.230138
"AROMEL",2020,"WM","5","11",NA,NA,133,NA,NA,NA,NA,282,44.112337,-71.230138
"AROMEL",2020,"WM","5","4",85,148,127.5,NA,NA,NA,NA,NA,44.112337,-71.230138
"AROMEL",2020,"WM","7","4",85,NA,108,NA,NA,NA,NA,NA,44.112337,-71.230138
"AROMEL",2020,"WM","7","8",85,NA,127.5,NA,NA,NA,NA,282,44.112337,-71.230138
"BETALL",2018,"GR","1","3",114,NA,128,NA,NA,NA,NA,253,44.794942,-71.146683
"BETALL",2018,"GR","12","1",114,NA,124,NA,NA,NA,NA,268,44.794942,-71.146683
"BETALL",2018,"GR","12","3",114,NA,124,NA,NA,NA,NA,281,44.794942,-71.146683
"BETALL",2018,"GR","13","1",114,NA,128,NA,NA,NA,NA,268,44.794942,-71.146683
"BETALL",2018,"GR","13","15",103,NA,131,NA,NA,NA,NA,253,44.794942,-71.146683
"BETALL",2018,"GR","13","2",114,NA,128,NA,NA,NA,NA,263,44.794942,-71.146683
"BETALL",2018,"GR","14","15",NA,NA,135,NA,NA,NA,NA,228.333333333333,44.794942,-71.146683
"BETALL",2018,"GR","14","16",NA,NA,142,NA,NA,NA,NA,225,44.794942,-71.146683
"BETALL",2018,"GR","9","3",114,NA,128,NA,NA,NA,NA,263,44.794942,-71.146683
"BETALL",2018,"SH","2","6",110,NA,124,NA,NA,NA,NA,263,45.932675,-74.02507
"BETALL",2018,"SH","4","3",103,NA,131,NA,NA,NA,NA,263,45.932675,-74.02507
"BETALL",2018,"SH","4A","9",103,NA,124,NA,NA,NA,NA,239,45.932675,-74.02507
"BETALL",2018,"SH","4B","9",107,NA,131,NA,NA,NA,NA,239,45.932675,-74.02507
"BETALL",2018,"SH","5","6",110,NA,131,NA,NA,NA,NA,263,45.932675,-74.02507
"BETALL",2018,"SH","5","9",NA,NA,135,NA,NA,NA,NA,232,45.932675,-74.02507
"BETALL",2018,"SH","7","16",NA,NA,142,NA,NA,NA,NA,239,45.932675,-74.02507
"BETALL",2018,"SH","9","6",114,NA,131,NA,NA,NA,NA,239,45.932675,-74.02507
"BETALL",2018,"SH","9","9",110,NA,128,NA,NA,NA,NA,239,45.932675,-74.02507
"BETALL",2018,"WM","8","1",114,NA,138,NA,NA,NA,NA,277,44.112337,-71.230138
"BETALL",2018,"WM","8","9",103,NA,131,NA,NA,NA,NA,239,44.112337,-71.230138
"BETALL",2018,"WM","8A","12",110,NA,142,NA,NA,NA,NA,268,44.112337,-71.230138
"BETALL",2018,"WM","8A","5",103,NA,131,NA,NA,NA,NA,256,44.112337,-71.230138
"BETALL",2018,"WM","8B","12",96,NA,138,NA,NA,NA,NA,268,44.112337,-71.230138
"BETALL",2018,"WM","8B","5",110,NA,128,116,NA,NA,NA,268,44.112337,-71.230138
"BETALL",2018,"WM","9","16",NA,NA,142,NA,NA,NA,NA,NA,44.112337,-71.230138
"BETALL",2018,"WM","9","5",114,NA,131,NA,NA,NA,NA,268,44.112337,-71.230138
"BETALL",2018,"WM","9","9",114,NA,124,NA,NA,NA,NA,235,44.112337,-71.230138
"BETALL",2019,"GR","1","3",112,NA,135,NA,NA,NA,NA,260,44.794942,-71.146683
"BETALL",2019,"GR","12","1",107,165,115,NA,NA,NA,NA,260,44.794942,-71.146683
"BETALL",2019,"GR","12","3",NA,NA,123,NA,NA,NA,NA,260,44.794942,-71.146683
"BETALL",2019,"GR","13","1",107,NA,127,NA,NA,NA,NA,260,44.794942,-71.146683
"BETALL",2019,"GR","13","15",107,NA,119,NA,NA,NA,NA,249,44.794942,-71.146683
"BETALL",2019,"GR","13","2",107,NA,123,NA,NA,NA,NA,260,44.794942,-71.146683
"BETALL",2019,"GR","14","15",107,NA,119,NA,NA,NA,NA,249,44.794942,-71.146683
"BETALL",2019,"GR","14","16",97,NA,119,NA,NA,NA,NA,249,44.794942,-71.146683
"BETALL",2019,"GR","9","3",NA,NA,127,NA,NA,NA,NA,249,44.794942,-71.146683
"BETALL",2019,"SH","2","6",100,NA,115,NA,NA,NA,NA,249,45.932675,-74.02507
"BETALL",2019,"SH","4","3",107,NA,135,NA,NA,NA,NA,263,45.932675,-74.02507
"BETALL",2019,"SH","4A","9",107,NA,119,NA,NA,NA,NA,263,45.932675,-74.02507
"BETALL",2019,"SH","4B","9",112,NA,137,NA,NA,NA,NA,249,45.932675,-74.02507
"BETALL",2019,"SH","5","6",107,NA,119,NA,NA,NA,NA,263,45.932675,-74.02507
"BETALL",2019,"SH","5","9",NA,NA,NA,NA,NA,NA,NA,274,45.932675,-74.02507
"BETALL",2019,"SH","7","16",112,NA,119,NA,NA,NA,NA,260,45.932675,-74.02507
"BETALL",2019,"SH","9","6",112,NA,127,NA,NA,NA,NA,249,45.932675,-74.02507
"BETALL",2019,"SH","9","9",112,NA,119,NA,NA,NA,NA,263,45.932675,-74.02507
"BETALL",2019,"WM","8","1",112,NA,135,NA,NA,NA,NA,260,44.112337,-71.230138
"BETALL",2019,"WM","8","9",107,NA,119,NA,NA,NA,NA,260,44.112337,-71.230138
"BETALL",2019,"WM","8A","12",107,NA,115,NA,NA,NA,NA,260,44.112337,-71.230138
"BETALL",2019,"WM","8A","5",107,NA,123,NA,NA,NA,NA,249,44.112337,-71.230138
"BETALL",2019,"WM","8B","12",103,NA,127,NA,NA,NA,NA,274,44.112337,-71.230138
"BETALL",2019,"WM","8B","5",100,NA,127,NA,NA,NA,NA,260,44.112337,-71.230138
"BETALL",2019,"WM","9","16",NA,NA,150,NA,206,NA,NA,NA,44.112337,-71.230138
"BETALL",2019,"WM","9","5",107,NA,127,NA,NA,NA,NA,260,44.112337,-71.230138
"BETALL",2020,"GR","1","3",108,NA,135,NA,NA,NA,220,255,44.794942,-71.146683
"BETALL",2020,"GR","12","1",98,NA,143,NA,NA,NA,NA,263,44.794942,-71.146683
"BETALL",2020,"GR","12","3",100,NA,135,NA,NA,NA,NA,248,44.794942,-71.146683
"BETALL",2020,"GR","13","1",98,NA,130.5,NA,NA,NA,NA,282,44.794942,-71.146683
"BETALL",2020,"GR","13","15",NA,NA,135,NA,NA,NA,NA,263,44.794942,-71.146683
"BETALL",2020,"GR","13","2",108,NA,143,NA,NA,NA,NA,255,44.794942,-71.146683
"BETALL",2020,"GR","14","15",NA,NA,143,NA,NA,NA,NA,263,44.794942,-71.146683
"BETALL",2020,"GR","14","16",NA,NA,135,NA,NA,NA,NA,248,44.794942,-71.146683
"BETALL",2020,"GR","9","3",108,NA,143,NA,NA,NA,NA,248,44.794942,-71.146683
"BETALL",2020,"SH","2","6",98,NA,148,NA,NA,NA,NA,255,45.932675,-74.02507
"BETALL",2020,"SH","4","3",108,NA,135,NA,NA,NA,NA,248,45.932675,-74.02507
"BETALL",2020,"SH","4A","9",NA,NA,143,NA,NA,NA,NA,282,45.932675,-74.02507
"BETALL",2020,"SH","4B","9",NA,NA,133,NA,NA,NA,NA,NA,45.932675,-74.02507
"BETALL",2020,"SH","5","6",108,NA,143,NA,NA,NA,NA,268,45.932675,-74.02507
"BETALL",2020,"SH","5","9",NA,NA,143,NA,NA,NA,NA,268,45.932675,-74.02507
"BETALL",2020,"SH","7","16",NA,NA,135,NA,NA,NA,NA,268,45.932675,-74.02507
"BETALL",2020,"SH","9","6",108,NA,148,NA,NA,NA,NA,263,45.932675,-74.02507
"BETALL",2020,"SH","9","9",NA,NA,154,NA,NA,NA,NA,268,45.932675,-74.02507
"BETALL",2020,"WM","8","1",108,NA,143,NA,NA,NA,NA,268,44.112337,-71.230138
"BETALL",2020,"WM","8","9",NA,NA,NA,NA,NA,NA,NA,268,44.112337,-71.230138
"BETALL",2020,"WM","8A","12",NA,NA,135,NA,NA,NA,NA,248,44.112337,-71.230138
"BETALL",2020,"WM","8A","5",108,NA,135,NA,NA,NA,NA,263,44.112337,-71.230138
"BETALL",2020,"WM","8B","12",NA,NA,143,NA,NA,NA,NA,282,44.112337,-71.230138
"BETALL",2020,"WM","8B","5",98,NA,143,NA,NA,NA,NA,282,44.112337,-71.230138
"BETALL",2020,"WM","9","16",NA,NA,NA,NA,NA,NA,NA,NA,44.112337,-71.230138
"BETALL",2020,"WM","9","5",NA,NA,143,NA,NA,NA,NA,268,44.112337,-71.230138
"BETALL",2020,"WM","9","9",NA,NA,135,NA,NA,NA,NA,282,44.112337,-71.230138
"BETPAP",2018,"GR","5","1",103,NA,184,NA,NA,NA,NA,274,44.794942,-71.146683
"BETPAP",2018,"GR","5A","2",100,NA,124,NA,NA,NA,NA,263,44.794942,-71.146683
"BETPAP",2018,"GR","5B","2",103,NA,138,NA,NA,NA,NA,NA,44.794942,-71.146683
"BETPAP",2018,"GR","8","12",110,NA,124,NA,NA,NA,NA,263,44.794942,-71.146683
"BETPAP",2018,"GR","8","3",103,NA,124,NA,NA,NA,NA,268,44.794942,-71.146683
"BETPAP",2018,"GR","8","5",96,NA,135,NA,NA,NA,NA,253,44.794942,-71.146683
"BETPAP",2018,"GR","8","6",110,NA,131,NA,NA,NA,NA,246,44.794942,-71.146683
"BETPAP",2018,"GR","9","9",NA,NA,135,NA,NA,NA,NA,NA,44.794942,-71.146683
"BETPAP",2018,"HF","16","12",110,NA,124,NA,NA,NA,NA,274,42.531705,-72.18992
"BETPAP",2018,"HF","16","2",103,NA,124,NA,NA,NA,NA,263,42.531705,-72.18992
"BETPAP",2018,"HF","16","3",110,NA,124,NA,NA,NA,NA,270,42.531705,-72.18992
"BETPAP",2018,"HF","16","5",107,NA,124,NA,NA,NA,NA,268,42.531705,-72.18992
"BETPAP",2018,"HF","16A","6",100,NA,124,NA,NA,NA,NA,274,42.531705,-72.18992
"BETPAP",2018,"HF","16B","6",103,NA,124,NA,NA,NA,NA,274,42.531705,-72.18992
"BETPAP",2018,"SH","1A","1",103,NA,128,NA,NA,NA,NA,263,45.932675,-74.02507
"BETPAP",2018,"SH","1B","1",107,NA,124,NA,NA,NA,NA,263,45.932675,-74.02507
"BETPAP",2019,"GR","5","1",107,NA,127,NA,NA,NA,NA,274,44.794942,-71.146683
"BETPAP",2019,"GR","5A","2",112,NA,127,NA,NA,NA,NA,263,44.794942,-71.146683
"BETPAP",2019,"GR","5B","2",100,NA,155,NA,NA,NA,NA,NA,44.794942,-71.146683
"BETPAP",2019,"GR","8","12",107,NA,115,NA,NA,NA,NA,260,44.794942,-71.146683
"BETPAP",2019,"GR","8","3",112,NA,123,NA,NA,NA,NA,274,44.794942,-71.146683
"BETPAP",2019,"GR","8","5",NA,NA,119,NA,NA,NA,NA,274,44.794942,-71.146683
"BETPAP",2019,"GR","8","6",NA,NA,135,NA,NA,NA,NA,263,44.794942,-71.146683
"BETPAP",2019,"HF","16","12",103,NA,119,NA,NA,NA,NA,NA,42.531705,-72.18992
"BETPAP",2019,"HF","16","2",107,NA,115,NA,NA,NA,NA,NA,42.531705,-72.18992
"BETPAP",2019,"HF","16","3",103,NA,119,NA,NA,NA,NA,274,42.531705,-72.18992
"BETPAP",2019,"HF","16","5",103,NA,119,NA,NA,NA,NA,274,42.531705,-72.18992
"BETPAP",2019,"HF","16A","6",100,NA,115,NA,NA,NA,NA,274,42.531705,-72.18992
"BETPAP",2019,"HF","16B","6",NA,NA,115,NA,NA,NA,NA,267,42.531705,-72.18992
"BETPAP",2019,"SH","1A","1",NA,NA,129,NA,NA,NA,NA,274,45.932675,-74.02507
"BETPAP",2019,"SH","1B","1",107,NA,119,NA,225,NA,NA,274,45.932675,-74.02507
"BETPAP",2020,"GR","5","1",119,NA,148,NA,NA,NA,NA,255,44.794942,-71.146683
"BETPAP",2020,"GR","5A","2",111,NA,135,NA,NA,NA,NA,263,44.794942,-71.146683
"BETPAP",2020,"GR","5B","2",NA,NA,NA,NA,NA,NA,NA,NA,44.794942,-71.146683
"BETPAP",2020,"GR","8","12",NA,NA,143,NA,NA,NA,NA,255,44.794942,-71.146683
"BETPAP",2020,"GR","8","3",111,NA,157,NA,NA,NA,NA,NA,44.794942,-71.146683
"BETPAP",2020,"GR","8","5",108,NA,148,NA,NA,NA,NA,282,44.794942,-71.146683
"BETPAP",2020,"GR","8","6",108,NA,130.5,NA,NA,NA,NA,268,44.794942,-71.146683
"BETPAP",2020,"GR","9","9",NA,NA,NA,NA,NA,NA,NA,NA,44.794942,-71.146683
"BETPAP",2020,"HF","16","12",NA,NA,148,NA,NA,NA,NA,293,42.531705,-72.18992
"BETPAP",2020,"HF","16","2",100,NA,130.5,NA,NA,NA,NA,282,42.531705,-72.18992
"BETPAP",2020,"HF","16","3",98,NA,135.5,NA,NA,NA,NA,282,42.531705,-72.18992
"BETPAP",2020,"HF","16","5",108,NA,143,NA,NA,NA,NA,293,42.531705,-72.18992
"BETPAP",2020,"HF","16A","6",85,NA,132.5,NA,NA,NA,311,293,42.531705,-72.18992
"BETPAP",2020,"HF","16B","6",98,NA,143,NA,NA,NA,NA,282,42.531705,-72.18992
"BETPAP",2020,"SH","1A","1",119,NA,133,NA,NA,NA,NA,275,45.932675,-74.02507
"BETPAP",2020,"SH","1B","1",100,NA,148,NA,NA,NA,NA,282,45.932675,-74.02507
"BETPOP",2018,"GR","3","16",NA,NA,142,NA,NA,NA,NA,NA,44.794942,-71.146683
"BETPOP",2018,"GR","3","6",103,NA,124,NA,NA,NA,NA,268,44.794942,-71.146683
"BETPOP",2018,"GR","5","1",114,NA,124,NA,NA,NA,NA,249.5,44.794942,-71.146683
"BETPOP",2018,"GR","5","6",110,NA,124,NA,NA,NA,NA,268,44.794942,-71.146683
"BETPOP",2018,"GR","5A","12",110,NA,124,NA,NA,NA,NA,268,44.794942,-71.146683
"BETPOP",2018,"GR","5A","3",103,NA,124,NA,NA,NA,NA,263,44.794942,-71.146683
"BETPOP",2018,"GR","5B","12",110,NA,124,NA,NA,NA,NA,268,44.794942,-71.146683
"BETPOP",2018,"GR","5B","3",114,NA,124,NA,NA,NA,NA,260,44.794942,-71.146683
"BETPOP",2018,"GR","5C","12",114,NA,124,NA,NA,NA,NA,253,44.794942,-71.146683
"BETPOP",2018,"HF","1","2",107,NA,124,NA,128,166,205.5,268,42.531705,-72.18992
"BETPOP",2018,"HF","1","3",114,NA,124,NA,NA,NA,NA,287,42.531705,-72.18992
"BETPOP",2018,"HF","3","1",114,129.5,124,NA,128,163,212,278.5,42.531705,-72.18992
"BETPOP",2018,"HF","3A","6",107,NA,124,NA,NA,NA,NA,263,42.531705,-72.18992
"BETPOP",2018,"HF","3B","6",110,131,124,NA,128,151,188.833333333333,280,42.531705,-72.18992
"BETPOP",2018,"HF","4","9",114,129.5,124,NA,128,151,182,297,42.531705,-72.18992
"BETPOP",2018,"HF","5","2",103,NA,124,NA,NA,NA,NA,263,42.531705,-72.18992
"BETPOP",2018,"HF","5","6",110,NA,124,NA,NA,NA,NA,283.5,42.531705,-72.18992
"BETPOP",2018,"WM","7","1",103,NA,124,NA,NA,NA,NA,268,44.112337,-71.230138
"BETPOP",2018,"WM","7","15",103,NA,124,NA,NA,NA,NA,268,44.112337,-71.230138
"BETPOP",2018,"WM","7","2",110,NA,124,NA,NA,NA,NA,274,44.112337,-71.230138
"BETPOP",2018,"WM","7","3",110,NA,124,NA,NA,NA,NA,286,44.112337,-71.230138
"BETPOP",2018,"WM","7","6",110,NA,124,NA,NA,NA,NA,268,44.112337,-71.230138
"BETPOP",2018,"WM","7","9",103,NA,124,NA,NA,NA,NA,268,44.112337,-71.230138
"BETPOP",2018,"WM","8","15",103,NA,124,NA,NA,NA,NA,268,44.112337,-71.230138
"BETPOP",2018,"WM","8","16",NA,NA,142,NA,NA,NA,NA,268,44.112337,-71.230138
"BETPOP",2018,"WM","9","15",103,NA,124,NA,NA,NA,NA,263,44.112337,-71.230138
"BETPOP",2019,"GR","3","16",NA,NA,150,NA,NA,NA,NA,NA,44.794942,-71.146683
"BETPOP",2019,"GR","3","6",100,NA,112,100,NA,140,179,NA,44.794942,-71.146683
"BETPOP",2019,"GR","5","1",103,NA,119,NA,NA,225,NA,NA,44.794942,-71.146683
"BETPOP",2019,"GR","5","6",112,129,127,100,NA,NA,NA,263,44.794942,-71.146683
"BETPOP",2019,"GR","5A","12",NA,NA,127,NA,NA,NA,NA,274,44.794942,-71.146683
"BETPOP",2019,"GR","5A","3",112,147,129,NA,NA,147,186,267,44.794942,-71.146683
"BETPOP",2019,"GR","5B","12",107,142,119,NA,NA,147,NA,274,44.794942,-71.146683
"BETPOP",2019,"GR","5B","3",112,NA,132,NA,NA,NA,NA,260,44.794942,-71.146683
"BETPOP",2019,"GR","5C","12",107,NA,127,NA,NA,NA,NA,240,44.794942,-71.146683
"BETPOP",2019,"HF","1","2",103,155,119,NA,NA,168,NA,267,42.531705,-72.18992
"BETPOP",2019,"HF","1","3",112,161,119,NA,NA,168,NA,274,42.531705,-72.18992
"BETPOP",2019,"HF","3","1",112,NA,127,107,NA,147,NA,NA,42.531705,-72.18992
"BETPOP",2019,"HF","3A","6",NA,NA,117,NA,NA,NA,206,274,42.531705,-72.18992
"BETPOP",2019,"HF","3B","6",NA,147,119,103,NA,168,225,260,42.531705,-72.18992
"BETPOP",2019,"HF","4","9",107,147,134.5,NA,112,168,NA,260,42.531705,-72.18992
"BETPOP",2019,"HF","5","2",103,NA,115,NA,NA,NA,NA,263,42.531705,-72.18992
"BETPOP",2019,"HF","5","6",103,147,119,103,NA,147,214,NA,42.531705,-72.18992
"BETPOP",2019,"WM","7","1",97,142,112,112,NA,147,225,NA,44.112337,-71.230138
"BETPOP",2019,"WM","7","15",NA,142,119,NA,NA,147,214,274,44.112337,-71.230138
"BETPOP",2019,"WM","7","2",103,142,119,NA,119,142,225,267,44.112337,-71.230138
"BETPOP",2019,"WM","7","3",103,147,119,107,NA,147,NA,274,44.112337,-71.230138
"BETPOP",2019,"WM","7","6",100,150,112,NA,NA,147,NA,274,44.112337,-71.230138
"BETPOP",2019,"WM","7","9",NA,142,112,112,NA,142,221,260,44.112337,-71.230138
"BETPOP",2019,"WM","8","15",100,NA,119,NA,NA,218,NA,263,44.112337,-71.230138
"BETPOP",2019,"WM","8","16",97,150,115,NA,NA,168,NA,274,44.112337,-71.230138
"BETPOP",2019,"WM","9","15",107,NA,115,NA,NA,NA,NA,267,44.112337,-71.230138
"BETPOP",2020,"GR","3","16",NA,NA,135,NA,NA,NA,NA,282,44.794942,-71.146683
"BETPOP",2020,"GR","3","6",91,NA,130.5,NA,NA,NA,311,282,44.794942,-71.146683
"BETPOP",2020,"GR","5","1",108,NA,143,NA,NA,NA,NA,282,44.794942,-71.146683
"BETPOP",2020,"GR","5","6",100,NA,133,NA,NA,NA,NA,282,44.794942,-71.146683
"BETPOP",2020,"GR","5A","12",NA,NA,148,NA,NA,NA,NA,282,44.794942,-71.146683
"BETPOP",2020,"GR","5A","3",111,143,135,NA,NA,NA,298,NA,44.794942,-71.146683
"BETPOP",2020,"GR","5B","12",NA,NA,135,NA,NA,NA,306,282,44.794942,-71.146683
"BETPOP",2020,"GR","5B","3",108,143,143,NA,NA,NA,NA,282,44.794942,-71.146683
"BETPOP",2020,"GR","5C","12",NA,NA,135,NA,NA,NA,220,282,44.794942,-71.146683
"BETPOP",2020,"HF","1","2",100,NA,130.5,NA,NA,NA,265.5,282,42.531705,-72.18992
"BETPOP",2020,"HF","1","3",108,NA,130.5,NA,NA,NA,NA,282,42.531705,-72.18992
"BETPOP",2020,"HF","3","1",108,135,130.5,NA,NA,NA,214,282,42.531705,-72.18992
"BETPOP",2020,"HF","3A","6",100,133,135,NA,NA,NA,277.333333333333,282,42.531705,-72.18992
"BETPOP",2020,"HF","3B","6",108,NA,130.5,NA,NA,NA,270.5,282,42.531705,-72.18992
"BETPOP",2020,"HF","4","9",NA,NA,133,NA,NA,NA,311,282,42.531705,-72.18992
"BETPOP",2020,"HF","5","2",NA,NA,NA,NA,NA,NA,NA,282,42.531705,-72.18992
"BETPOP",2020,"HF","5","6",100,NA,130.5,NA,NA,NA,284.333333333333,282,42.531705,-72.18992
"BETPOP",2020,"WM","7","1",85,NA,133,NA,NA,NA,265.5,282,44.112337,-71.230138
"BETPOP",2020,"WM","7","15",NA,NA,133,NA,NA,NA,276,282,44.112337,-71.230138
"BETPOP",2020,"WM","7","2",100,NA,131.5,NA,NA,NA,311,282,44.112337,-71.230138
"BETPOP",2020,"WM","7","3",100,NA,130.5,NA,NA,NA,265.5,282,44.112337,-71.230138
"BETPOP",2020,"WM","7","6",100,NA,131.5,NA,NA,NA,311,282,44.112337,-71.230138
"BETPOP",2020,"WM","7","9",NA,NA,135,NA,NA,NA,256.5,282,44.112337,-71.230138
"BETPOP",2020,"WM","8","15",NA,NA,133,NA,NA,NA,NA,282,44.112337,-71.230138
"BETPOP",2020,"WM","8","16",NA,NA,133,NA,NA,NA,276,282,44.112337,-71.230138
"BETPOP",2020,"WM","9","15",NA,NA,133,NA,NA,NA,NA,282,44.112337,-71.230138
"DIELON",2018,"GR","2","14",NA,202,135,142,156,173,NA,NA,44.794942,-71.146683
"DIELON",2018,"GR","5A","7",110,164.5,NA,NA,156,211,NA,NA,44.794942,-71.146683
"DIELON",2018,"GR","5B","7",107,166,121,NA,159,170,193.5,NA,44.794942,-71.146683
"DIELON",2018,"GR","5C","7",107,NA,124,NA,184,180,202,NA,44.794942,-71.146683
"DIELON",2018,"GR","6","14",NA,170,135,149,151,173,166,NA,44.794942,-71.146683
"DIELON",2018,"GR","8","13",103,217,124,142,156,173,NA,NA,44.794942,-71.146683
"DIELON",2018,"HF","1","10",NA,NA,135,NA,NA,NA,NA,NA,42.531705,-72.18992
"DIELON",2018,"HF","1A","7",NA,187,121,NA,156,170,220,NA,42.531705,-72.18992
"DIELON",2018,"HF","1B","7",93,198,121,NA,156,180,159,268,42.531705,-72.18992
"DIELON",2018,"HF","2","7",110,201.5,128,213,151,184,199.666666666667,NA,42.531705,-72.18992
"DIELON",2018,"HF","2A","13",103,187,142,142,156,173,NA,NA,42.531705,-72.18992
"DIELON",2018,"HF","2B","13",NA,218,135,173,177,197,NA,NA,42.531705,-72.18992
"DIELON",2018,"HF","2C","13",103,208.666666666667,135,142,156,180,NA,NA,42.531705,-72.18992
"DIELON",2018,"HF","3","7",110,NA,121,NA,156,173,204,NA,42.531705,-72.18992
"DIELON",2018,"HF","4","7",100,200,124,187,194,204,NA,NA,42.531705,-72.18992
"DIELON",2018,"SH","12","10",NA,NA,135,NA,NA,NA,NA,NA,45.932675,-74.02507
"DIELON",2018,"SH","2A","13",110,NA,124,142,156,166,NA,NA,45.932675,-74.02507
"DIELON",2018,"SH","2B","13",93,173,121,142,156,180,159,NA,45.932675,-74.02507
"DIELON",2018,"SH","4","10",110,163,135,NA,159,NA,NA,NA,45.932675,-74.02507
"DIELON",2018,"SH","4","13",NA,166,135,142,151,180,NA,NA,45.932675,-74.02507
"DIELON",2018,"SH","4","14",NA,NA,NA,191,197,219,166,NA,45.932675,-74.02507
"DIELON",2018,"SH","4","7",107,176.5,124,NA,156,184,190,NA,45.932675,-74.02507
"DIELON",2018,"WM","1A","13",86,NA,121,NA,NA,NA,NA,NA,44.112337,-71.230138
"DIELON",2018,"WM","1B","13",103,NA,124,180,163,204,NA,NA,44.112337,-71.230138
"DIELON",2018,"WM","1C","13",110,NA,124,177,184,197,NA,NA,44.112337,-71.230138
"DIELON",2019,"GR","2","14",97,NA,115,142,NA,183,NA,249,44.794942,-71.146683
"DIELON",2019,"GR","5A","7",NA,183,112,155,NA,183,NA,253,44.794942,-71.146683
"DIELON",2019,"GR","5B","7",93,NA,112,150,NA,183,NA,256,44.794942,-71.146683
"DIELON",2019,"GR","5C","7",93,NA,119,150,NA,183,NA,249,44.794942,-71.146683
"DIELON",2019,"GR","6","14",97,190,115,NA,155,193,NA,249,44.794942,-71.146683
"DIELON",2019,"GR","8","13",93,NA,119,142,NA,183,NA,249,44.794942,-71.146683
"DIELON",2019,"HF","1","10",NA,NA,129,NA,NA,206,NA,256,42.531705,-72.18992
"DIELON",2019,"HF","1A","7",93,183,112,155,NA,183,218,256,42.531705,-72.18992
"DIELON",2019,"HF","1B","7",93,NA,112,NA,NA,NA,NA,249,42.531705,-72.18992
"DIELON",2019,"HF","2","7",93,NA,112,150,NA,183,NA,253,42.531705,-72.18992
"DIELON",2019,"HF","2A","13",NA,NA,115,142,NA,183,NA,263,42.531705,-72.18992
"DIELON",2019,"HF","2B","13",100,183,127,NA,NA,183,NA,245,42.531705,-72.18992
"DIELON",2019,"HF","2C","13",93,168,115,147,NA,183,NA,245,42.531705,-72.18992
"DIELON",2019,"HF","3","7",93,NA,119,150,NA,183,NA,256,42.531705,-72.18992
"DIELON",2019,"HF","4","7",NA,183,112,150,NA,183,NA,256,42.531705,-72.18992
"DIELON",2019,"SH","12","10",NA,NA,133.5,NA,NA,NA,NA,NA,45.932675,-74.02507
"DIELON",2019,"SH","2A","13",93,168,112,142,NA,168,NA,245,45.932675,-74.02507
"DIELON",2019,"SH","2B","13",93,168,119,142,NA,168,NA,249,45.932675,-74.02507
"DIELON",2019,"SH","4","10",NA,NA,135,NA,NA,NA,NA,253,45.932675,-74.02507
"DIELON",2019,"SH","4","13",93,168,127,147,NA,168,NA,249,45.932675,-74.02507
"DIELON",2019,"SH","4","14",93,183,112,147,NA,183,221,249,45.932675,-74.02507
"DIELON",2019,"SH","4","7",97,NA,112,150,NA,183,NA,256,45.932675,-74.02507
"DIELON",2019,"WM","1A","13",97,NA,112,142,NA,183,NA,253,44.112337,-71.230138
"DIELON",2019,"WM","1B","13",93,183,115,150,NA,183,NA,256,44.112337,-71.230138
"DIELON",2019,"WM","1C","13",93,168,115,142,NA,168,NA,253,44.112337,-71.230138
"DIELON",2020,"GR","2","14",NA,NA,133,NA,NA,NA,293,268,44.794942,-71.146683
"DIELON",2020,"GR","5","10",NA,NA,133,NA,NA,NA,NA,NA,44.794942,-71.146683
"DIELON",2020,"GR","5A","7",78,NA,122,NA,NA,NA,293,NA,44.794942,-71.146683
"DIELON",2020,"GR","5B","7",85,NA,123.5,NA,NA,NA,287.5,275,44.794942,-71.146683
"DIELON",2020,"GR","5C","7",78,NA,123.5,NA,NA,NA,NA,263,44.794942,-71.146683
"DIELON",2020,"GR","6","14",NA,NA,133,NA,NA,NA,293,282,44.794942,-71.146683
"DIELON",2020,"GR","8","10",NA,NA,NA,NA,NA,NA,NA,NA,44.794942,-71.146683
"DIELON",2020,"GR","8","13",NA,NA,133,NA,NA,NA,NA,282,44.794942,-71.146683
"DIELON",2020,"GR","8A","10",NA,NA,NA,NA,NA,NA,NA,NA,44.794942,-71.146683
"DIELON",2020,"GR","8B","10",NA,NA,NA,NA,NA,NA,NA,NA,44.794942,-71.146683
"DIELON",2020,"HF","1","10",NA,NA,NA,NA,NA,NA,NA,NA,42.531705,-72.18992
"DIELON",2020,"HF","1A","7",69,NA,120.5,NA,NA,NA,301,NA,42.531705,-72.18992
"DIELON",2020,"HF","1B","7",78,NA,120.5,NA,NA,NA,293,275,42.531705,-72.18992
"DIELON",2020,"HF","2","7",78,NA,122,NA,NA,NA,293,275,42.531705,-72.18992
"DIELON",2020,"HF","2A","13",NA,NA,133,NA,NA,NA,293,282,42.531705,-72.18992
"DIELON",2020,"HF","2B","13",NA,NA,133,NA,NA,NA,287.5,282,42.531705,-72.18992
"DIELON",2020,"HF","2C","13",NA,NA,133,NA,NA,NA,287.5,263,42.531705,-72.18992
"DIELON",2020,"HF","3","7",85,NA,127.5,NA,NA,NA,283.333333333333,NA,42.531705,-72.18992
"DIELON",2020,"HF","4","7",69,NA,122,NA,NA,NA,293,NA,42.531705,-72.18992
"DIELON",2020,"SH","12","10",NA,NA,133,NA,NA,NA,NA,NA,45.932675,-74.02507
"DIELON",2020,"SH","2","10",NA,NA,NA,NA,NA,NA,NA,NA,45.932675,-74.02507
"DIELON",2020,"SH","2A","13",NA,NA,133,NA,NA,NA,283.333333333333,NA,45.932675,-74.02507
"DIELON",2020,"SH","2B","13",NA,NA,133,NA,NA,NA,301,282,45.932675,-74.02507
"DIELON",2020,"SH","4","10",NA,NA,133,NA,NA,NA,NA,NA,45.932675,-74.02507
"DIELON",2020,"SH","4","13",NA,NA,133,NA,NA,NA,NA,268,45.932675,-74.02507
"DIELON",2020,"SH","4","14",NA,NA,133,NA,NA,NA,301,282,45.932675,-74.02507
"DIELON",2020,"SH","4","7",85,NA,122,NA,NA,NA,NA,NA,45.932675,-74.02507
"DIELON",2020,"WM","1A","13",NA,NA,133,NA,NA,NA,293,255,44.112337,-71.230138
"DIELON",2020,"WM","1B","13",NA,NA,133,NA,NA,NA,287.5,275,44.112337,-71.230138
"DIELON",2020,"WM","1C","13",NA,NA,133,NA,NA,NA,293,268,44.112337,-71.230138
"MYRGAL",2018,"GR","8A","4",116,NA,131,NA,NA,NA,NA,NA,44.794942,-71.146683
"MYRGAL",2018,"GR","8B","4",116,NA,131,NA,NA,NA,NA,NA,44.794942,-71.146683
"MYRGAL",2018,"GR","8C","4",114,NA,124,NA,NA,NA,NA,NA,44.794942,-71.146683
"MYRGAL",2018,"GR","8D","4",114,NA,128,NA,NA,NA,NA,NA,44.794942,-71.146683
"MYRGAL",2018,"SH","1","8",114,105,124,NA,89,NA,NA,NA,45.932675,-74.02507
"MYRGAL",2018,"SH","1A","4",114,106.5,124,82,86,NA,NA,NA,45.932675,-74.02507
"MYRGAL",2018,"SH","1B","4",114,135,NA,NA,121,156,175,NA,45.932675,-74.02507
"MYRGAL",2018,"SH","2","8",116,114,124,89,93,NA,NA,NA,45.932675,-74.02507
"MYRGAL",2018,"SH","2A","4",114,110,124,64,82,NA,NA,NA,45.932675,-74.02507
"MYRGAL",2018,"SH","2B","4",116,114,124,NA,89,NA,NA,NA,45.932675,-74.02507
"MYRGAL",2018,"SH","99","14",NA,NA,135,NA,NA,151,178.5,NA,45.932675,-74.02507
"MYRGAL",2018,"WM","6","14",NA,NA,135,NA,NA,NA,NA,NA,44.112337,-71.230138
"MYRGAL",2018,"WM","6A","11",114,116,124,NA,96,NA,NA,NA,44.112337,-71.230138
"MYRGAL",2018,"WM","6A","4",114,NA,131,NA,NA,NA,NA,NA,44.112337,-71.230138
"MYRGAL",2018,"WM","6A","8",114,101.5,124,NA,89,NA,NA,NA,44.112337,-71.230138
"MYRGAL",2018,"WM","6B","11",103,NA,124,NA,NA,NA,NA,NA,44.112337,-71.230138
"MYRGAL",2018,"WM","6B","4",114,NA,124,NA,121,NA,NA,NA,44.112337,-71.230138
"MYRGAL",2018,"WM","6B","8",110,NA,124,NA,NA,NA,NA,NA,44.112337,-71.230138
"MYRGAL",2019,"GR","8A","4",112,119,119,NA,100,NA,NA,245,44.794942,-71.146683
"MYRGAL",2019,"GR","8B","4",123,NA,150,NA,142,NA,NA,240,44.794942,-71.146683
"MYRGAL",2019,"GR","8C","4",112,115,NA,NA,100,NA,NA,249,44.794942,-71.146683
"MYRGAL",2019,"GR","8D","4",112,NA,135,142,NA,NA,NA,249,44.794942,-71.146683
"MYRGAL",2019,"SH","1","8",112,147,123,NA,93,NA,NA,249,45.932675,-74.02507
"MYRGAL",2019,"SH","1A","4",112,142,119,NA,NA,150,NA,232,45.932675,-74.02507
"MYRGAL",2019,"SH","1B","4",112,115,135,93,NA,168,225,240,45.932675,-74.02507
"MYRGAL",2019,"SH","2","8",112,129,127,NA,NA,225,NA,249,45.932675,-74.02507
"MYRGAL",2019,"SH","2A","4",112,119,115,NA,93,228,NA,240,45.932675,-74.02507
"MYRGAL",2019,"SH","2B","4",112,152.5,129,NA,93,NA,NA,249,45.932675,-74.02507
"MYRGAL",2019,"SH","99","14",107,NA,119,112,NA,NA,221,253,45.932675,-74.02507
"MYRGAL",2019,"WM","6","14",107,119,119,NA,100,NA,NA,253,44.112337,-71.230138
"MYRGAL",2019,"WM","6A","11",112,177.5,129,97,NA,147,NA,249,44.112337,-71.230138
"MYRGAL",2019,"WM","6A","4",112,123,127,NA,NA,168,NA,240,44.112337,-71.230138
"MYRGAL",2019,"WM","6A","8",112,119,119,93,NA,168,NA,249,44.112337,-71.230138
"MYRGAL",2019,"WM","6B","11",112,135,119,NA,NA,NA,NA,249,44.112337,-71.230138
"MYRGAL",2019,"WM","6B","4",112,123,127,112,NA,NA,NA,240,44.112337,-71.230138
"MYRGAL",2019,"WM","6B","8",112,144,119,NA,93,NA,NA,249,44.112337,-71.230138
"MYRGAL",2020,"GR","8A","4",111,NA,143,NA,NA,NA,NA,282,44.794942,-71.146683
"MYRGAL",2020,"GR","8B","4",NA,NA,NA,NA,NA,NA,NA,NA,44.794942,-71.146683
"MYRGAL",2020,"GR","8C","4",108,NA,127.5,NA,NA,NA,NA,282,44.794942,-71.146683
"MYRGAL",2020,"GR","8D","4",119,NA,148,NA,NA,NA,263,NA,44.794942,-71.146683
"MYRGAL",2020,"SH","1","8",111,NA,135,NA,NA,NA,NA,282,45.932675,-74.02507
"MYRGAL",2020,"SH","1A","4",108,NA,130.5,NA,NA,NA,NA,282,45.932675,-74.02507
"MYRGAL",2020,"SH","1B","4",100,NA,135,NA,NA,NA,274,NA,45.932675,-74.02507
"MYRGAL",2020,"SH","2","8",NA,NA,133,NA,NA,NA,NA,282,45.932675,-74.02507
"MYRGAL",2020,"SH","2A","4",114,NA,133,NA,NA,NA,NA,282,45.932675,-74.02507
"MYRGAL",2020,"SH","2B","4",108,NA,133,NA,NA,NA,NA,282,45.932675,-74.02507
"MYRGAL",2020,"SH","99","14",NA,NA,133,NA,NA,NA,296.75,282,45.932675,-74.02507
"MYRGAL",2020,"WM","6","14",NA,NA,133,NA,NA,NA,NA,282,44.112337,-71.230138
"MYRGAL",2020,"WM","6A","11",NA,NA,135,NA,NA,NA,NA,282,44.112337,-71.230138
"MYRGAL",2020,"WM","6A","4",100,NA,133,NA,NA,NA,292,282,44.112337,-71.230138
"MYRGAL",2020,"WM","6A","8",108,NA,133,NA,NA,NA,NA,282,44.112337,-71.230138
"MYRGAL",2020,"WM","6B","11",NA,NA,133,NA,NA,NA,NA,282,44.112337,-71.230138
"MYRGAL",2020,"WM","6B","4",122,NA,148,NA,NA,NA,NA,282,44.112337,-71.230138
"MYRGAL",2020,"WM","6B","8",NA,NA,133,NA,NA,NA,NA,282,44.112337,-71.230138
"QUEALB",2018,"HF","4","15",NA,NA,138,NA,NA,NA,NA,NA,42.531705,-72.18992
"QUEALB",2018,"HF","4A","16",NA,NA,142,NA,NA,NA,NA,NA,42.531705,-72.18992
"QUEALB",2018,"HF","4B","16",NA,NA,142,NA,NA,NA,NA,NA,42.531705,-72.18992
"QUEALB",2019,"HF","4","15",119,NA,140,NA,NA,NA,NA,245,42.531705,-72.18992
"QUEALB",2019,"HF","4A","16",115,NA,127,NA,NA,NA,NA,232,42.531705,-72.18992
"QUEALB",2019,"HF","4B","16",129,NA,147,NA,NA,NA,NA,249,42.531705,-72.18992
"QUEALB",2020,"HF","4","15",NA,NA,NA,NA,NA,NA,NA,NA,42.531705,-72.18992
"QUEALB",2020,"HF","4A","16",NA,NA,143,NA,NA,NA,NA,263,42.531705,-72.18992
"QUEALB",2020,"HF","4B","16",NA,NA,NA,NA,NA,NA,NA,NA,42.531705,-72.18992
"QUERUB",2018,"HF","9","5",103,NA,124,NA,NA,NA,NA,NA,42.531705,-72.18992
"QUERUB",2018,"HF","99","5",114,NA,131,NA,NA,NA,NA,NA,42.531705,-72.18992
"QUERUB",2018,"WM","9","9",116,NA,138,NA,NA,NA,NA,232,44.112337,-71.230138
"QUERUB",2019,"HF","9","5",NA,NA,123,NA,NA,NA,NA,232,42.531705,-72.18992
"QUERUB",2019,"HF","99","5",135,NA,147,NA,NA,NA,NA,232,42.531705,-72.18992
"QUERUB",2019,"WM","9","9",NA,NA,140,NA,NA,NA,NA,249,44.112337,-71.230138
"QUERUB",2020,"HF","9","5",NA,NA,133,NA,NA,NA,NA,241,42.531705,-72.18992
"QUERUB",2020,"HF","99","5",128,NA,143,NA,NA,NA,NA,241,42.531705,-72.18992
"QUERUB",2020,"WM","9","12",NA,NA,NA,NA,NA,NA,NA,NA,44.112337,-71.230138
"QUERUB",2020,"WM","9","9",NA,NA,NA,NA,NA,NA,NA,NA,44.112337,-71.230138
"SAMRAC",2018,"GR","1","10",NA,NA,142,NA,NA,NA,NA,NA,44.794942,-71.146683
"SAMRAC",2018,"GR","2","7",82,138,121,82,128,142,161,NA,44.794942,-71.146683
"SAMRAC",2018,"GR","4","10",64,NA,124,NA,NA,NA,NA,NA,44.794942,-71.146683
"SAMRAC",2018,"GR","4","7",NA,142,121,107,124,NA,162.666666666667,NA,44.794942,-71.146683
"SAMRAC",2018,"GR","4A","14",NA,NA,135,NA,NA,NA,NA,NA,44.794942,-71.146683
"SAMRAC",2018,"GR","7","10",58,NA,131,NA,NA,NA,NA,NA,44.794942,-71.146683
"SAMRAC",2018,"GR","7A","7",96,142,121,93,128,145,159,NA,44.794942,-71.146683
"SAMRAC",2018,"GR","7B","7",110,142,124,114,128,145,162.666666666667,NA,44.794942,-71.146683
"SAMRAC",2018,"GR","8","13",58,NA,121,100,128,142,159,NA,44.794942,-71.146683
"SAMRAC",2018,"GR","9","7",58,135,124,82,128,142,161,NA,44.794942,-71.146683
"SAMRAC",2018,"HF","A","10",58,NA,124,156,170,187,NA,NA,42.531705,-72.18992
"SAMRAC",2018,"HF","A","13",58,NA,124,149,170,187,NA,NA,42.531705,-72.18992
"SAMRAC",2018,"HF","B","10",58,NA,124,170,173,187,NA,NA,42.531705,-72.18992
"SAMRAC",2018,"HF","B","13",58,194,124,142,170,187,NA,277,42.531705,-72.18992
"SAMRAC",2018,"HF","C","13",86,NA,124,142,170,180,NA,NA,42.531705,-72.18992
"SAMRAC",2018,"HF","D","13",86,NA,124,151,170,194,213,NA,42.531705,-72.18992
"SAMRAC",2019,"GR","1","10",97,NA,119,NA,NA,NA,NA,NA,44.794942,-71.146683
"SAMRAC",2019,"GR","2","7",93,146,112,93,NA,135,NA,253,44.794942,-71.146683
"SAMRAC",2019,"GR","4","7",93,142,112,93,NA,135,NA,260,44.794942,-71.146683
"SAMRAC",2019,"GR","4A","14",119,NA,135,NA,NA,NA,NA,NA,44.794942,-71.146683
"SAMRAC",2019,"GR","7","10",93,140,112,97,NA,135,168,274,44.794942,-71.146683
"SAMRAC",2019,"GR","7A","7",93,NA,112,93,NA,135,168,260,44.794942,-71.146683
"SAMRAC",2019,"GR","7B","7",93,147,112,103,NA,140,168,274,44.794942,-71.146683
"SAMRAC",2019,"GR","8","13",NA,140,112,97,NA,135,168,NA,44.794942,-71.146683
"SAMRAC",2019,"GR","9","7",93,141,112,93,NA,135,NA,249,44.794942,-71.146683
"SAMRAC",2019,"HF","A","10",86,183,115,140,NA,183,NA,274,42.531705,-72.18992
"SAMRAC",2019,"HF","A","13",86,183,115,140,NA,183,NA,NA,42.531705,-72.18992
"SAMRAC",2019,"HF","B","10",86,183,115,147,NA,183,NA,274,42.531705,-72.18992
"SAMRAC",2019,"HF","B","13",86,183,119,140,NA,183,NA,274,42.531705,-72.18992
"SAMRAC",2019,"HF","C","13",86,183,115,147,NA,183,221,274,42.531705,-72.18992
"SAMRAC",2019,"HF","D","13",86,183,115,150,NA,183,NA,274,42.531705,-72.18992
"SAMRAC",2020,"GR","1","10",NA,NA,133,NA,NA,NA,NA,NA,44.794942,-71.146683
"SAMRAC",2020,"GR","2","7",63,NA,120.5,NA,NA,NA,175,282,44.794942,-71.146683
"SAMRAC",2020,"GR","4","10",NA,NA,133,NA,NA,NA,220,268,44.794942,-71.146683
"SAMRAC",2020,"GR","4","7",69,NA,120.5,NA,NA,NA,175,282,44.794942,-71.146683
"SAMRAC",2020,"GR","4A","14",NA,NA,NA,NA,NA,NA,NA,NA,44.794942,-71.146683
"SAMRAC",2020,"GR","7","10",NA,NA,NA,NA,NA,NA,NA,282,44.794942,-71.146683
"SAMRAC",2020,"GR","7A","7",78,NA,122,NA,NA,NA,167,NA,44.794942,-71.146683
"SAMRAC",2020,"GR","7B","7",78,NA,126,NA,NA,NA,175,282,44.794942,-71.146683
"SAMRAC",2020,"GR","8","13",NA,NA,133,NA,NA,NA,175,282,44.794942,-71.146683
"SAMRAC",2020,"GR","9","7",63,NA,120.5,NA,NA,NA,175,282,44.794942,-71.146683
"SAMRAC",2020,"HF","A","10",NA,NA,133,NA,NA,NA,220,268,42.531705,-72.18992
"SAMRAC",2020,"HF","A","13",NA,NA,133,NA,NA,NA,229,268,42.531705,-72.18992
"SAMRAC",2020,"HF","B","10",NA,NA,NA,NA,NA,NA,NA,282,42.531705,-72.18992
"SAMRAC",2020,"HF","B","13",NA,NA,133,NA,NA,NA,214,282,42.531705,-72.18992
"SAMRAC",2020,"HF","C","13",NA,NA,133,NA,NA,NA,220,268,42.531705,-72.18992
"SAMRAC",2020,"HF","D","13",NA,NA,133,NA,NA,NA,220,282,42.531705,-72.18992
"SORAME",2018,"GR","9A","10",NA,NA,138,NA,NA,NA,NA,263,44.794942,-71.146683
"SORAME",2018,"GR","9A","7",96,NA,131,NA,NA,NA,NA,NA,44.794942,-71.146683
"SORAME",2018,"GR","9B","10",103,NA,131,NA,NA,NA,NA,225,44.794942,-71.146683
"SORAME",2018,"GR","9B","7",103,163,131,142,151,166,187.2,NA,44.794942,-71.146683
"SORAME",2018,"GR","9C","7",103,NA,135,NA,NA,NA,NA,NA,44.794942,-71.146683
"SORAME",2018,"GR","9D","7",103,NA,NA,NA,NA,NA,NA,NA,44.794942,-71.146683
"SORAME",2018,"SH","1A","13",110,NA,131,NA,NA,NA,NA,NA,45.932675,-74.02507
"SORAME",2018,"SH","1B","13",110,163,131,128,156,166,204,NA,45.932675,-74.02507
"SORAME",2018,"SH","3","13",NA,NA,135,NA,NA,NA,NA,NA,45.932675,-74.02507
"SORAME",2018,"SH","3","14",NA,NA,138,NA,NA,NA,NA,NA,45.932675,-74.02507
"SORAME",2018,"SH","3","7",110,NA,131,NA,NA,NA,NA,NA,45.932675,-74.02507
"SORAME",2018,"SH","3A","10",114,NA,138,NA,NA,NA,NA,221,45.932675,-74.02507
"SORAME",2018,"SH","3B","10",124,166,131,131,156,184,163,NA,45.932675,-74.02507
"SORAME",2019,"GR","9A","7",119,NA,141,NA,NA,NA,NA,249,44.794942,-71.146683
"SORAME",2019,"GR","9B","10",112,161,119,129,NA,168,228,245,44.794942,-71.146683
"SORAME",2019,"GR","9B","7",NA,155,115,127,NA,161,NA,245,44.794942,-71.146683
"SORAME",2019,"GR","9C","7",107,NA,123,NA,NA,NA,NA,245,44.794942,-71.146683
"SORAME",2019,"GR","9D","7",115,NA,135,NA,NA,NA,NA,249,44.794942,-71.146683
"SORAME",2019,"SH","1A","13",97,NA,132.5,NA,NA,NA,NA,240,45.932675,-74.02507
"SORAME",2019,"SH","1B","13",97,155,115,123,NA,161,228,240,45.932675,-74.02507
"SORAME",2019,"SH","3","13",119,NA,140,142,NA,NA,NA,240,45.932675,-74.02507
"SORAME",2019,"SH","3","14",112,NA,127,NA,NA,NA,NA,245,45.932675,-74.02507
"SORAME",2019,"SH","3","7",107,155,119,115,NA,168,225,240,45.932675,-74.02507
"SORAME",2019,"SH","3A","10",NA,NA,155,NA,NA,NA,NA,NA,45.932675,-74.02507
"SORAME",2019,"SH","3B","10",112,NA,137,NA,NA,NA,NA,NA,45.932675,-74.02507
"SORAME",2020,"GR","9A","10",NA,NA,133,NA,NA,NA,NA,NA,44.794942,-71.146683
"SORAME",2020,"GR","9A","7",114,NA,135,NA,NA,NA,NA,NA,44.794942,-71.146683
"SORAME",2020,"GR","9B","10",NA,NA,135,NA,NA,NA,NA,NA,44.794942,-71.146683
"SORAME",2020,"GR","9B","7",108,164,135,NA,NA,NA,NA,282,44.794942,-71.146683
"SORAME",2020,"GR","9C","7",111,NA,143,NA,NA,NA,NA,282,44.794942,-71.146683
"SORAME",2020,"GR","9D","7",NA,NA,NA,NA,NA,NA,NA,NA,44.794942,-71.146683
"SORAME",2020,"SH","1A","13",NA,157,133,NA,NA,NA,NA,NA,45.932675,-74.02507
"SORAME",2020,"SH","1B","13",NA,157,135,NA,NA,NA,NA,NA,45.932675,-74.02507
"SORAME",2020,"SH","3","13",NA,NA,143,NA,NA,NA,NA,268,45.932675,-74.02507
"SORAME",2020,"SH","3","14",NA,NA,143,NA,NA,NA,NA,282,45.932675,-74.02507
"SORAME",2020,"SH","3","7",119,NA,143,NA,NA,NA,NA,268,45.932675,-74.02507
"SORAME",2020,"SH","3A","10",NA,NA,NA,NA,NA,NA,NA,NA,45.932675,-74.02507
"SORAME",2020,"SH","3B","10",NA,NA,NA,NA,NA,NA,NA,NA,45.932675,-74.02507
"SPIALB",2018,"GR","12","4",89,231,121,159,170,197,NA,NA,44.794942,-71.146683
"SPIALB",2018,"GR","12A","8",89,NA,121,159,184,211,219,NA,44.794942,-71.146683
"SPIALB",2018,"GR","12B","8",93,208,124,159,173,211,NA,NA,44.794942,-71.146683
"SPIALB",2018,"GR","3","4",93,194,124,159,180,197,NA,NA,44.794942,-71.146683
"SPIALB",2018,"GR","3","8",96,228,121,156,170,187,NA,NA,44.794942,-71.146683
"SPIALB",2018,"GR","5","8",96,201,124,156,173,211,NA,NA,44.794942,-71.146683
"SPIALB",2018,"GR","7","4",93,200,124,156,170,204,191.25,NA,44.794942,-71.146683
"SPIALB",2018,"GR","9","8",93,187,121,156,177,191,NA,NA,44.794942,-71.146683
"SPIALB",2018,"HF","1","4",93,208,121,156,173,211,219,NA,42.531705,-72.18992
"SPIALB",2018,"HF","10","11",96,211,124,159,180,213,NA,NA,42.531705,-72.18992
"SPIALB",2018,"HF","2","8",93,NA,124,163,180,211,NA,NA,42.531705,-72.18992
"SPIALB",2018,"HF","3","8",96,215.666666666667,121,159,166,197,156,NA,42.531705,-72.18992
"SPIALB",2018,"HF","4A","11",93,NA,124,163,173,197,NA,NA,42.531705,-72.18992
"SPIALB",2018,"HF","4A","4",93,208,124,159,173,211,219,NA,42.531705,-72.18992
"SPIALB",2018,"HF","4B","11",93,197,124,163,184,200,NA,NA,42.531705,-72.18992
"SPIALB",2018,"HF","8","4",93,NA,124,159,180,204,219,NA,42.531705,-72.18992
"SPIALB",2018,"SH","1","4",93,NA,124,159,173,187,219,NA,45.932675,-74.02507
"SPIALB",2018,"SH","4A","4",93,200,121,156,170,204,219,NA,45.932675,-74.02507
"SPIALB",2018,"SH","4B","4",89,197,124,156,166,200,191.25,NA,45.932675,-74.02507
"SPIALB",2018,"SH","7","4",93,197,121,156,173,200,219,NA,45.932675,-74.02507
"SPIALB",2018,"SH","7A","8",96,208,121,170,187,211,NA,NA,45.932675,-74.02507
"SPIALB",2018,"SH","7B","8",89,NA,121,159,173,187,156,NA,45.932675,-74.02507
"SPIALB",2018,"SH","8","4",93,197,121,159,177,200,219,NA,45.932675,-74.02507
"SPIALB",2018,"SH","9A","4",93,197,121,159,170,200,NA,NA,45.932675,-74.02507
"SPIALB",2018,"SH","9B","4",93,225,121,156,173,187,NA,NA,45.932675,-74.02507
"SPIALB",2018,"WM","2A","4",96,197,124,163,180,200,219,NA,44.112337,-71.230138
"SPIALB",2018,"WM","2B","11",NA,NA,124,221,228,246,NA,NA,44.112337,-71.230138
"SPIALB",2018,"WM","2B","4",93,187,124,159,173,194,NA,NA,44.112337,-71.230138
"SPIALB",2018,"WM","4A","11",93,NA,121,159,180,197,219,NA,44.112337,-71.230138
"SPIALB",2018,"WM","4B","11",93,NA,121,159,173,197,161,NA,44.112337,-71.230138
"SPIALB",2018,"WM","4C","11",93,NA,121,151,173,187,161,NA,44.112337,-71.230138
"SPIALB",2018,"WM","5","11",110,200,124,166,184,204,NA,NA,44.112337,-71.230138
"SPIALB",2018,"WM","7A","4",93,197,124,159,173,200,219,NA,44.112337,-71.230138
"SPIALB",2018,"WM","7A","8",93,NA,121,151,170,187,NA,NA,44.112337,-71.230138
"SPIALB",2018,"WM","7B","4",93,197,121,151,166,200,219,NA,44.112337,-71.230138
"SPIALB",2018,"WM","7B","8",93,NA,128,163,184,197,157,NA,44.112337,-71.230138
"SPIALB",2019,"GR","12","4",NA,183,112,NA,NA,183,NA,NA,44.794942,-71.146683
"SPIALB",2019,"GR","12A","8",93,NA,127,NA,NA,183,NA,274,44.794942,-71.146683
"SPIALB",2019,"GR","12B","8",100,197,115,NA,NA,183,NA,263,44.794942,-71.146683
"SPIALB",2019,"GR","3","4",NA,NA,112,155,NA,183,NA,256,44.794942,-71.146683
"SPIALB",2019,"GR","3","8",93,197,112,150,NA,183,NA,256,44.794942,-71.146683
"SPIALB",2019,"GR","5","8",NA,197,NA,112,NA,197,NA,260,44.794942,-71.146683
"SPIALB",2019,"GR","7","4",93,183,112,147,NA,183,NA,267,44.794942,-71.146683
"SPIALB",2019,"GR","9","8",93,183,112,150,NA,183,NA,NA,44.794942,-71.146683
"SPIALB",2019,"HF","1","4",93,193,112,161,NA,183,NA,NA,42.531705,-72.18992
"SPIALB",2019,"HF","10","11",97,183,112,155,NA,183,NA,256,42.531705,-72.18992
"SPIALB",2019,"HF","2","8",97,NA,115,155,NA,197,NA,267,42.531705,-72.18992
"SPIALB",2019,"HF","3","8",93,186,112,155,NA,NA,NA,NA,42.531705,-72.18992
"SPIALB",2019,"HF","4A","11",93,183,112,147,NA,183,NA,274,42.531705,-72.18992
"SPIALB",2019,"HF","4A","4",93,197,112,155,NA,183,NA,NA,42.531705,-72.18992
"SPIALB",2019,"HF","4B","11",100,193,115,161,NA,193,NA,NA,42.531705,-72.18992
"SPIALB",2019,"HF","8","4",93,197,112,155,NA,193,NA,253,42.531705,-72.18992
"SPIALB",2019,"SH","1","4",NA,197,112,155,NA,183,NA,260,45.932675,-74.02507
"SPIALB",2019,"SH","4A","4",93,183,112,147,NA,183,NA,267,45.932675,-74.02507
"SPIALB",2019,"SH","4B","4",93,183,115,150,NA,183,NA,NA,45.932675,-74.02507
"SPIALB",2019,"SH","7","4",93,183,115,150,NA,183,228,274,45.932675,-74.02507
"SPIALB",2019,"SH","7A","8",NA,197,112,161,NA,197,NA,263,45.932675,-74.02507
"SPIALB",2019,"SH","7B","8",93,NA,112,155,NA,183,NA,253,45.932675,-74.02507
"SPIALB",2019,"SH","8","4",93,197,112,NA,NA,183,NA,263,45.932675,-74.02507
"SPIALB",2019,"SH","9A","4",93,NA,112,147,NA,183,NA,263,45.932675,-74.02507
"SPIALB",2019,"SH","9B","4",97,183,115,147,NA,183,NA,260,45.932675,-74.02507
"SPIALB",2019,"WM","2A","4",97,183,115,155,NA,183,NA,263,44.112337,-71.230138
"SPIALB",2019,"WM","2B","11",93,NA,112,183,NA,197,NA,253,44.112337,-71.230138
"SPIALB",2019,"WM","2B","4",97,NA,115,155,NA,183,NA,NA,44.112337,-71.230138
"SPIALB",2019,"WM","4A","11",93,NA,112,NA,NA,183,NA,NA,44.112337,-71.230138
"SPIALB",2019,"WM","4B","11",93,183,112,147,NA,183,NA,NA,44.112337,-71.230138
"SPIALB",2019,"WM","4C","11",93,183,112,147,NA,183,NA,NA,44.112337,-71.230138
"SPIALB",2019,"WM","5","11",93,193,112,161,NA,193,NA,253,44.112337,-71.230138
"SPIALB",2019,"WM","7A","4",NA,NA,112,150,NA,183,NA,263,44.112337,-71.230138
"SPIALB",2019,"WM","7A","8",93,183,112,112,NA,183,NA,NA,44.112337,-71.230138
"SPIALB",2019,"WM","7B","4",93,183,112,147,NA,183,NA,NA,44.112337,-71.230138
"SPIALB",2019,"WM","7B","8",97,183,112,NA,NA,183,NA,253,44.112337,-71.230138
"SPIALB",2020,"GR","12","4",85,NA,122,NA,NA,NA,278,NA,44.794942,-71.146683
"SPIALB",2020,"GR","12A","8",78,NA,122,NA,NA,NA,274.333333333333,282,44.794942,-71.146683
"SPIALB",2020,"GR","12B","8",NA,NA,133,NA,NA,NA,274.333333333333,282,44.794942,-71.146683
"SPIALB",2020,"GR","3","4",78,NA,122,NA,NA,NA,283.333333333333,NA,44.794942,-71.146683
"SPIALB",2020,"GR","3","8",NA,NA,133,NA,NA,NA,287.5,282,44.794942,-71.146683
"SPIALB",2020,"GR","5","8",78,NA,108,NA,NA,NA,287.5,282,44.794942,-71.146683
"SPIALB",2020,"GR","7","4",85,NA,123.5,NA,NA,NA,270.5,NA,44.794942,-71.146683
"SPIALB",2020,"GR","9","8",NA,NA,133,NA,NA,NA,276.666666666667,282,44.794942,-71.146683
"SPIALB",2020,"HF","1","4",85,NA,120.5,NA,NA,NA,273.25,NA,42.531705,-72.18992
"SPIALB",2020,"HF","10","11",NA,NA,133,NA,NA,NA,279.333333333333,282,42.531705,-72.18992
"SPIALB",2020,"HF","2","8",NA,NA,133,NA,NA,NA,287.5,282,42.531705,-72.18992
"SPIALB",2020,"HF","3","8",NA,NA,133,NA,NA,NA,274,282,42.531705,-72.18992
"SPIALB",2020,"HF","4A","11",NA,NA,133,NA,NA,NA,278,282,42.531705,-72.18992
"SPIALB",2020,"HF","4A","4",85,NA,122,NA,NA,NA,275,NA,42.531705,-72.18992
"SPIALB",2020,"HF","4B","11",NA,NA,133,NA,NA,NA,283.333333333333,282,42.531705,-72.18992
"SPIALB",2020,"HF","8","4",69,NA,116.5,NA,NA,NA,274,NA,42.531705,-72.18992
"SPIALB",2020,"SH","1","4",69,NA,116.5,NA,NA,NA,274.333333333333,NA,45.932675,-74.02507
"SPIALB",2020,"SH","4A","4",78,NA,116.5,NA,NA,NA,272.75,NA,45.932675,-74.02507
"SPIALB",2020,"SH","4B","4",78,NA,120.5,NA,NA,NA,274.333333333333,NA,45.932675,-74.02507
"SPIALB",2020,"SH","7","4",85,NA,123.5,NA,NA,NA,281,NA,45.932675,-74.02507
"SPIALB",2020,"SH","7A","8",NA,NA,133,NA,NA,NA,276.25,282,45.932675,-74.02507
"SPIALB",2020,"SH","7B","8",NA,NA,133,NA,NA,NA,276.666666666667,282,45.932675,-74.02507
"SPIALB",2020,"SH","8","4",91,NA,120.5,NA,NA,NA,265,NA,45.932675,-74.02507
"SPIALB",2020,"SH","9A","4",91,NA,130.5,NA,NA,NA,268.5,NA,45.932675,-74.02507
"SPIALB",2020,"SH","9B","4",78,NA,122,NA,NA,NA,279.333333333333,NA,45.932675,-74.02507
"SPIALB",2020,"WM","2A","11",NA,NA,NA,NA,NA,NA,NA,NA,44.112337,-71.230138
"SPIALB",2020,"WM","2A","4",85,NA,122,NA,NA,NA,278.5,NA,44.112337,-71.230138
"SPIALB",2020,"WM","2B","11",NA,NA,133,NA,NA,NA,287.5,282,44.112337,-71.230138
"SPIALB",2020,"WM","2B","4",85,NA,126,NA,NA,NA,287.5,NA,44.112337,-71.230138
"SPIALB",2020,"WM","4A","11",NA,NA,133,NA,NA,NA,274,282,44.112337,-71.230138
"SPIALB",2020,"WM","4B","11",NA,NA,133,NA,NA,NA,279.333333333333,282,44.112337,-71.230138
"SPIALB",2020,"WM","4C","11",NA,NA,133,NA,NA,NA,279.333333333333,282,44.112337,-71.230138
"SPIALB",2020,"WM","5","11",NA,NA,133,NA,NA,NA,287.5,282,44.112337,-71.230138
"SPIALB",2020,"WM","7A","4",85,NA,120.5,NA,NA,NA,276.666666666667,282,44.112337,-71.230138
"SPIALB",2020,"WM","7A","8",85,NA,122,NA,NA,NA,287.5,NA,44.112337,-71.230138
"SPIALB",2020,"WM","7B","4",69,NA,123.5,NA,NA,NA,272,NA,44.112337,-71.230138
"SPIALB",2020,"WM","7B","8",NA,NA,133,NA,NA,NA,287.5,282,44.112337,-71.230138
"SPITOM",2018,"GR","1","8",103,200,124,170,187,204,156,NA,44.794942,-71.146683
"SPITOM",2018,"GR","1A","11",100,202,124,166,187,204,159.333333333333,NA,44.794942,-71.146683
"SPITOM",2018,"GR","1B","11",100,197,124,170,184,200,159,NA,44.794942,-71.146683
"SPITOM",2018,"GR","2B","8",96,225,131,163,187,204,190,NA,44.794942,-71.146683
"SPITOM",2018,"GR","2C","8",93,NA,124,159,NA,NA,NA,NA,44.794942,-71.146683
"SPITOM",2018,"GR","2D","8",93,208,131,173,187,211,157,NA,44.794942,-71.146683
"SPITOM",2018,"GR","2E","8",93,200,131,173,187,204,157,NA,44.794942,-71.146683
"SPITOM",2018,"HF","13","8",103,208,124,159,191,211,NA,NA,42.531705,-72.18992
"SPITOM",2018,"HF","4","8",93,NA,124,170,184,211,157,NA,42.531705,-72.18992
"SPITOM",2018,"HF","5","11",114,211,142,177,194,213,159,NA,42.531705,-72.18992
"SPITOM",2018,"HF","6","11",135,211,NA,204,208,213,NA,NA,42.531705,-72.18992
"SPITOM",2018,"HF","6A","8",107,204,NA,177,187,208,219,NA,42.531705,-72.18992
"SPITOM",2018,"HF","6B","8",100,NA,124,159,191,211,NA,NA,42.531705,-72.18992
"SPITOM",2018,"HF","9A","8",100,NA,121,159,191,211,NA,NA,42.531705,-72.18992
"SPITOM",2018,"HF","9B","8",96,208,124,166,187,211,163,NA,42.531705,-72.18992
"SPITOM",2018,"SH","9","4",96,208,124,159,187,211,219,NA,45.932675,-74.02507
"SPITOM",2018,"SH","99","4",93,211,124,159,187,213,199.666666666667,NA,45.932675,-74.02507
"SPITOM",2018,"SH","99B","11",103,204,124,170,187,208,179.333333333333,NA,45.932675,-74.02507
"SPITOM",2018,"SH","99C","11",103,204,124,173,187,208,159.5,NA,45.932675,-74.02507
"SPITOM",2018,"SH","99D","11",107,204,124,170,191,208,219,NA,45.932675,-74.02507
"SPITOM",2018,"SH","99E","11",103,211,124,170,187,219,166,NA,45.932675,-74.02507
"SPITOM",2018,"SH","99F","11",96,218,124,170,187,211,162.5,NA,45.932675,-74.02507
"SPITOM",2018,"WM","4A","8",93,204,124,173,187,208,157,NA,44.112337,-71.230138
"SPITOM",2018,"WM","4B","8",96,204,124,170,187,208,NA,NA,44.112337,-71.230138
"SPITOM",2018,"WM","5","8",93,NA,124,177,187,204,NA,NA,44.112337,-71.230138
"SPITOM",2018,"WM","5A","4",93,167.5,124,173,121,208,219,NA,44.112337,-71.230138
"SPITOM",2018,"WM","5B","4",93,197,124,166,124,200,219,NA,44.112337,-71.230138
"SPITOM",2018,"WM","5C","4",96,206,124,159,187,211,219,NA,44.112337,-71.230138
"SPITOM",2018,"WM","5D","4",93,197,124,159,184,200,219,NA,44.112337,-71.230138
"SPITOM",2018,"WM","5E","4",96,200,124,163,187,204,219,NA,44.112337,-71.230138
"SPITOM",2019,"GR","1","8",97,197,119,168,NA,197,NA,253,44.794942,-71.146683
"SPITOM",2019,"GR","1A","11",97,193,119,168,NA,193,NA,253,44.794942,-71.146683
"SPITOM",2019,"GR","1B","11",100,193,115,168,NA,193,NA,253,44.794942,-71.146683
"SPITOM",2019,"GR","2B","8",97,193,112,147,NA,193,NA,256,44.794942,-71.146683
"SPITOM",2019,"GR","2C","8",107,197,119,168,NA,197,NA,260,44.794942,-71.146683
"SPITOM",2019,"GR","2D","8",100,197,119,168,NA,199,NA,263,44.794942,-71.146683
"SPITOM",2019,"HF","13","8",100,NA,119,NA,NA,197,NA,253,42.531705,-72.18992
"SPITOM",2019,"HF","4","8",97,197,119,168,NA,197,NA,249,42.531705,-72.18992
"SPITOM",2019,"HF","5","11",112,NA,150,NA,NA,197,NA,260,42.531705,-72.18992
"SPITOM",2019,"HF","6","11",112,NA,155,NA,NA,218,NA,NA,42.531705,-72.18992
"SPITOM",2019,"HF","6A","8",97,193,115,168,NA,193,NA,256,42.531705,-72.18992
"SPITOM",2019,"HF","6B","8",NA,206,119,NA,190,NA,NA,260,42.531705,-72.18992
"SPITOM",2019,"HF","9A","8",93,197,119,NA,NA,197,NA,253,42.531705,-72.18992
"SPITOM",2019,"HF","9B","8",97,197,119,168,NA,197,NA,253,42.531705,-72.18992
"SPITOM",2019,"SH","9","4",107,197,119,147,NA,197,NA,253,45.932675,-74.02507
"SPITOM",2019,"SH","99","4",NA,197,119,179,NA,197,NA,253,45.932675,-74.02507
"SPITOM",2019,"SH","99B","11",103,193,119,168,NA,193,NA,256,45.932675,-74.02507
"SPITOM",2019,"SH","99C","11",103,193,119,168,NA,197,NA,249,45.932675,-74.02507
"SPITOM",2019,"SH","99D","11",103,197,119,168,NA,197,NA,253,45.932675,-74.02507
"SPITOM",2019,"SH","99E","11",97,197,119,NA,NA,197,NA,253,45.932675,-74.02507
"SPITOM",2019,"SH","99F","11",103,193,135,168,NA,193,NA,253,45.932675,-74.02507
"SPITOM",2019,"WM","4A","8",97,193,115,168,NA,193,NA,256,44.112337,-71.230138
"SPITOM",2019,"WM","4B","8",97,197,115,168,NA,197,NA,256,44.112337,-71.230138
"SPITOM",2019,"WM","5","8",97,197,115,168,NA,197,NA,256,44.112337,-71.230138
"SPITOM",2019,"WM","5A","4",NA,NA,115,97,NA,NA,NA,256,44.112337,-71.230138
"SPITOM",2019,"WM","5B","4",97,197,115,183,NA,197,NA,256,44.112337,-71.230138
"SPITOM",2019,"WM","5C","4",97,197,115,165,NA,197,NA,NA,44.112337,-71.230138
"SPITOM",2019,"WM","5D","4",NA,197,119,168,NA,197,NA,256,44.112337,-71.230138
"SPITOM",2019,"WM","5E","4",103,197,119,183,NA,197,NA,253,44.112337,-71.230138
"SPITOM",2020,"GR","1","8",NA,NA,133,NA,NA,NA,274.333333333333,282,44.794942,-71.146683
"SPITOM",2020,"GR","1A","11",NA,NA,133,NA,NA,NA,287.5,282,44.794942,-71.146683
"SPITOM",2020,"GR","1B","11",NA,NA,133,NA,NA,NA,287.5,282,44.794942,-71.146683
"SPITOM",2020,"GR","2B","8",91,NA,126,NA,NA,NA,272,282,44.794942,-71.146683
"SPITOM",2020,"GR","2C","8",NA,NA,133,NA,NA,NA,287.5,282,44.794942,-71.146683
"SPITOM",2020,"GR","2D","8",NA,NA,133,NA,NA,NA,287.5,282,44.794942,-71.146683
"SPITOM",2020,"HF","13","8",NA,NA,133,NA,NA,NA,287.5,282,42.531705,-72.18992
"SPITOM",2020,"HF","4","8",NA,NA,133,NA,NA,NA,287.5,282,42.531705,-72.18992
"SPITOM",2020,"HF","5","11",NA,NA,NA,NA,NA,NA,NA,NA,42.531705,-72.18992
"SPITOM",2020,"HF","6","11",NA,NA,133,NA,NA,NA,287.5,282,42.531705,-72.18992
"SPITOM",2020,"HF","6A","8",85,NA,126,NA,NA,NA,287.5,282,42.531705,-72.18992
"SPITOM",2020,"HF","6B","8",NA,NA,133,NA,NA,NA,276.666666666667,282,42.531705,-72.18992
"SPITOM",2020,"HF","9A","8",NA,NA,133,NA,NA,NA,276.666666666667,282,42.531705,-72.18992
"SPITOM",2020,"HF","9B","8",NA,NA,133,NA,NA,NA,293,282,42.531705,-72.18992
"SPITOM",2020,"SH","9","4",85,NA,130.5,NA,NA,NA,274.333333333333,NA,45.932675,-74.02507
"SPITOM",2020,"SH","99","4",98,NA,135,NA,NA,NA,279.333333333333,NA,45.932675,-74.02507
"SPITOM",2020,"SH","99A","11",NA,NA,NA,NA,NA,NA,NA,NA,45.932675,-74.02507
"SPITOM",2020,"SH","99B","11",NA,NA,133,NA,NA,NA,274.333333333333,282,45.932675,-74.02507
"SPITOM",2020,"SH","99C","11",NA,NA,133,NA,NA,NA,287.5,282,45.932675,-74.02507
"SPITOM",2020,"SH","99D","11",NA,NA,133,NA,NA,NA,287.5,282,45.932675,-74.02507
"SPITOM",2020,"SH","99E","11",NA,NA,133,NA,NA,NA,287.5,282,45.932675,-74.02507
"SPITOM",2020,"SH","99F","11",NA,NA,133,NA,NA,NA,272,282,45.932675,-74.02507
"SPITOM",2020,"WM","4A","8",85,NA,123.5,NA,NA,NA,274.333333333333,282,44.112337,-71.230138
"SPITOM",2020,"WM","4B","8",NA,NA,133,NA,NA,NA,274.333333333333,282,44.112337,-71.230138
"SPITOM",2020,"WM","5","8",NA,NA,133,NA,NA,NA,274.333333333333,282,44.112337,-71.230138
"SPITOM",2020,"WM","5A","4",NA,NA,130.5,NA,NA,NA,248,NA,44.112337,-71.230138
"SPITOM",2020,"WM","5B","4",111,NA,133,NA,NA,NA,282,NA,44.112337,-71.230138
"SPITOM",2020,"WM","5C","4",91,NA,135,NA,NA,NA,248,NA,44.112337,-71.230138
"SPITOM",2020,"WM","5D","4",78,NA,123.5,NA,NA,NA,272,NA,44.112337,-71.230138
"SPITOM",2020,"WM","5E","4",85,NA,119,NA,NA,NA,287.5,NA,44.112337,-71.230138
"VACMR",2018,"GR","10B","13",NA,NA,142,NA,NA,NA,NA,NA,44.794942,-71.146683
"VACMR",2019,"GR","10B","13",103,NA,NA,NA,NA,NA,NA,NA,44.794942,-71.146683
"VACMR",2020,"GR","10B","13",NA,NA,NA,NA,NA,NA,NA,NA,44.794942,-71.146683
"VACMYR",2018,"GR","10A","13",114,NA,NA,NA,NA,142,NA,NA,44.794942,-71.146683
"VACMYR",2018,"GR","10C","13",NA,NA,135,NA,135,142,NA,NA,44.794942,-71.146683
"VACMYR",2018,"WM","5","13",114,141.5,131,121,124,NA,NA,NA,44.112337,-71.230138
"VACMYR",2019,"GR","10A","13",147,NA,NA,NA,NA,NA,NA,NA,44.794942,-71.146683
"VACMYR",2019,"WM","5","13",NA,NA,147,NA,NA,NA,NA,245,44.112337,-71.230138
"VACMYR",2020,"GR","10A","13",NA,NA,NA,NA,NA,NA,NA,NA,44.794942,-71.146683
"VACMYR",2020,"GR","10C","13",NA,NA,NA,NA,NA,NA,NA,268,44.794942,-71.146683
"VACMYR",2020,"WM","5","13",NA,NA,NA,NA,NA,NA,NA,282,44.112337,-71.230138
"VIBCAS",2018,"GR","10","11",103,NA,121,NA,NA,NA,NA,NA,44.794942,-71.146683
"VIBCAS",2018,"GR","10","4",103,NA,124,NA,NA,NA,NA,NA,44.794942,-71.146683
"VIBCAS",2018,"GR","12A","4",103,NA,124,124,149,159,NA,NA,44.794942,-71.146683
"VIBCAS",2018,"GR","12A","8",96,NA,124,NA,NA,NA,NA,NA,44.794942,-71.146683
"VIBCAS",2018,"GR","12B","4",100,NA,124,NA,NA,NA,NA,NA,44.794942,-71.146683
"VIBCAS",2018,"GR","12B","8",103,NA,121,NA,NA,NA,NA,NA,44.794942,-71.146683
"VIBCAS",2018,"GR","3","14",NA,NA,135,NA,NA,NA,NA,NA,44.794942,-71.146683
"VIBCAS",2018,"GR","5","8",110,NA,128,NA,NA,NA,NA,NA,44.794942,-71.146683
"VIBCAS",2018,"GR","9","4",103,NA,121,NA,NA,NA,NA,NA,44.794942,-71.146683
"VIBCAS",2018,"HF","7A","14",NA,NA,135,NA,NA,NA,NA,NA,42.531705,-72.18992
"VIBCAS",2018,"SH","1","4",100,NA,121,NA,NA,NA,NA,NA,45.932675,-74.02507
"VIBCAS",2018,"SH","1A","8",103,NA,121,NA,NA,NA,NA,NA,45.932675,-74.02507
"VIBCAS",2018,"SH","1B","8",96,NA,128,NA,NA,NA,NA,NA,45.932675,-74.02507
"VIBCAS",2018,"SH","5","4",103,166,124,121,151,170,187,NA,45.932675,-74.02507
"VIBCAS",2018,"SH","5A","8",110,166,124,121,151,170,197.285714285714,NA,45.932675,-74.02507
"VIBCAS",2018,"SH","5B","8",103,NA,124,NA,NA,NA,NA,NA,45.932675,-74.02507
"VIBCAS",2018,"SH","5C","8",96,NA,124,NA,NA,NA,NA,NA,45.932675,-74.02507
"VIBCAS",2018,"SH","9","11",96,NA,124,NA,NA,NA,NA,NA,45.932675,-74.02507
"VIBCAS",2018,"WM","10","11",96,NA,121,NA,NA,NA,NA,NA,44.112337,-71.230138
"VIBCAS",2018,"WM","4","11",96,163,124,124,151,166,193.8,NA,44.112337,-71.230138
"VIBCAS",2018,"WM","4","4",103,NA,124,NA,NA,NA,NA,NA,44.112337,-71.230138
"VIBCAS",2018,"WM","4","8",114,156,124,128,149,159,206,NA,44.112337,-71.230138
"VIBCAS",2018,"WM","7","14",NA,NA,135,NA,NA,NA,NA,NA,44.112337,-71.230138
"VIBCAS",2018,"WM","9A","11",110,NA,124,NA,NA,NA,NA,NA,44.112337,-71.230138
"VIBCAS",2018,"WM","9A","8",96,NA,124,NA,NA,NA,NA,NA,44.112337,-71.230138
"VIBCAS",2018,"WM","9B","11",110,NA,124,NA,NA,NA,NA,NA,44.112337,-71.230138
"VIBCAS",2018,"WM","9B","8",93,NA,124,NA,NA,NA,NA,NA,44.112337,-71.230138
"VIBCAS",2019,"GR","10","11",100,155,115,112,NA,168,NA,249,44.794942,-71.146683
"VIBCAS",2019,"GR","10","4",97,161,115,112,NA,161,NA,240,44.794942,-71.146683
"VIBCAS",2019,"GR","12A","4",100,161,115,112,NA,165,NA,245,44.794942,-71.146683
"VIBCAS",2019,"GR","12A","8",97,155,112,112,NA,168,NA,253,44.794942,-71.146683
"VIBCAS",2019,"GR","12B","4",NA,NA,115,NA,NA,NA,NA,249,44.794942,-71.146683
"VIBCAS",2019,"GR","12B","8",97,161,112,112,NA,168,NA,249,44.794942,-71.146683
"VIBCAS",2019,"GR","3","14",97,NA,115,NA,NA,NA,NA,253,44.794942,-71.146683
"VIBCAS",2019,"GR","5","8",103,NA,112,NA,NA,NA,NA,249,44.794942,-71.146683
"VIBCAS",2019,"GR","9","4",103,161,112,127,NA,168,NA,274,44.794942,-71.146683
"VIBCAS",2019,"HF","7A","14",107,NA,119,NA,NA,NA,NA,260,42.531705,-72.18992
"VIBCAS",2019,"SH","1","4",100,161,115,127,NA,165,NA,274,45.932675,-74.02507
"VIBCAS",2019,"SH","1A","8",93,NA,112,NA,NA,NA,NA,253,45.932675,-74.02507
"VIBCAS",2019,"SH","1B","8",100,155,115,115,NA,168,NA,240,45.932675,-74.02507
"VIBCAS",2019,"SH","5","4",103,161,112,115,NA,168,NA,256,45.932675,-74.02507
"VIBCAS",2019,"SH","5A","8",103,161,115,112,NA,168,NA,263,45.932675,-74.02507
"VIBCAS",2019,"SH","5B","8",103,161,112,112,NA,168,NA,253,45.932675,-74.02507
"VIBCAS",2019,"SH","5C","8",NA,161,NA,127,NA,168,NA,256,45.932675,-74.02507
"VIBCAS",2019,"SH","9","11",100,NA,119,NA,NA,NA,NA,249,45.932675,-74.02507
"VIBCAS",2019,"WM","10","11",100,NA,112,NA,NA,NA,NA,240,44.112337,-71.230138
"VIBCAS",2019,"WM","4","11",100,161,112,119,NA,NA,NA,253,44.112337,-71.230138
"VIBCAS",2019,"WM","4","4",103,161,115,115,NA,168,NA,240,44.112337,-71.230138
"VIBCAS",2019,"WM","4","8",107,161,115,112,NA,168,NA,245,44.112337,-71.230138
"VIBCAS",2019,"WM","7","14",100,NA,119,NA,NA,NA,NA,240,44.112337,-71.230138
"VIBCAS",2019,"WM","9A","11",103,NA,119,NA,NA,NA,NA,253,44.112337,-71.230138
"VIBCAS",2019,"WM","9A","8",97,NA,112,NA,NA,NA,NA,249,44.112337,-71.230138
"VIBCAS",2019,"WM","9B","11",97,NA,112,NA,NA,NA,NA,253,44.112337,-71.230138
"VIBCAS",2019,"WM","9B","8",103,NA,113.5,NA,NA,NA,NA,240,44.112337,-71.230138
"VIBCAS",2020,"GR","10","11",NA,164,133,NA,NA,NA,287.5,248,44.794942,-71.146683
"VIBCAS",2020,"GR","10","4",69,NA,123.5,NA,NA,NA,241,282,44.794942,-71.146683
"VIBCAS",2020,"GR","12A","4",78,157,120.5,NA,NA,NA,214,282,44.794942,-71.146683
"VIBCAS",2020,"GR","12A","8",85,NA,122,NA,NA,NA,NA,282,44.794942,-71.146683
"VIBCAS",2020,"GR","12B","4",78,157,122,NA,NA,NA,NA,282,44.794942,-71.146683
"VIBCAS",2020,"GR","12B","8",NA,NA,133,NA,NA,NA,248,282,44.794942,-71.146683
"VIBCAS",2020,"GR","3","14",NA,NA,133,NA,NA,NA,287.5,282,44.794942,-71.146683
"VIBCAS",2020,"GR","5","8",NA,NA,133,NA,NA,NA,NA,282,44.794942,-71.146683
"VIBCAS",2020,"GR","9","4",85,NA,126,NA,NA,NA,NA,275,44.794942,-71.146683
"VIBCAS",2020,"HF","7A","14",NA,NA,133,NA,NA,NA,NA,282,42.531705,-72.18992
"VIBCAS",2020,"SH","1","4",85,NA,122,NA,NA,NA,265,293,45.932675,-74.02507
"VIBCAS",2020,"SH","1A","8",78,NA,108,NA,NA,NA,NA,NA,45.932675,-74.02507
"VIBCAS",2020,"SH","1B","8",NA,NA,133,NA,NA,NA,287.5,282,45.932675,-74.02507
"VIBCAS",2020,"SH","5","4",78,NA,126,NA,NA,NA,287.5,293,45.932675,-74.02507
"VIBCAS",2020,"SH","5A","8",85,NA,126,NA,NA,NA,NA,NA,45.932675,-74.02507
"VIBCAS",2020,"SH","5B","8",78,NA,127.5,NA,NA,NA,287.5,263,45.932675,-74.02507
"VIBCAS",2020,"SH","5C","8",85,NA,130.5,NA,NA,NA,248,275,45.932675,-74.02507
"VIBCAS",2020,"SH","9","11",NA,NA,133,NA,NA,NA,NA,248,45.932675,-74.02507
"VIBCAS",2020,"WM","10","11",NA,NA,133,NA,NA,NA,NA,282,44.112337,-71.230138
"VIBCAS",2020,"WM","4","11",NA,NA,133,NA,NA,NA,NA,282,44.112337,-71.230138
"VIBCAS",2020,"WM","4","4",85,NA,123.5,NA,NA,NA,214,282,44.112337,-71.230138
"VIBCAS",2020,"WM","4","8",91,NA,123.5,NA,NA,NA,NA,282,44.112337,-71.230138
"VIBCAS",2020,"WM","7","14",NA,NA,133,NA,NA,NA,NA,282,44.112337,-71.230138
"VIBCAS",2020,"WM","9A","11",NA,NA,133,NA,NA,NA,NA,282,44.112337,-71.230138
"VIBCAS",2020,"WM","9A","8",NA,NA,133,NA,NA,NA,287.5,282,44.112337,-71.230138
"VIBCAS",2020,"WM","9B","11",NA,NA,133,NA,NA,NA,NA,282,44.112337,-71.230138
"VIBCAS",2020,"WM","9B","8",NA,NA,133,NA,NA,NA,NA,282,44.112337,-71.230138
