"sp","site","rep","ind","set","space","order","plotno"
"VIBCAS","SH","1","VIBCAS_SH_1","Shrub Sun",1,1,4
"VIBCAS","GR","4","VIBCAS_GR_4","Shrub Sun",1,2,4
"SPIALB","GR","1","SPIALB_GR_1","Shrub Sun",1,3,4
"SPITOM","WM","5","SPITOM_WM_5","Shrub Sun",1,4,4
"SPIALB","WM","2","SPIALB_WM_2","Shrub Sun",1,5,4
"MYRGAL","SH","8","MYRGAL_SH_8","Shrub Sun",1,6,4
"MYRGAL","GR","9","MYRGAL_GR_9","Shrub Sun",1,7,4
"AROMEL","WM","2","AROMEL_WM_2","Shrub Sun",1,8,4
"AROMEL","WM","6","AROMEL_WM_6","Shrub Sun",1,9,4
"SPIALB","SH","7","SPIALB_SH_7","Shrub Sun",1,10,4
"SPITOM","WM","9","SPITOM_WM_9","Shrub Sun",1,11,4
"MYRGAL","SH","3","MYRGAL_SH_3","Shrub Sun",1,12,4
"MYRGAL","HF","4","MYRGAL_HF_4","Shrub Sun",1,13,4
"SPIALB","HF","1","SPIALB_HF_1","Shrub Sun",1,14,4
"AROMEL","SH","4","AROMEL_SH_4","Shrub Sun",1,15,4
"SPITOM","SH","2","SPITOM_SH_2","Shrub Sun",1,16,4
"MYRGAL","GR","6","MYRGAL_GR_6","Shrub Sun",1,17,4
"SPIALB","HF","5","SPIALB_HF_5","Shrub Sun",1,18,4
"SPITOM","SH","6","SPITOM_SH_6","Shrub Sun",1,19,4
"SPITOM","WM","8","SPITOM_WM_8","Shrub Sun",1,20,4
"MYRGAL","HF","8","MYRGAL_HF_8","Shrub Sun",1,21,4
"MYRGAL","SH","4","MYRGAL_SH_4","Shrub Sun",1,22,4
"SPIALB","GR","2","SPIALB_GR_2","Shrub Sun",1,23,4
"VIBCAS","WM","2","VIBCAS_WM_2","Shrub Sun",1,24,4
"VIBCAS","GR","7","VIBCAS_GR_7","Shrub Sun",1,25,4
"MYRGAL","WM","6","MYRGAL_WM_6","Shrub Sun",1,26,4
"AROMEL","WM","3","AROMEL_WM_3","Shrub Sun",1,27,4
"SPIALB","SH","2","SPIALB_SH_2","Shrub Sun",1,28,4
"SPIALB","SH","1","SPIALB_SH_1","Shrub Sun",1,29,4
"MYRGAL","WM","7","MYRGAL_WM_7","Shrub Sun",1,30,4
"SPIALB","GR","9","SPIALB_GR_9","Shrub Sun",1,31,4
"MYRGAL","HF","3","MYRGAL_HF_3","Shrub Sun",1,32,4
"SPIALB","WM","6","SPIALB_WM_6","Shrub Sun",1,33,4
"VIBCAS","HF","1","VIBCAS_HF_1","Shrub Sun",1,34,4
"VIBCAS","GR","1","VIBCAS_GR_1","Shrub Sun",1,35,4
"MYRGAL","GR","7","MYRGAL_GR_7","Shrub Sun",1,36,4
"SPIALB","HF","8","SPIALB_HF_8","Shrub Sun",1,37,4
"SPITOM","WM","7","SPITOM_WM_7","Shrub Sun",1,38,4
"MYRGAL","HF","1","MYRGAL_HF_1","Shrub Sun",1,39,4
"MYRGAL","SH","2","MYRGAL_SH_2","Shrub Sun",1,40,4
"VIBCAS","SH","7","VIBCAS_SH_7","Shrub Sun",1,41,4
"MYRGAL","GR","1","MYRGAL_GR_1","Shrub Sun",1,42,4
"SPIALB","WM","7","SPIALB_WM_7","Shrub Sun",1,43,4
"SPITOM","WM","3","SPITOM_WM_3","Shrub Sun",1,44,4
"AROMEL","HF","1","AROMEL_HF_1","Shrub Sun",1,45,4
"AROMEL","WM","4","AROMEL_WM_4","Shrub Sun",1,46,4
"SPIALB","SH","8","SPIALB_SH_8","Shrub Sun",1,47,4
"VIBCAS","GR","3","VIBCAS_GR_3","Shrub Sun",1,48,4
"VIBCAS","HF","3","VIBCAS_HF_3","Shrub Sun",1,49,8
"SPITOM","GR","3","SPITOM_GR_3","Shrub Sun",1,50,8
"SPITOM","GR","6","SPITOM_GR_6","Shrub Sun",1,51,8
"AROMEL","HF","4","AROMEL_HF_4","Shrub Sun",1,52,8
"MYRGAL","HF","9","MYRGAL_HF_9","Shrub Sun",1,53,8
"VIBCAS","SH","4","VIBCAS_SH_4","Shrub Sun",1,54,8
"MYRGAL","WM","4","MYRGAL_WM_4","Shrub Sun",1,55,8
"VIBCAS","WM","3","VIBCAS_WM_3","Shrub Sun",1,56,8
"MYRGAL","SH","1","MYRGAL_SH_1","Shrub Sun",1,57,8
"VIBCAS","SH","8","VIBCAS_SH_8","Shrub Sun",1,58,8
"AROMEL","HF","9","AROMEL_HF_9","Shrub Sun",1,59,8
"AROMEL","WM","9","AROMEL_WM_9","Shrub Sun",1,60,8
"SPIALB","WM","8","SPIALB_WM_8","Shrub Sun",1,61,8
"VIBCAS","GR","8","VIBCAS_GR_8","Shrub Sun",1,62,8
"AROMEL","GR","4","AROMEL_GR_4","Shrub Sun",1,63,8
"AROMEL","SH","6","AROMEL_SH_6","Shrub Sun",1,64,8
"SPITOM","WM","1","SPITOM_WM_1","Shrub Sun",1,65,8
"SPITOM","HF","6","SPITOM_HF_6","Shrub Sun",1,66,8
"SPIALB","GR","3","SPIALB_GR_3","Shrub Sun",1,67,8
"VIBCAS","SH","6","VIBCAS_SH_6","Shrub Sun",1,68,8
"MYRGAL","HF","7","MYRGAL_HF_7","Shrub Sun",1,69,8
"SPITOM","HF","4","SPITOM_HF_4","Shrub Sun",1,70,8
"SPITOM","HF","8","SPITOM_HF_8","Shrub Sun",1,71,8
"SPIALB","WM","1","SPIALB_WM_1","Shrub Sun",1,72,8
"AROMEL","SH","1","AROMEL_SH_1","Shrub Sun",1,73,8
"AROMEL","SH","7","AROMEL_SH_7","Shrub Sun",1,74,8
"AROMEL","SH","8","AROMEL_SH_8","Shrub Sun",1,75,8
"SPIALB","GR","8","SPIALB_GR_8","Shrub Sun",1,76,8
"SPIALB","GR","5","SPIALB_GR_5","Shrub Sun",1,77,8
"MYRGAL","SH","7","MYRGAL_SH_7","Shrub Sun",1,78,8
"VIBCAS","GR","2","VIBCAS_GR_2","Shrub Sun",1,79,8
"AROMEL","GR","2","AROMEL_GR_2","Shrub Sun",1,80,8
"SPITOM","HF","1","SPITOM_HF_1","Shrub Sun",1,81,8
"MYRGAL","HF","6","MYRGAL_HF_6","Shrub Sun",1,82,8
"SPIALB","HF","6","SPIALB_HF_6","Shrub Sun",1,83,8
"SPIALB","SH","6","SPIALB_SH_6","Shrub Sun",1,84,8
"VIBCAS","WM","9","VIBCAS_WM_9","Shrub Sun",1,85,8
"VIBCAS","HF","4","VIBCAS_HF_4","Shrub Sun",1,86,8
"SPITOM","GR","8","SPITOM_GR_8","Shrub Sun",1,87,8
"VIBCAS","SH","2","VIBCAS_SH_2","Shrub Sun",1,88,8
"AROMEL","GR","5","AROMEL_GR_5","Shrub Sun",1,89,8
"VIBCAS","WM","6","VIBCAS_WM_6","Shrub Sun",1,90,8
"SPIALB","HF","7","SPIALB_HF_7","Shrub Sun",1,91,8
"VIBCAS","GR","5","VIBCAS_GR_5","Shrub Sun",1,92,8
"SPIALB","SH","3","SPIALB_SH_3","Shrub Sun",1,93,8
"MYRGAL","GR","5","MYRGAL_GR_5","Shrub Sun",1,94,8
"VIBCAS","GR","9","VIBCAS_GR_9","Shrub Sun",1,95,8
"MYRGAL","WM","2","MYRGAL_WM_2","Shrub Sun",1,96,8
"AROMEL","GR","6","AROMEL_GR_6","Shrub Sun",1,97,8
"SPITOM","SH","5","SPITOM_SH_5","Shrub Sun",1,98,11
"MYRGAL","WM","9","MYRGAL_WM_9","Shrub Sun",1,99,11
"SPITOM","GR","7","SPITOM_GR_7","Shrub Sun",1,100,11
"SPIALB","HF","4","SPIALB_HF_4","Shrub Sun",1,101,11
"VIBCAS","WM","5","VIBCAS_WM_5","Shrub Sun",1,102,11
"SPIALB","SH","5","SPIALB_SH_5","Shrub Sun",1,103,11
"AROMEL","HF","5","AROMEL_HF_5","Shrub Sun",1,104,11
"MYRGAL","WM","5","MYRGAL_WM_5","Shrub Sun",1,105,11
"SPITOM","SH","4","SPITOM_SH_4","Shrub Sun",1,106,11
"AROMEL","SH","9","AROMEL_SH_9","Shrub Sun",1,107,11
"SPITOM","WM","6","SPITOM_WM_6","Shrub Sun",1,108,11
"MYRGAL","GR","8","MYRGAL_GR_8","Shrub Sun",1,109,11
"MYRGAL","WM","3","MYRGAL_WM_3","Shrub Sun",1,110,11
"AROMEL","GR","8","AROMEL_GR_8","Shrub Sun",1,111,11
"SPITOM","SH","8","SPITOM_SH_8","Shrub Sun",1,112,11
"MYRGAL","WM","8","MYRGAL_WM_8","Shrub Sun",1,113,11
"SPIALB","HF","9","SPIALB_HF_9","Shrub Sun",1,114,11
"SPIALB","WM","5","SPIALB_WM_5","Shrub Sun",1,115,11
"VIBCAS","WM","8","VIBCAS_WM_8","Shrub Sun",1,116,11
"SPITOM","SH","3","SPITOM_SH_3","Shrub Sun",1,117,11
"MYRGAL","SH","6","MYRGAL_SH_6","Shrub Sun",1,118,11
"MYRGAL","GR","3","MYRGAL_GR_3","Shrub Sun",1,119,11
"VIBCAS","HF","5","VIBCAS_HF_5","Shrub Sun",1,120,11
"AROMEL","GR","7","AROMEL_GR_7","Shrub Sun",1,121,11
"VIBCAS","GR","6","VIBCAS_GR_6","Shrub Sun",1,122,11
"VIBCAS","SH","3","VIBCAS_SH_3","Shrub Sun",1,123,11
"AROMEL","WM","8","AROMEL_WM_8","Shrub Sun",1,124,11
"VIBCAS","WM","7","VIBCAS_WM_7","Shrub Sun",1,125,11
"SPIALB","SH","9","SPIALB_SH_9","Shrub Sun",1,126,11
"VIBCAS","WM","1","VIBCAS_WM_1","Shrub Sun",1,127,11
"VIBCAS","HF","6","VIBCAS_HF_6","Shrub Sun",1,128,11
"SPIALB","HF","3","SPIALB_HF_3","Shrub Sun",1,129,11
"SPITOM","GR","4","SPITOM_GR_4","Shrub Sun",1,130,11
"SPITOM","GR","1","SPITOM_GR_1","Shrub Sun",1,131,11
"SPIALB","GR","7","SPIALB_GR_7","Shrub Sun",1,132,11
"SPITOM","GR","5","SPITOM_GR_5","Shrub Sun",1,133,11
"AROMEL","GR","3","AROMEL_GR_3","Shrub Sun",1,134,11
"AROMEL","SH","2","AROMEL_SH_2","Shrub Sun",1,135,11
"AROMEL","GR","9","AROMEL_GR_9","Shrub Sun",1,136,11
"AROMEL","GR","1","AROMEL_GR_1","Shrub Sun",1,137,11
"SPIALB","WM","3","SPIALB_WM_3","Shrub Sun",1,138,11
"SPITOM","SH","7","SPITOM_SH_7","Shrub Sun",1,139,11
"SPIALB","WM","4","SPIALB_WM_4","Shrub Sun",1,140,11
"SPITOM","SH","9","SPITOM_SH_9","Shrub Sun",1,141,11
"AROMEL","HF","3","AROMEL_HF_3","Shrub Sun",1,142,11
"SPITOM","HF","7","SPITOM_HF_7","Shrub Sun",1,143,11
"SPIALB","GR","4","SPIALB_GR_4","Shrub Sun",1,144,11
"MYRGAL","SH","5","MYRGAL_SH_5","Shrub Sun",1,145,11
"AROMEL","WM","5","AROMEL_WM_5","Shrub Sun",1,146,11
"AROMEL","HF","8","AROMEL_HF_8","Shrub Sun",1,147,14
"MYRGAL","SH","9","MYRGAL_SH_9","Shrub Sun",1,148,14
"MYRGAL","GR","2","MYRGAL_GR_2","Shrub Sun",1,149,14
"SPITOM","WM","4","SPITOM_WM_4","Shrub Sun",1,150,14
"SPIALB","SH","4","SPIALB_SH_4","Shrub Sun",1,151,14
"MYRGAL","HF","2","MYRGAL_HF_2","Shrub Sun",1,152,14
"VIBCAS","HF","7","VIBCAS_HF_7","Shrub Sun",1,153,14
"AROMEL","HF","2","AROMEL_HF_2","Shrub Sun",1,154,14
"AROMEL","HF","6","AROMEL_HF_6","Shrub Sun",1,155,14
"SPITOM","SH","1","SPITOM_SH_1","Shrub Sun",1,156,14
"VIBCAS","SH","5","VIBCAS_SH_5","Shrub Sun",1,157,14
"AROMEL","WM","1","AROMEL_WM_1","Shrub Sun",1,158,14
"SPITOM","GR","9","SPITOM_GR_9","Shrub Sun",1,159,14
"MYRGAL","GR","4","MYRGAL_GR_4","Shrub Sun",1,160,14
"SPITOM","HF","5","SPITOM_HF_5","Shrub Sun",1,161,14
"MYRGAL","WM","1","MYRGAL_WM_1","Shrub Sun",1,162,14
"VIBCAS","SH","9","VIBCAS_SH_9","Shrub Sun",1,163,14
"SPITOM","WM","2","SPITOM_WM_2","Shrub Sun",1,164,14
"SPITOM","HF","2","SPITOM_HF_2","Shrub Sun",1,165,14
"VIBCAS","HF","2","VIBCAS_HF_2","Shrub Sun",1,166,14
"VIBCAS","HF","8","VIBCAS_HF_8","Shrub Sun",1,167,14
"VIBCAS","WM","4","VIBCAS_WM_4","Shrub Sun",1,168,14
"AROMEL","SH","5","AROMEL_SH_5","Shrub Sun",1,169,14
"SPITOM","HF","3","SPITOM_HF_3","Shrub Sun",1,170,14
"SPITOM","GR","2","SPITOM_GR_2","Shrub Sun",1,171,14
"AROMEL","HF","7","AROMEL_HF_7","Shrub Sun",1,172,14
"MYRGAL","HF","5","MYRGAL_HF_5","Shrub Sun",1,173,14
"SPIALB","HF","2","SPIALB_HF_2","Shrub Sun",1,174,14
"AROMEL","SH","3","AROMEL_SH_3","Shrub Sun",1,175,14
"VIBCAS","HF","9","VIBCAS_HF_9","Shrub Sun",1,176,14
"AROMEL","WM","7","AROMEL_WM_7","Shrub Sun",1,177,14
"SPIALB","WM","9","SPIALB_WM_9","Shrub Sun",1,178,14
"SPIALB","GR","6","SPIALB_GR_6","Shrub Sun",1,179,14
"SPITOM","HF","9","SPITOM_HF_9","Shrub Sun",1,180,14
"BETPAP","GR","9","BETPAP_GR_9","Tree",1.5,1,1
"ACEPEN","SH","7","ACEPEN_SH_7","Tree",3,2,1
"BETPAP","SH","1","BETPAP_SH_1","Tree",1.5,3,1
"ALNINC","GR","5","ALNINC_GR_5","Tree",3,4,1
"BETPOP","WM","9","BETPOP_WM_9","Tree",1.5,5,1
"BETALL","WM","6","BETALL_WM_6","Tree",1.5,6,1
"ALNINC","WM","3","ALNINC_WM_3","Tree",3,7,1
"BETPOP","HF","2","BETPOP_HF_2","Tree",1.5,8,1
"BETALL","GR","7","BETALL_GR_7","Tree",1.5,9,1
"ACEPEN","SH","8","ACEPEN_SH_8","Tree",3,10,1
"ACEPEN","SH","3","ACEPEN_SH_3","Tree",3,11,1
"ALNINC","WM","6","ALNINC_WM_6","Tree",3,12,1
"ALNINC","HF","1","ALNINC_HF_1","Tree",3,13,1
"BETALL","GR","1","BETALL_GR_1","Tree",1.5,14,1
"BETPOP","GR","9","BETPOP_GR_9","Tree",1.5,15,1
"AMECAN","HF","8","AMECAN_HF_8","Tree",1.5,16,1
"BETPAP","SH","5","BETPAP_SH_5","Tree",1.5,17,1
"ALNINC","WM","9","ALNINC_WM_9","Tree",3,18,1
"ALNINC","SH","5","ALNINC_SH_5","Tree",3,19,2
"ALNINC","SH","4","ALNINC_SH_4","Tree",3,20,2
"AMECAN","WM","6","AMECAN_WM_6","Tree",1.5,21,2
"BETPAP","GR","7","BETPAP_GR_7","Tree",1.5,22,2
"BETALL","GR","6","BETALL_GR_6","Tree",1.5,23,2
"AMECAN","HF","6","AMECAN_HF_6","Tree",1.5,24,2
"ALNINC","WM","8","ALNINC_WM_8","Tree",3,25,2
"BETPAP","HF","4","BETPAP_HF_4","Tree",1.5,26,2
"BETPOP","HF","5","BETPOP_HF_5","Tree",1.5,27,2
"BETPAP","WM","5","BETPAP_WM_5","Tree",1.5,28,2
"ACEPEN","HF","6","ACEPEN_HF_6","Tree",3,29,2
"BETPOP","WM","4","BETPOP_WM_4","Tree",1.5,30,2
"ACEPEN","WM","2","ACEPEN_WM_2","Tree",3,31,2
"BETPAP","GR","6","BETPAP_GR_6","Tree",1.5,32,2
"ALNINC","HF","9","ALNINC_HF_9","Tree",3,33,2
"BETPOP","HF","7","BETPOP_HF_7","Tree",1.5,34,2
"AMECAN","WM","8","AMECAN_WM_8","Tree",1.5,35,2
"AMECAN","HF","1","AMECAN_HF_1","Tree",1.5,36,2
"AMECAN","GR","8","AMECAN_GR_8","Tree",1.5,37,2
"ALNINC","WM","5","ALNINC_WM_5","Tree",3,38,2
"ACEPEN","HF","5","ACEPEN_HF_5","Tree",3,39,2
"BETALL","GR","4","BETALL_GR_4","Tree",1.5,40,3
"BETPAP","HF","6","BETPAP_HF_6","Tree",1.5,41,3
"AMECAN","GR","7","AMECAN_GR_7","Tree",1.5,42,3
"AMECAN","WM","9","AMECAN_WM_9","Tree",1.5,43,3
"BETPAP","SH","7","BETPAP_SH_7","Tree",1.5,44,3
"BETPAP","WM","7","BETPAP_WM_7","Tree",1.5,45,3
"BETALL","SH","1","BETALL_SH_1","Tree",1.5,46,3
"BETPOP","GR","1","BETPOP_GR_1","Tree",1.5,47,3
"BETALL","GR","9","BETALL_GR_9","Tree",1.5,48,3
"ACEPEN","SH","4","ACEPEN_SH_4","Tree",3,49,3
"BETPAP","GR","4","BETPAP_GR_4","Tree",1.5,50,3
"AMECAN","GR","2","AMECAN_GR_2","Tree",1.5,51,3
"BETALL","GR","5","BETALL_GR_5","Tree",1.5,52,3
"BETPOP","SH","2","BETPOP_SH_2","Tree",1.5,53,3
"ALNINC","GR","1","ALNINC_GR_1","Tree",3,54,3
"BETPOP","GR","5","BETPOP_GR_5","Tree",1.5,55,3
"AMECAN","WM","4","AMECAN_WM_4","Tree",1.5,56,3
"ALNINC","GR","9","ALNINC_GR_9","Tree",3,57,3
"ALNINC","GR","2","ALNINC_GR_2","Tree",3,58,3
"ALNINC","WM","1","ALNINC_WM_1","Tree",3,59,3
"ACEPEN","HF","9","ACEPEN_HF_9","Tree",3,60,3
"BETPOP","WM","7","BETPOP_WM_7","Tree",1.5,61,3
"BETPAP","GR","3","BETPAP_GR_3","Tree",1.5,62,5
"BETALL","WM","7","BETALL_WM_7","Tree",1.5,63,5
"BETALL","WM","1","BETALL_WM_1","Tree",1.5,64,5
"ACEPEN","HF","8","ACEPEN_HF_8","Tree",3,65,5
"BETPAP","SH","4","BETPAP_SH_4","Tree",1.5,66,5
"AMECAN","GR","3","AMECAN_GR_3","Tree",1.5,67,5
"ALNINC","GR","6","ALNINC_GR_6","Tree",3,68,5
"AMECAN","WM","1","AMECAN_WM_1","Tree",1.5,69,5
"AMECAN","HF","5","AMECAN_HF_5","Tree",1.5,70,5
"AMECAN","SH","7","AMECAN_SH_7","Tree",1.5,71,5
"ALNINC","GR","3","ALNINC_GR_3","Tree",3,72,5
"ACEPEN","GR","3","ACEPEN_GR_3","Tree",3,73,5
"AMECAN","GR","5","AMECAN_GR_5","Tree",1.5,74,5
"ACEPEN","WM","5","ACEPEN_WM_5","Tree",3,75,5
"BETPAP","WM","6","BETPAP_WM_6","Tree",1.5,76,5
"BETPAP","HF","8","BETPAP_HF_8","Tree",1.5,77,5
"AMECAN","HF","2","AMECAN_HF_2","Tree",1.5,78,5
"ACEPEN","GR","6","ACEPEN_GR_6","Tree",3,79,5
"BETPAP","WM","1","BETPAP_WM_1","Tree",1.5,80,5
"BETALL","WM","8","BETALL_WM_8","Tree",1.5,81,5
"ALNINC","SH","1","ALNINC_SH_1","Tree",3,82,5
"BETALL","SH","3","BETALL_SH_3","Tree",1.5,83,6
"BETPOP","GR","4","BETPOP_GR_4","Tree",1.5,84,6
"BETPOP","SH","6","BETPOP_SH_6","Tree",1.5,85,6
"AMECAN","SH","6","AMECAN_SH_6","Tree",1.5,86,6
"BETPAP","GR","8","BETPAP_GR_8","Tree",1.5,87,6
"BETPOP","SH","7","BETPOP_SH_7","Tree",1.5,88,6
"BETPOP","HF","3","BETPOP_HF_3","Tree",1.5,89,6
"BETALL","GR","3","BETALL_GR_3","Tree",1.5,90,6
"AMECAN","HF","3","AMECAN_HF_3","Tree",1.5,91,6
"BETALL","SH","6","BETALL_SH_6","Tree",1.5,92,6
"BETPAP","HF","1","BETPAP_HF_1","Tree",1.5,93,6
"BETPOP","HF","8","BETPOP_HF_8","Tree",1.5,94,6
"ALNINC","HF","5","ALNINC_HF_5","Tree",3,95,6
"AMECAN","WM","5","AMECAN_WM_5","Tree",1.5,96,6
"BETALL","HF","9","BETALL_HF_9","Tree",1.5,97,6
"ACEPEN","HF","4","ACEPEN_HF_4","Tree",3,98,6
"ACEPEN","SH","5","ACEPEN_SH_5","Tree",3,99,6
"AMECAN","SH","5","AMECAN_SH_5","Tree",1.5,100,6
"BETPAP","HF","5","BETPAP_HF_5","Tree",1.5,101,6
"AMECAN","GR","1","AMECAN_GR_1","Tree",1.5,102,6
"BETPAP","WM","2","BETPAP_WM_2","Tree",1.5,103,6
"BETPAP","WM","4","BETPAP_WM_4","Tree",1.5,104,6
"BETPOP","WM","3","BETPOP_WM_3","Tree",1.5,105,6
"ACEPEN","WM","6","ACEPEN_WM_6","Tree",3,106,6
"BETALL","GR","2","BETALL_GR_2","Tree",1.5,107,9
"ALNINC","SH","2","ALNINC_SH_2","Tree",3,108,9
"BETPAP","GR","1","BETPAP_GR_1","Tree",1.5,109,9
"AMECAN","HF","9","AMECAN_HF_9","Tree",1.5,110,9
"BETPAP","GR","2","BETPAP_GR_2","Tree",1.5,111,9
"BETALL","WM","5","BETALL_WM_5","Tree",1.5,112,9
"BETALL","SH","5","BETALL_SH_5","Tree",1.5,113,9
"ALNINC","WM","7","ALNINC_WM_7","Tree",3,114,9
"BETALL","HF","6","BETALL_HF_6","Tree",1.5,115,9
"BETALL","WM","9","BETALL_WM_9","Tree",1.5,116,9
"ACEPEN","WM","7","ACEPEN_WM_7","Tree",3,117,9
"BETPAP","SH","9","BETPAP_SH_9","Tree",1.5,118,9
"ALNINC","HF","3","ALNINC_HF_3","Tree",3,119,9
"BETALL","SH","7","BETALL_SH_7","Tree",1.5,120,9
"BETALL","GR","8","BETALL_GR_8","Tree",1.5,121,9
"ACEPEN","WM","3","ACEPEN_WM_3","Tree",3,122,9
"BETPOP","HF","1","BETPOP_HF_1","Tree",1.5,123,9
"BETALL","SH","8","BETALL_SH_8","Tree",1.5,124,9
"ACEPEN","SH","6","ACEPEN_SH_6","Tree",3,125,9
"BETPOP","WM","1","BETPOP_WM_1","Tree",1.5,126,9
"BETPOP","HF","6","BETPOP_HF_6","Tree",1.5,127,9
"ALNINC","SH","9","ALNINC_SH_9","Tree",3,128,12
"ACEPEN","WM","1","ACEPEN_WM_1","Tree",3,129,12
"ACEPEN","HF","1","ACEPEN_HF_1","Tree",3,130,12
"ACEPEN","WM","9","ACEPEN_WM_9","Tree",3,131,12
"AMECAN","HF","7","AMECAN_HF_7","Tree",1.5,132,12
"AMECAN","WM","2","AMECAN_WM_2","Tree",1.5,133,12
"ACEPEN","GR","9","ACEPEN_GR_9","Tree",3,134,12
"BETPAP","HF","2","BETPAP_HF_2","Tree",1.5,135,12
"BETPOP","GR","8","BETPOP_GR_8","Tree",1.5,136,12
"BETPAP","HF","3","BETPAP_HF_3","Tree",1.5,137,12
"ALNINC","HF","8","ALNINC_HF_8","Tree",3,138,12
"BETPOP","GR","3","BETPOP_GR_3","Tree",1.5,139,12
"BETPOP","GR","7","BETPOP_GR_7","Tree",1.5,140,12
"AMECAN","GR","4","AMECAN_GR_4","Tree",1.5,141,12
"BETPOP","HF","4","BETPOP_HF_4","Tree",1.5,142,12
"BETALL","HF","1","BETALL_HF_1","Tree",1.5,143,12
"BETALL","SH","2","BETALL_SH_2","Tree",1.5,144,12
"BETALL","HF","3","BETALL_HF_3","Tree",1.5,145,12
"BETPAP","SH","6","BETPAP_SH_6","Tree",1.5,146,12
"BETPAP","HF","9","BETPAP_HF_9","Tree",1.5,147,12
"BETPOP","SH","9","BETPOP_SH_9","Tree",1.5,148,12
"BETALL","WM","2","BETALL_WM_2","Tree",1.5,149,12
"AMECAN","SH","1","AMECAN_SH_1","Tree",1.5,150,12
"BETPOP","HF","9","BETPOP_HF_9","Tree",1.5,151,15
"BETPAP","SH","2","BETPAP_SH_2","Tree",1.5,152,15
"BETALL","HF","5","BETALL_HF_5","Tree",1.5,153,15
"ALNINC","SH","7","ALNINC_SH_7","Tree",3,154,15
"BETPOP","SH","3","BETPOP_SH_3","Tree",1.5,155,15
"BETALL","HF","2","BETALL_HF_2","Tree",1.5,156,15
"AMECAN","SH","2","AMECAN_SH_2","Tree",1.5,157,15
"BETPAP","WM","9","BETPAP_WM_9","Tree",1.5,158,15
"AMECAN","SH","4","AMECAN_SH_4","Tree",1.5,159,15
"ACEPEN","HF","7","ACEPEN_HF_7","Tree",3,160,15
"ALNINC","WM","4","ALNINC_WM_4","Tree",3,161,15
"ALNINC","GR","8","ALNINC_GR_8","Tree",3,162,15
"ACEPEN","WM","8","ACEPEN_WM_8","Tree",3,163,15
"ACEPEN","GR","8","ACEPEN_GR_8","Tree",3,164,15
"AMECAN","GR","9","AMECAN_GR_9","Tree",1.5,165,15
"ALNINC","GR","7","ALNINC_GR_7","Tree",3,166,15
"ACEPEN","SH","2","ACEPEN_SH_2","Tree",3,167,15
"ALNINC","SH","8","ALNINC_SH_8","Tree",3,168,15
"ACEPEN","WM","4","ACEPEN_WM_4","Tree",3,169,16
"ACEPEN","GR","1","ACEPEN_GR_1","Tree",3,170,16
"BETALL","WM","3","BETALL_WM_3","Tree",1.5,171,16
"ACEPEN","SH","1","ACEPEN_SH_1","Tree",3,172,16
"ACEPEN","GR","7","ACEPEN_GR_7","Tree",3,173,16
"ALNINC","HF","4","ALNINC_HF_4","Tree",3,174,16
"BETALL","WM","4","BETALL_WM_4","Tree",1.5,175,16
"BETPAP","SH","3","BETPAP_SH_3","Tree",1.5,176,16
"BETPAP","GR","5","BETPAP_GR_5","Tree",1.5,177,16
"BETPOP","GR","6","BETPOP_GR_6","Tree",1.5,178,16
"ALNINC","SH","6","ALNINC_SH_6","Tree",3,179,16
"BETPOP","SH","1","BETPOP_SH_1","Tree",1.5,180,16
"BETALL","HF","8","BETALL_HF_8","Tree",1.5,181,16
"ALNINC","SH","3","ALNINC_SH_3","Tree",3,182,16
"AMECAN","SH","8","AMECAN_SH_8","Tree",1.5,183,16
"ALNINC","GR","4","ALNINC_GR_4","Tree",3,184,16
"BETPAP","HF","7","BETPAP_HF_7","Tree",1.5,185,16
"ACEPEN","GR","4","ACEPEN_GR_4","Tree",3,186,16
"ACEPEN","HF","3","ACEPEN_HF_3","Tree",3,187,16
"AMECAN","SH","9","AMECAN_SH_9","Tree",1.5,188,17
"BETALL","HF","7","BETALL_HF_7","Tree",1.5,189,17
"BETALL","SH","9","BETALL_SH_9","Tree",1.5,190,17
"BETPOP","SH","8","BETPOP_SH_8","Tree",1.5,191,17
"BETALL","SH","4","BETALL_SH_4","Tree",1.5,192,17
"BETPAP","WM","8","BETPAP_WM_8","Tree",1.5,193,17
"BETPOP","WM","2","BETPOP_WM_2","Tree",1.5,194,17
"BETPAP","SH","8","BETPAP_SH_8","Tree",1.5,195,17
"AMECAN","WM","7","AMECAN_WM_7","Tree",1.5,196,17
"ALNINC","HF","6","ALNINC_HF_6","Tree",3,197,17
"ALNINC","WM","2","ALNINC_WM_2","Tree",3,198,17
"BETALL","HF","4","BETALL_HF_4","Tree",1.5,199,17
"BETPOP","GR","2","BETPOP_GR_2","Tree",1.5,200,17
"ACEPEN","GR","2","ACEPEN_GR_2","Tree",3,201,17
"ACEPEN","HF","2","ACEPEN_HF_2","Tree",3,202,17
"AMECAN","WM","3","AMECAN_WM_3","Tree",1.5,203,17
"BETPOP","WM","5","BETPOP_WM_5","Tree",1.5,204,17
"ACEPEN","GR","5","ACEPEN_GR_5","Tree",3,205,17
"ALNINC","HF","7","ALNINC_HF_7","Tree",3,206,17
"ACEPEN","SH","9","ACEPEN_SH_9","Tree",3,207,17
"AMECAN","GR","6","AMECAN_GR_6","Tree",1.5,208,17
"BETPAP","WM","3","BETPAP_WM_3","Tree",1.5,209,18
"BETPOP","WM","8","BETPOP_WM_8","Tree",1.5,210,18
"AMECAN","SH","3","AMECAN_SH_3","Tree",1.5,211,18
"BETPOP","WM","6","BETPOP_WM_6","Tree",1.5,212,18
"AMECAN","HF","4","AMECAN_HF_4","Tree",1.5,213,18
"BETPOP","SH","4","BETPOP_SH_4","Tree",1.5,214,18
"BETPOP","SH","5","BETPOP_SH_5","Tree",1.5,215,18
"ALNINC","HF","2","ALNINC_HF_2","Tree",3,216,18
"VACMYR","SH","8","VACMYR_SH_8","Shrub Shade",0.75,1,7
"ACESPI","GR","4","ACESPI_GR_4","Shrub Shade",1.5,2,7
"SORAME","HF","9","SORAME_HF_9","Shrub Shade",1.5,3,7
"SORAME","WM","9","SORAME_WM_9","Shrub Shade",1.5,4,7
"SORAME","GR","1","SORAME_GR_1","Shrub Shade",1.5,5,7
"VACMYR","WM","8","VACMYR_WM_8","Shrub Shade",0.75,6,7
"VACMYR","SH","6","VACMYR_SH_6","Shrub Shade",0.75,7,7
"VACMYR","WM","9","VACMYR_WM_9","Shrub Shade",0.75,8,7
"ACESPI","HF","1","ACESPI_HF_1","Shrub Shade",1.5,9,7
"ACESPI","GR","7","ACESPI_GR_7","Shrub Shade",1.5,10,7
"ACESPI","HF","8","ACESPI_HF_8","Shrub Shade",1.5,11,7
"DIELON","WM","5","DIELON_WM_5","Shrub Shade",1.5,12,7
"DIELON","GR","6","DIELON_GR_6","Shrub Shade",1.5,13,7
"SORAME","GR","5","SORAME_GR_5","Shrub Shade",1.5,14,7
"ACESPI","HF","3","ACESPI_HF_3","Shrub Shade",1.5,15,7
"DIELON","WM","1","DIELON_WM_1","Shrub Shade",1.5,16,7
"SORAME","SH","4","SORAME_SH_4","Shrub Shade",1.5,17,7
"SORAME","HF","3","SORAME_HF_3","Shrub Shade",1.5,18,7
"SORAME","GR","9","SORAME_GR_9","Shrub Shade",1.5,19,7
"DIELON","SH","7","DIELON_SH_7","Shrub Shade",1.5,20,7
"DIELON","HF","4","DIELON_HF_4","Shrub Shade",1.5,21,7
"SORAME","WM","2","SORAME_WM_2","Shrub Shade",1.5,22,7
"DIELON","GR","1","DIELON_GR_1","Shrub Shade",1.5,23,7
"SORAME","GR","2","SORAME_GR_2","Shrub Shade",1.5,24,7
"VACMYR","SH","9","VACMYR_SH_9","Shrub Shade",0.75,25,7
"DIELON","GR","4","DIELON_GR_4","Shrub Shade",1.5,26,7
"DIELON","WM","7","DIELON_WM_7","Shrub Shade",1.5,27,7
"DIELON","HF","5","DIELON_HF_5","Shrub Shade",1.5,28,7
"ACESPI","GR","8","ACESPI_GR_8","Shrub Shade",1.5,29,7
"VACMYR","GR","9","VACMYR_GR_9","Shrub Shade",0.75,30,7
"ACESPI","SH","5","ACESPI_SH_5","Shrub Shade",1.5,31,7
"VACMYR","WM","7","VACMYR_WM_7","Shrub Shade",0.75,32,7
"VACMYR","GR","7","VACMYR_GR_7","Shrub Shade",0.75,33,7
"ACESPI","WM","5","ACESPI_WM_5","Shrub Shade",1.5,34,7
"ACESPI","HF","4","ACESPI_HF_4","Shrub Shade",1.5,35,7
"SORAME","WM","5","SORAME_WM_5","Shrub Shade",1.5,36,7
"VACMYR","GR","6","VACMYR_GR_6","Shrub Shade",0.75,37,7
"SORAME","WM","4","SORAME_WM_4","Shrub Shade",1.5,38,10
"ACESPI","GR","9","ACESPI_GR_9","Shrub Shade",1.5,39,10
"VACMYR","WM","5","VACMYR_WM_5","Shrub Shade",0.75,40,10
"VACMYR","HF","9","VACMYR_HF_9","Shrub Shade",0.75,41,10
"VACMYR","WM","4","VACMYR_WM_4","Shrub Shade",0.75,42,10
"ACESPI","SH","2","ACESPI_SH_2","Shrub Shade",1.5,43,10
"VACMYR","HF","2","VACMYR_HF_2","Shrub Shade",0.75,44,10
"VACMYR","GR","1","VACMYR_GR_1","Shrub Shade",0.75,45,10
"ACESPI","SH","8","ACESPI_SH_8","Shrub Shade",1.5,46,10
"ACESPI","WM","4","ACESPI_WM_4","Shrub Shade",1.5,47,10
"ACESPI","HF","2","ACESPI_HF_2","Shrub Shade",1.5,48,10
"SORAME","GR","8","SORAME_GR_8","Shrub Shade",1.5,49,10
"DIELON","HF","2","DIELON_HF_2","Shrub Shade",1.5,50,10
"DIELON","WM","6","DIELON_WM_6","Shrub Shade",1.5,51,10
"DIELON","WM","3","DIELON_WM_3","Shrub Shade",1.5,52,10
"ACESPI","SH","3","ACESPI_SH_3","Shrub Shade",1.5,53,10
"SORAME","SH","7","SORAME_SH_7","Shrub Shade",1.5,54,10
"VACMYR","GR","5","VACMYR_GR_5","Shrub Shade",0.75,55,10
"DIELON","SH","5","DIELON_SH_5","Shrub Shade",1.5,56,10
"SORAME","SH","1","SORAME_SH_1","Shrub Shade",1.5,57,10
"SORAME","HF","4","SORAME_HF_4","Shrub Shade",1.5,58,10
"VACMYR","SH","2","VACMYR_SH_2","Shrub Shade",0.75,59,10
"ACESPI","SH","4","ACESPI_SH_4","Shrub Shade",1.5,60,10
"ACESPI","HF","5","ACESPI_HF_5","Shrub Shade",1.5,61,10
"SORAME","SH","3","SORAME_SH_3","Shrub Shade",1.5,62,10
"DIELON","WM","9","DIELON_WM_9","Shrub Shade",1.5,63,10
"VACMYR","GR","4","VACMYR_GR_4","Shrub Shade",0.75,64,10
"SORAME","HF","2","SORAME_HF_2","Shrub Shade",1.5,65,10
"DIELON","SH","6","DIELON_SH_6","Shrub Shade",1.5,66,10
"VACMYR","SH","4","VACMYR_SH_4","Shrub Shade",0.75,67,10
"ACESPI","SH","6","ACESPI_SH_6","Shrub Shade",1.5,68,10
"DIELON","GR","2","DIELON_GR_2","Shrub Shade",1.5,69,10
"DIELON","GR","8","DIELON_GR_8","Shrub Shade",1.5,70,10
"SORAME","HF","1","SORAME_HF_1","Shrub Shade",1.5,71,10
"SORAME","GR","6","SORAME_GR_6","Shrub Shade",1.5,72,10
"VACMYR","HF","4","VACMYR_HF_4","Shrub Shade",0.75,73,10
"VACMYR","HF","6","VACMYR_HF_6","Shrub Shade",0.75,74,10
"SORAME","GR","4","SORAME_GR_4","Shrub Shade",1.5,75,10
"DIELON","SH","4","DIELON_SH_4","Shrub Shade",1.5,76,10
"ACESPI","HF","7","ACESPI_HF_7","Shrub Shade",1.5,77,13
"VACMYR","HF","1","VACMYR_HF_1","Shrub Shade",0.75,78,13
"ACESPI","WM","9","ACESPI_WM_9","Shrub Shade",1.5,79,13
"VACMYR","WM","3","VACMYR_WM_3","Shrub Shade",0.75,80,13
"SORAME","HF","5","SORAME_HF_5","Shrub Shade",1.5,81,13
"SORAME","GR","3","SORAME_GR_3","Shrub Shade",1.5,82,13
"VACMYR","GR","3","VACMYR_GR_3","Shrub Shade",0.75,83,13
"ACESPI","WM","6","ACESPI_WM_6","Shrub Shade",1.5,84,13
"DIELON","HF","7","DIELON_HF_7","Shrub Shade",1.5,85,13
"ACESPI","GR","5","ACESPI_GR_5","Shrub Shade",1.5,86,13
"SORAME","SH","2","SORAME_SH_2","Shrub Shade",1.5,87,13
"SORAME","SH","9","SORAME_SH_9","Shrub Shade",1.5,88,13
"DIELON","GR","7","DIELON_GR_7","Shrub Shade",1.5,89,13
"ACESPI","GR","1","ACESPI_GR_1","Shrub Shade",1.5,90,13
"VACMYR","SH","5","VACMYR_SH_5","Shrub Shade",0.75,91,13
"DIELON","HF","6","DIELON_HF_6","Shrub Shade",1.5,92,13
"DIELON","HF","8","DIELON_HF_8","Shrub Shade",1.5,93,13
"DIELON","WM","4","DIELON_WM_4","Shrub Shade",1.5,94,13
"DIELON","GR","9","DIELON_GR_9","Shrub Shade",1.5,95,13
"ACESPI","WM","3","ACESPI_WM_3","Shrub Shade",1.5,96,13
"SORAME","GR","7","SORAME_GR_7","Shrub Shade",1.5,97,13
"DIELON","WM","2","DIELON_WM_2","Shrub Shade",1.5,98,13
"SORAME","WM","7","SORAME_WM_7","Shrub Shade",1.5,99,13
"DIELON","HF","1","DIELON_HF_1","Shrub Shade",1.5,100,13
"SORAME","SH","5","SORAME_SH_5","Shrub Shade",1.5,101,13
"VACMYR","GR","2","VACMYR_GR_2","Shrub Shade",0.75,102,13
"SORAME","HF","6","SORAME_HF_6","Shrub Shade",1.5,103,13
"SORAME","HF","7","SORAME_HF_7","Shrub Shade",1.5,104,13
"DIELON","SH","8","DIELON_SH_8","Shrub Shade",1.5,105,13
"ACESPI","SH","7","ACESPI_SH_7","Shrub Shade",1.5,106,13
"VACMYR","HF","3","VACMYR_HF_3","Shrub Shade",0.75,107,13
"SORAME","HF","8","SORAME_HF_8","Shrub Shade",1.5,108,13
"VACMYR","SH","3","VACMYR_SH_3","Shrub Shade",0.75,109,13
"VACMYR","WM","2","VACMYR_WM_2","Shrub Shade",0.75,110,13
"ACESPI","GR","3","ACESPI_GR_3","Shrub Shade",1.5,111,13
"VACMYR","HF","5","VACMYR_HF_5","Shrub Shade",0.75,112,13
"SORAME","WM","8","SORAME_WM_8","Shrub Shade",1.5,113,13
"DIELON","HF","3","DIELON_HF_3","Shrub Shade",1.5,114,13
"VACMYR","SH","7","VACMYR_SH_7","Shrub Shade",0.75,115,23
"DIELON","SH","9","DIELON_SH_9","Shrub Shade",1.5,116,23
"DIELON","WM","8","DIELON_WM_8","Shrub Shade",1.5,117,23
"ACESPI","SH","9","ACESPI_SH_9","Shrub Shade",1.5,118,23
"VACMYR","GR","8","VACMYR_GR_8","Shrub Shade",0.75,119,23
"ACESPI","WM","2","ACESPI_WM_2","Shrub Shade",1.5,120,23
"ACESPI","SH","1","ACESPI_SH_1","Shrub Shade",1.5,121,23
"DIELON","GR","5","DIELON_GR_5","Shrub Shade",1.5,122,23
"DIELON","SH","1","DIELON_SH_1","Shrub Shade",1.5,123,23
"SORAME","WM","6","SORAME_WM_6","Shrub Shade",1.5,124,23
"VACMYR","WM","1","VACMYR_WM_1","Shrub Shade",0.75,125,23
"ACESPI","WM","7","ACESPI_WM_7","Shrub Shade",1.5,126,23
"DIELON","GR","3","DIELON_GR_3","Shrub Shade",1.5,127,23
"VACMYR","SH","1","VACMYR_SH_1","Shrub Shade",0.75,128,23
"SORAME","WM","3","SORAME_WM_3","Shrub Shade",1.5,129,23
"ACESPI","GR","2","ACESPI_GR_2","Shrub Shade",1.5,130,23
"SORAME","WM","1","SORAME_WM_1","Shrub Shade",1.5,131,23
"VACMYR","WM","6","VACMYR_WM_6","Shrub Shade",0.75,132,23
"VACMYR","HF","7","VACMYR_HF_7","Shrub Shade",0.75,133,23
"DIELON","SH","3","DIELON_SH_3","Shrub Shade",1.5,134,23
"VACMYR","HF","8","VACMYR_HF_8","Shrub Shade",0.75,135,23
"ACESPI","HF","6","ACESPI_HF_6","Shrub Shade",1.5,136,23
"ACESPI","HF","9","ACESPI_HF_9","Shrub Shade",1.5,137,23
"ACESPI","WM","1","ACESPI_WM_1","Shrub Shade",1.5,138,23
"ACESPI","GR","6","ACESPI_GR_6","Shrub Shade",1.5,139,23
"DIELON","SH","2","DIELON_SH_2","Shrub Shade",1.5,140,23
"DIELON","HF","9","DIELON_HF_9","Shrub Shade",1.5,141,23
"SORAME","SH","8","SORAME_SH_8","Shrub Shade",1.5,142,23
"ACESPI","WM","8","ACESPI_WM_8","Shrub Shade",1.5,143,23
"SORAME","SH","6","SORAME_SH_6","Shrub Shade",1.5,144,23
