"sp","site","rep","ind","set","space","order"
"MYRGAL","HF","7","MYRGAL_HF_7","Shrub Sun",1,1
"VIBCAS","HF","5","VIBCAS_HF_5","Shrub Sun",1,2
"VIBCAS","HF","4","VIBCAS_HF_4","Shrub Sun",1,3
"CORCOR","WM","6","CORCOR_WM_6","Shrub Sun",1,4
"VIBCAS","SH","2","VIBCAS_SH_2","Shrub Sun",1,5
"CORCOR","HF","1","CORCOR_HF_1","Shrub Sun",1,6
"LONCAN","HF","3","LONCAN_HF_3","Shrub Sun",1,7
"ILEMUC","SH","3","ILEMUC_SH_3","Shrub Sun",1,8
"CORCOR","SH","8","CORCOR_SH_8","Shrub Sun",1,9
"CORCOR","SH","5","CORCOR_SH_5","Shrub Sun",1,10
"SPITOM","WM","9","SPITOM_WM_9","Shrub Sun",1,11
"LONCAN","GR","3","LONCAN_GR_3","Shrub Sun",1,12
"CORCOR","HF","6","CORCOR_HF_6","Shrub Sun",1,13
"SPITOM","WM","7","SPITOM_WM_7","Shrub Sun",1,14
"VIBLAN","SH","5","VIBLAN_SH_5","Shrub Sun",1,15
"VIBCAS","GR","4","VIBCAS_GR_4","Shrub Sun",1,16
"ILEMUC","GR","2","ILEMUC_GR_2","Shrub Sun",1,17
"VIBLAN","GR","9","VIBLAN_GR_9","Shrub Sun",1,18
"CORCOR","HF","8","CORCOR_HF_8","Shrub Sun",1,19
"AROMEL","WM","4","AROMEL_WM_4","Shrub Sun",1,20
"CORCOR","WM","7","CORCOR_WM_7","Shrub Sun",1,21
"VIBLAN","GR","4","VIBLAN_GR_4","Shrub Sun",1,22
"LONCAN","SH","6","LONCAN_SH_6","Shrub Sun",1,23
"VIBLAN","WM","3","VIBLAN_WM_3","Shrub Sun",1,24
"CORCOR","SH","2","CORCOR_SH_2","Shrub Sun",1,25
"VIBLAN","WM","1","VIBLAN_WM_1","Shrub Sun",1,26
"LONCAN","WM","7","LONCAN_WM_7","Shrub Sun",1,27
"SPITOM","HF","2","SPITOM_HF_2","Shrub Sun",1,28
"SPIALB","WM","7","SPIALB_WM_7","Shrub Sun",1,29
"CORCOR","WM","4","CORCOR_WM_4","Shrub Sun",1,30
"VIBCAS","WM","8","VIBCAS_WM_8","Shrub Sun",1,31
"SPITOM","GR","3","SPITOM_GR_3","Shrub Sun",1,32
"AROMEL","HF","3","AROMEL_HF_3","Shrub Sun",1,33
"SPIALB","HF","3","SPIALB_HF_3","Shrub Sun",1,34
"CORCOR","SH","6","CORCOR_SH_6","Shrub Sun",1,35
"VIBLAN","HF","7","VIBLAN_HF_7","Shrub Sun",1,36
"MYRGAL","WM","1","MYRGAL_WM_1","Shrub Sun",1,37
"SPIALB","WM","8","SPIALB_WM_8","Shrub Sun",1,38
"SPIALB","SH","6","SPIALB_SH_6","Shrub Sun",1,39
"AROMEL","HF","5","AROMEL_HF_5","Shrub Sun",1,40
"SPIALB","SH","8","SPIALB_SH_8","Shrub Sun",1,41
"ILEMUC","HF","4","ILEMUC_HF_4","Shrub Sun",1,42
"VIBLAN","HF","3","VIBLAN_HF_3","Shrub Sun",1,43
"LONCAN","GR","6","LONCAN_GR_6","Shrub Sun",1,44
"SPITOM","SH","6","SPITOM_SH_6","Shrub Sun",1,45
"SPITOM","HF","7","SPITOM_HF_7","Shrub Sun",1,46
"SPITOM","SH","3","SPITOM_SH_3","Shrub Sun",1,47
"VIBCAS","HF","9","VIBCAS_HF_9","Shrub Sun",1,48
"SPIALB","SH","4","SPIALB_SH_4","Shrub Sun",1,49
"MYRGAL","GR","7","MYRGAL_GR_7","Shrub Sun",1,50
"MYRGAL","SH","6","MYRGAL_SH_6","Shrub Sun",1,51
"SPIALB","GR","6","SPIALB_GR_6","Shrub Sun",1,52
"MYRGAL","HF","4","MYRGAL_HF_4","Shrub Sun",1,53
"ILEMUC","WM","2","ILEMUC_WM_2","Shrub Sun",1,54
"AROMEL","SH","6","AROMEL_SH_6","Shrub Sun",1,55
"ILEMUC","GR","9","ILEMUC_GR_9","Shrub Sun",1,56
"MYRGAL","GR","8","MYRGAL_GR_8","Shrub Sun",1,57
"VIBLAN","SH","6","VIBLAN_SH_6","Shrub Sun",1,58
"VIBCAS","WM","1","VIBCAS_WM_1","Shrub Sun",1,59
"VIBCAS","HF","8","VIBCAS_HF_8","Shrub Sun",1,60
"ILEMUC","GR","1","ILEMUC_GR_1","Shrub Sun",1,61
"VIBLAN","HF","1","VIBLAN_HF_1","Shrub Sun",1,62
"MYRGAL","WM","3","MYRGAL_WM_3","Shrub Sun",1,63
"SPITOM","HF","6","SPITOM_HF_6","Shrub Sun",1,64
"CORCOR","WM","5","CORCOR_WM_5","Shrub Sun",1,65
"SPITOM","WM","5","SPITOM_WM_5","Shrub Sun",1,66
"LONCAN","HF","9","LONCAN_HF_9","Shrub Sun",1,67
"LONCAN","WM","3","LONCAN_WM_3","Shrub Sun",1,68
"MYRGAL","SH","2","MYRGAL_SH_2","Shrub Sun",1,69
"AROMEL","SH","4","AROMEL_SH_4","Shrub Sun",1,70
"AROMEL","HF","9","AROMEL_HF_9","Shrub Sun",1,71
"MYRGAL","HF","3","MYRGAL_HF_3","Shrub Sun",1,72
"LONCAN","SH","3","LONCAN_SH_3","Shrub Sun",1,73
"MYRGAL","WM","7","MYRGAL_WM_7","Shrub Sun",1,74
"LONCAN","WM","8","LONCAN_WM_8","Shrub Sun",1,75
"ILEMUC","HF","2","ILEMUC_HF_2","Shrub Sun",1,76
"AROMEL","SH","2","AROMEL_SH_2","Shrub Sun",1,77
"SPITOM","HF","4","SPITOM_HF_4","Shrub Sun",1,78
"SPIALB","HF","9","SPIALB_HF_9","Shrub Sun",1,79
"CORCOR","SH","7","CORCOR_SH_7","Shrub Sun",1,80
"MYRGAL","HF","1","MYRGAL_HF_1","Shrub Sun",1,81
"CORCOR","HF","4","CORCOR_HF_4","Shrub Sun",1,82
"VIBLAN","SH","7","VIBLAN_SH_7","Shrub Sun",1,83
"VIBCAS","WM","6","VIBCAS_WM_6","Shrub Sun",1,84
"MYRGAL","SH","3","MYRGAL_SH_3","Shrub Sun",1,85
"SPIALB","SH","3","SPIALB_SH_3","Shrub Sun",1,86
"SPITOM","GR","5","SPITOM_GR_5","Shrub Sun",1,87
"CORCOR","GR","5","CORCOR_GR_5","Shrub Sun",1,88
"VIBLAN","GR","7","VIBLAN_GR_7","Shrub Sun",1,89
"SPIALB","GR","8","SPIALB_GR_8","Shrub Sun",1,90
"VIBLAN","WM","4","VIBLAN_WM_4","Shrub Sun",1,91
"VIBCAS","GR","3","VIBCAS_GR_3","Shrub Sun",1,92
"VIBCAS","WM","5","VIBCAS_WM_5","Shrub Sun",1,93
"VIBCAS","WM","2","VIBCAS_WM_2","Shrub Sun",1,94
"MYRGAL","GR","9","MYRGAL_GR_9","Shrub Sun",1,95
"ILEMUC","SH","1","ILEMUC_SH_1","Shrub Sun",1,96
"VIBLAN","GR","5","VIBLAN_GR_5","Shrub Sun",1,97
"ILEMUC","SH","2","ILEMUC_SH_2","Shrub Sun",1,98
"LONCAN","SH","2","LONCAN_SH_2","Shrub Sun",1,99
"AROMEL","HF","2","AROMEL_HF_2","Shrub Sun",1,100
"CORCOR","SH","4","CORCOR_SH_4","Shrub Sun",1,101
"VIBLAN","HF","8","VIBLAN_HF_8","Shrub Sun",1,102
"VIBLAN","SH","3","VIBLAN_SH_3","Shrub Sun",1,103
"AROMEL","SH","5","AROMEL_SH_5","Shrub Sun",1,104
"VIBCAS","HF","3","VIBCAS_HF_3","Shrub Sun",1,105
"SPIALB","HF","8","SPIALB_HF_8","Shrub Sun",1,106
"ILEMUC","WM","6","ILEMUC_WM_6","Shrub Sun",1,107
"LONCAN","SH","8","LONCAN_SH_8","Shrub Sun",1,108
"VIBCAS","HF","2","VIBCAS_HF_2","Shrub Sun",1,109
"VIBCAS","GR","9","VIBCAS_GR_9","Shrub Sun",1,110
"ILEMUC","GR","7","ILEMUC_GR_7","Shrub Sun",1,111
"CORCOR","GR","4","CORCOR_GR_4","Shrub Sun",1,112
"SPIALB","HF","6","SPIALB_HF_6","Shrub Sun",1,113
"ILEMUC","SH","7","ILEMUC_SH_7","Shrub Sun",1,114
"VIBLAN","SH","9","VIBLAN_SH_9","Shrub Sun",1,115
"VIBCAS","GR","8","VIBCAS_GR_8","Shrub Sun",1,116
"LONCAN","SH","7","LONCAN_SH_7","Shrub Sun",1,117
"CORCOR","HF","5","CORCOR_HF_5","Shrub Sun",1,118
"AROMEL","GR","4","AROMEL_GR_4","Shrub Sun",1,119
"ILEMUC","WM","9","ILEMUC_WM_9","Shrub Sun",1,120
"CORCOR","SH","1","CORCOR_SH_1","Shrub Sun",1,121
"SPIALB","WM","9","SPIALB_WM_9","Shrub Sun",1,122
"SPIALB","GR","4","SPIALB_GR_4","Shrub Sun",1,123
"MYRGAL","SH","9","MYRGAL_SH_9","Shrub Sun",1,124
"LONCAN","HF","2","LONCAN_HF_2","Shrub Sun",1,125
"LONCAN","WM","1","LONCAN_WM_1","Shrub Sun",1,126
"AROMEL","SH","7","AROMEL_SH_7","Shrub Sun",1,127
"CORCOR","HF","9","CORCOR_HF_9","Shrub Sun",1,128
"VIBCAS","WM","4","VIBCAS_WM_4","Shrub Sun",1,129
"LONCAN","SH","1","LONCAN_SH_1","Shrub Sun",1,130
"VIBLAN","GR","2","VIBLAN_GR_2","Shrub Sun",1,131
"SPITOM","WM","4","SPITOM_WM_4","Shrub Sun",1,132
"VIBLAN","HF","4","VIBLAN_HF_4","Shrub Sun",1,133
"SPITOM","GR","1","SPITOM_GR_1","Shrub Sun",1,134
"ILEMUC","GR","4","ILEMUC_GR_4","Shrub Sun",1,135
"MYRGAL","GR","2","MYRGAL_GR_2","Shrub Sun",1,136
"SPIALB","SH","1","SPIALB_SH_1","Shrub Sun",1,137
"ILEMUC","WM","8","ILEMUC_WM_8","Shrub Sun",1,138
"VIBLAN","WM","2","VIBLAN_WM_2","Shrub Sun",1,139
"SPITOM","SH","4","SPITOM_SH_4","Shrub Sun",1,140
"VIBLAN","GR","6","VIBLAN_GR_6","Shrub Sun",1,141
"VIBCAS","GR","2","VIBCAS_GR_2","Shrub Sun",1,142
"SPITOM","SH","7","SPITOM_SH_7","Shrub Sun",1,143
"LONCAN","WM","9","LONCAN_WM_9","Shrub Sun",1,144
"VIBLAN","GR","3","VIBLAN_GR_3","Shrub Sun",1,145
"AROMEL","GR","5","AROMEL_GR_5","Shrub Sun",1,146
"LONCAN","HF","7","LONCAN_HF_7","Shrub Sun",1,147
"SPITOM","SH","8","SPITOM_SH_8","Shrub Sun",1,148
"ILEMUC","SH","4","ILEMUC_SH_4","Shrub Sun",1,149
"LONCAN","HF","4","LONCAN_HF_4","Shrub Sun",1,150
"VIBLAN","WM","8","VIBLAN_WM_8","Shrub Sun",1,151
"VIBCAS","WM","3","VIBCAS_WM_3","Shrub Sun",1,152
"LONCAN","WM","6","LONCAN_WM_6","Shrub Sun",1,153
"VIBCAS","HF","1","VIBCAS_HF_1","Shrub Sun",1,154
"CORCOR","GR","8","CORCOR_GR_8","Shrub Sun",1,155
"AROMEL","HF","8","AROMEL_HF_8","Shrub Sun",1,156
"CORCOR","SH","9","CORCOR_SH_9","Shrub Sun",1,157
"ILEMUC","HF","9","ILEMUC_HF_9","Shrub Sun",1,158
"MYRGAL","GR","4","MYRGAL_GR_4","Shrub Sun",1,159
"SPIALB","GR","7","SPIALB_GR_7","Shrub Sun",1,160
"MYRGAL","SH","5","MYRGAL_SH_5","Shrub Sun",1,161
"MYRGAL","HF","5","MYRGAL_HF_5","Shrub Sun",1,162
"SPIALB","HF","2","SPIALB_HF_2","Shrub Sun",1,163
"VIBCAS","SH","4","VIBCAS_SH_4","Shrub Sun",1,164
"AROMEL","GR","2","AROMEL_GR_2","Shrub Sun",1,165
"ILEMUC","HF","5","ILEMUC_HF_5","Shrub Sun",1,166
"VIBCAS","HF","6","VIBCAS_HF_6","Shrub Sun",1,167
"VIBCAS","WM","9","VIBCAS_WM_9","Shrub Sun",1,168
"SPITOM","SH","5","SPITOM_SH_5","Shrub Sun",1,169
"MYRGAL","HF","9","MYRGAL_HF_9","Shrub Sun",1,170
"SPIALB","SH","2","SPIALB_SH_2","Shrub Sun",1,171
"VIBCAS","SH","9","VIBCAS_SH_9","Shrub Sun",1,172
"SPITOM","HF","5","SPITOM_HF_5","Shrub Sun",1,173
"ILEMUC","WM","1","ILEMUC_WM_1","Shrub Sun",1,174
"AROMEL","WM","7","AROMEL_WM_7","Shrub Sun",1,175
"ILEMUC","HF","6","ILEMUC_HF_6","Shrub Sun",1,176
"AROMEL","GR","9","AROMEL_GR_9","Shrub Sun",1,177
"AROMEL","SH","8","AROMEL_SH_8","Shrub Sun",1,178
"SPITOM","WM","8","SPITOM_WM_8","Shrub Sun",1,179
"CORCOR","GR","3","CORCOR_GR_3","Shrub Sun",1,180
"SPIALB","HF","7","SPIALB_HF_7","Shrub Sun",1,181
"SPITOM","WM","1","SPITOM_WM_1","Shrub Sun",1,182
"SPITOM","HF","3","SPITOM_HF_3","Shrub Sun",1,183
"MYRGAL","HF","6","MYRGAL_HF_6","Shrub Sun",1,184
"SPITOM","SH","1","SPITOM_SH_1","Shrub Sun",1,185
"LONCAN","HF","5","LONCAN_HF_5","Shrub Sun",1,186
"SPITOM","WM","3","SPITOM_WM_3","Shrub Sun",1,187
"ILEMUC","WM","7","ILEMUC_WM_7","Shrub Sun",1,188
"VIBLAN","HF","9","VIBLAN_HF_9","Shrub Sun",1,189
"VIBLAN","WM","7","VIBLAN_WM_7","Shrub Sun",1,190
"LONCAN","SH","5","LONCAN_SH_5","Shrub Sun",1,191
"SPITOM","GR","7","SPITOM_GR_7","Shrub Sun",1,192
"AROMEL","HF","1","AROMEL_HF_1","Shrub Sun",1,193
"LONCAN","GR","1","LONCAN_GR_1","Shrub Sun",1,194
"SPIALB","SH","5","SPIALB_SH_5","Shrub Sun",1,195
"AROMEL","HF","4","AROMEL_HF_4","Shrub Sun",1,196
"SPIALB","GR","5","SPIALB_GR_5","Shrub Sun",1,197
"SPIALB","WM","6","SPIALB_WM_6","Shrub Sun",1,198
"CORCOR","GR","1","CORCOR_GR_1","Shrub Sun",1,199
"VIBCAS","WM","7","VIBCAS_WM_7","Shrub Sun",1,200
"CORCOR","HF","2","CORCOR_HF_2","Shrub Sun",1,201
"SPITOM","SH","2","SPITOM_SH_2","Shrub Sun",1,202
"CORCOR","WM","8","CORCOR_WM_8","Shrub Sun",1,203
"ILEMUC","GR","5","ILEMUC_GR_5","Shrub Sun",1,204
"VIBLAN","HF","2","VIBLAN_HF_2","Shrub Sun",1,205
"SPITOM","GR","4","SPITOM_GR_4","Shrub Sun",1,206
"SPITOM","HF","1","SPITOM_HF_1","Shrub Sun",1,207
"VIBLAN","WM","6","VIBLAN_WM_6","Shrub Sun",1,208
"SPITOM","SH","9","SPITOM_SH_9","Shrub Sun",1,209
"CORCOR","SH","3","CORCOR_SH_3","Shrub Sun",1,210
"LONCAN","SH","9","LONCAN_SH_9","Shrub Sun",1,211
"AROMEL","WM","3","AROMEL_WM_3","Shrub Sun",1,212
"LONCAN","WM","2","LONCAN_WM_2","Shrub Sun",1,213
"VIBLAN","HF","6","VIBLAN_HF_6","Shrub Sun",1,214
"LONCAN","WM","4","LONCAN_WM_4","Shrub Sun",1,215
"CORCOR","WM","2","CORCOR_WM_2","Shrub Sun",1,216
"MYRGAL","WM","8","MYRGAL_WM_8","Shrub Sun",1,217
"MYRGAL","GR","1","MYRGAL_GR_1","Shrub Sun",1,218
"VIBCAS","SH","7","VIBCAS_SH_7","Shrub Sun",1,219
"ILEMUC","WM","4","ILEMUC_WM_4","Shrub Sun",1,220
"AROMEL","SH","3","AROMEL_SH_3","Shrub Sun",1,221
"MYRGAL","SH","7","MYRGAL_SH_7","Shrub Sun",1,222
"MYRGAL","WM","6","MYRGAL_WM_6","Shrub Sun",1,223
"SPIALB","HF","4","SPIALB_HF_4","Shrub Sun",1,224
"AROMEL","WM","1","AROMEL_WM_1","Shrub Sun",1,225
"VIBLAN","HF","5","VIBLAN_HF_5","Shrub Sun",1,226
"SPIALB","GR","2","SPIALB_GR_2","Shrub Sun",1,227
"MYRGAL","WM","5","MYRGAL_WM_5","Shrub Sun",1,228
"AROMEL","WM","6","AROMEL_WM_6","Shrub Sun",1,229
"MYRGAL","WM","4","MYRGAL_WM_4","Shrub Sun",1,230
"SPITOM","GR","2","SPITOM_GR_2","Shrub Sun",1,231
"VIBCAS","GR","1","VIBCAS_GR_1","Shrub Sun",1,232
"CORCOR","GR","7","CORCOR_GR_7","Shrub Sun",1,233
"SPIALB","GR","1","SPIALB_GR_1","Shrub Sun",1,234
"VIBCAS","HF","7","VIBCAS_HF_7","Shrub Sun",1,235
"ILEMUC","HF","8","ILEMUC_HF_8","Shrub Sun",1,236
"CORCOR","WM","3","CORCOR_WM_3","Shrub Sun",1,237
"CORCOR","GR","2","CORCOR_GR_2","Shrub Sun",1,238
"VIBCAS","SH","3","VIBCAS_SH_3","Shrub Sun",1,239
"CORCOR","GR","6","CORCOR_GR_6","Shrub Sun",1,240
"SPIALB","HF","1","SPIALB_HF_1","Shrub Sun",1,241
"LONCAN","HF","6","LONCAN_HF_6","Shrub Sun",1,242
"VIBCAS","SH","5","VIBCAS_SH_5","Shrub Sun",1,243
"MYRGAL","WM","2","MYRGAL_WM_2","Shrub Sun",1,244
"AROMEL","GR","8","AROMEL_GR_8","Shrub Sun",1,245
"CORCOR","WM","1","CORCOR_WM_1","Shrub Sun",1,246
"ILEMUC","GR","8","ILEMUC_GR_8","Shrub Sun",1,247
"SPIALB","WM","2","SPIALB_WM_2","Shrub Sun",1,248
"SPIALB","WM","1","SPIALB_WM_1","Shrub Sun",1,249
"ILEMUC","WM","5","ILEMUC_WM_5","Shrub Sun",1,250
"ILEMUC","GR","6","ILEMUC_GR_6","Shrub Sun",1,251
"AROMEL","WM","2","AROMEL_WM_2","Shrub Sun",1,252
"MYRGAL","SH","4","MYRGAL_SH_4","Shrub Sun",1,253
"LONCAN","HF","1","LONCAN_HF_1","Shrub Sun",1,254
"CORCOR","HF","3","CORCOR_HF_3","Shrub Sun",1,255
"SPITOM","WM","6","SPITOM_WM_6","Shrub Sun",1,256
"SPIALB","WM","5","SPIALB_WM_5","Shrub Sun",1,257
"AROMEL","GR","6","AROMEL_GR_6","Shrub Sun",1,258
"AROMEL","SH","9","AROMEL_SH_9","Shrub Sun",1,259
"LONCAN","GR","8","LONCAN_GR_8","Shrub Sun",1,260
"VIBLAN","GR","8","VIBLAN_GR_8","Shrub Sun",1,261
"ILEMUC","WM","3","ILEMUC_WM_3","Shrub Sun",1,262
"ILEMUC","SH","8","ILEMUC_SH_8","Shrub Sun",1,263
"AROMEL","WM","5","AROMEL_WM_5","Shrub Sun",1,264
"VIBLAN","SH","8","VIBLAN_SH_8","Shrub Sun",1,265
"VIBLAN","WM","5","VIBLAN_WM_5","Shrub Sun",1,266
"MYRGAL","GR","6","MYRGAL_GR_6","Shrub Sun",1,267
"MYRGAL","SH","1","MYRGAL_SH_1","Shrub Sun",1,268
"ILEMUC","SH","9","ILEMUC_SH_9","Shrub Sun",1,269
"AROMEL","HF","7","AROMEL_HF_7","Shrub Sun",1,270
"ILEMUC","SH","5","ILEMUC_SH_5","Shrub Sun",1,271
"SPITOM","WM","2","SPITOM_WM_2","Shrub Sun",1,272
"ILEMUC","HF","1","ILEMUC_HF_1","Shrub Sun",1,273
"AROMEL","GR","1","AROMEL_GR_1","Shrub Sun",1,274
"VIBLAN","WM","9","VIBLAN_WM_9","Shrub Sun",1,275
"AROMEL","GR","3","AROMEL_GR_3","Shrub Sun",1,276
"VIBLAN","SH","2","VIBLAN_SH_2","Shrub Sun",1,277
"SPIALB","WM","3","SPIALB_WM_3","Shrub Sun",1,278
"MYRGAL","SH","8","MYRGAL_SH_8","Shrub Sun",1,279
"VIBLAN","GR","1","VIBLAN_GR_1","Shrub Sun",1,280
"VIBLAN","SH","1","VIBLAN_SH_1","Shrub Sun",1,281
"LONCAN","SH","4","LONCAN_SH_4","Shrub Sun",1,282
"LONCAN","GR","4","LONCAN_GR_4","Shrub Sun",1,283
"LONCAN","WM","5","LONCAN_WM_5","Shrub Sun",1,284
"SPITOM","HF","9","SPITOM_HF_9","Shrub Sun",1,285
"AROMEL","GR","7","AROMEL_GR_7","Shrub Sun",1,286
"AROMEL","WM","9","AROMEL_WM_9","Shrub Sun",1,287
"SPITOM","HF","8","SPITOM_HF_8","Shrub Sun",1,288
"AROMEL","SH","1","AROMEL_SH_1","Shrub Sun",1,289
"AROMEL","WM","8","AROMEL_WM_8","Shrub Sun",1,290
"SPIALB","SH","7","SPIALB_SH_7","Shrub Sun",1,291
"MYRGAL","GR","5","MYRGAL_GR_5","Shrub Sun",1,292
"CORCOR","GR","9","CORCOR_GR_9","Shrub Sun",1,293
"ILEMUC","HF","3","ILEMUC_HF_3","Shrub Sun",1,294
"LONCAN","GR","7","LONCAN_GR_7","Shrub Sun",1,295
"ILEMUC","GR","3","ILEMUC_GR_3","Shrub Sun",1,296
"LONCAN","GR","5","LONCAN_GR_5","Shrub Sun",1,297
"VIBCAS","SH","1","VIBCAS_SH_1","Shrub Sun",1,298
"SPITOM","GR","6","SPITOM_GR_6","Shrub Sun",1,299
"ILEMUC","SH","6","ILEMUC_SH_6","Shrub Sun",1,300
"SPIALB","GR","3","SPIALB_GR_3","Shrub Sun",1,301
"LONCAN","GR","9","LONCAN_GR_9","Shrub Sun",1,302
"VIBCAS","SH","8","VIBCAS_SH_8","Shrub Sun",1,303
"SPIALB","GR","9","SPIALB_GR_9","Shrub Sun",1,304
"SPITOM","GR","9","SPITOM_GR_9","Shrub Sun",1,305
"VIBLAN","SH","4","VIBLAN_SH_4","Shrub Sun",1,306
"VIBCAS","GR","7","VIBCAS_GR_7","Shrub Sun",1,307
"SPITOM","GR","8","SPITOM_GR_8","Shrub Sun",1,308
"CORCOR","HF","7","CORCOR_HF_7","Shrub Sun",1,309
"MYRGAL","HF","8","MYRGAL_HF_8","Shrub Sun",1,310
"SPIALB","SH","9","SPIALB_SH_9","Shrub Sun",1,311
"VIBCAS","SH","6","VIBCAS_SH_6","Shrub Sun",1,312
"VIBCAS","GR","6","VIBCAS_GR_6","Shrub Sun",1,313
"MYRGAL","WM","9","MYRGAL_WM_9","Shrub Sun",1,314
"SPIALB","HF","5","SPIALB_HF_5","Shrub Sun",1,315
"CORCOR","WM","9","CORCOR_WM_9","Shrub Sun",1,316
"SPIALB","WM","4","SPIALB_WM_4","Shrub Sun",1,317
"LONCAN","GR","2","LONCAN_GR_2","Shrub Sun",1,318
"MYRGAL","GR","3","MYRGAL_GR_3","Shrub Sun",1,319
"MYRGAL","HF","2","MYRGAL_HF_2","Shrub Sun",1,320
"AROMEL","HF","6","AROMEL_HF_6","Shrub Sun",1,321
"VIBCAS","GR","5","VIBCAS_GR_5","Shrub Sun",1,322
"LONCAN","HF","8","LONCAN_HF_8","Shrub Sun",1,323
"ILEMUC","HF","7","ILEMUC_HF_7","Shrub Sun",1,324
"QUERUB","SH","2","QUERUB_SH_2","Tree",3,1
"ACEPEN","HF","8","ACEPEN_HF_8","Tree",3,2
"AMECAN","HF","5","AMECAN_HF_5","Tree",1.5,3
"ACESAC","HF","9","ACESAC_HF_9","Tree",3,4
"ALNINC","SH","5","ALNINC_SH_5","Tree",3,5
"FAGGRA","SH","4","FAGGRA_SH_4","Tree",3,6
"AMECAN","SH","9","AMECAN_SH_9","Tree",1.5,7
"AMECAN","WM","4","AMECAN_WM_4","Tree",1.5,8
"BETALL","SH","2","BETALL_SH_2","Tree",1.5,9
"ALNINC","SH","7","ALNINC_SH_7","Tree",3,10
"BETPAP","WM","2","BETPAP_WM_2","Tree",1.5,11
"ACERUB","HF","6","ACERUB_HF_6","Tree",3,12
"ACESAC","WM","2","ACESAC_WM_2","Tree",3,13
"FAGGRA","WM","5","FAGGRA_WM_5","Tree",3,14
"ACESAC","GR","3","ACESAC_GR_3","Tree",3,15
"POPGRA","WM","9","POPGRA_WM_9","Tree",3,16
"POPGRA","GR","6","POPGRA_GR_6","Tree",3,17
"ACESAC","GR","1","ACESAC_GR_1","Tree",3,18
"BETPAP","GR","3","BETPAP_GR_3","Tree",1.5,19
"BETALL","HF","7","BETALL_HF_7","Tree",1.5,20
"ALNINC","SH","3","ALNINC_SH_3","Tree",3,21
"AMECAN","HF","9","AMECAN_HF_9","Tree",1.5,22
"AMECAN","HF","4","AMECAN_HF_4","Tree",1.5,23
"BETPAP","SH","5","BETPAP_SH_5","Tree",1.5,24
"BETPOP","HF","8","BETPOP_HF_8","Tree",1.5,25
"POPGRA","SH","5","POPGRA_SH_5","Tree",3,26
"ALNINC","SH","6","ALNINC_SH_6","Tree",3,27
"BETPOP","WM","2","BETPOP_WM_2","Tree",1.5,28
"BETALL","HF","6","BETALL_HF_6","Tree",1.5,29
"BETPAP","WM","6","BETPAP_WM_6","Tree",1.5,30
"ACEPEN","WM","2","ACEPEN_WM_2","Tree",3,31
"PRUPEN","WM","7","PRUPEN_WM_7","Tree",1.5,32
"BETPAP","GR","4","BETPAP_GR_4","Tree",1.5,33
"ACESAC","HF","5","ACESAC_HF_5","Tree",3,34
"PRUPEN","HF","3","PRUPEN_HF_3","Tree",1.5,35
"ALNINC","GR","9","ALNINC_GR_9","Tree",3,36
"AMECAN","SH","2","AMECAN_SH_2","Tree",1.5,37
"FAGGRA","HF","1","FAGGRA_HF_1","Tree",3,38
"QUERUB","GR","2","QUERUB_GR_2","Tree",3,39
"AMECAN","WM","1","AMECAN_WM_1","Tree",1.5,40
"BETALL","WM","1","BETALL_WM_1","Tree",1.5,41
"BETPOP","HF","4","BETPOP_HF_4","Tree",1.5,42
"FAGGRA","HF","8","FAGGRA_HF_8","Tree",3,43
"BETPOP","HF","2","BETPOP_HF_2","Tree",1.5,44
"ACESAC","GR","6","ACESAC_GR_6","Tree",3,45
"ACERUB","GR","1","ACERUB_GR_1","Tree",3,46
"QUERUB","WM","8","QUERUB_WM_8","Tree",3,47
"PRUPEN","HF","8","PRUPEN_HF_8","Tree",1.5,48
"BETPAP","GR","9","BETPAP_GR_9","Tree",1.5,49
"QUERUB","WM","9","QUERUB_WM_9","Tree",3,50
"BETPOP","SH","5","BETPOP_SH_5","Tree",1.5,51
"ACEPEN","SH","6","ACEPEN_SH_6","Tree",3,52
"BETPAP","HF","8","BETPAP_HF_8","Tree",1.5,53
"PRUPEN","HF","4","PRUPEN_HF_4","Tree",1.5,54
"AMECAN","GR","8","AMECAN_GR_8","Tree",1.5,55
"BETALL","WM","4","BETALL_WM_4","Tree",1.5,56
"PRUPEN","SH","1","PRUPEN_SH_1","Tree",1.5,57
"POPGRA","SH","9","POPGRA_SH_9","Tree",3,58
"AMECAN","WM","6","AMECAN_WM_6","Tree",1.5,59
"ALNINC","WM","1","ALNINC_WM_1","Tree",3,60
"BETPOP","WM","1","BETPOP_WM_1","Tree",1.5,61
"BETALL","GR","8","BETALL_GR_8","Tree",1.5,62
"ACEPEN","SH","1","ACEPEN_SH_1","Tree",3,63
"POPGRA","GR","9","POPGRA_GR_9","Tree",3,64
"PRUPEN","WM","5","PRUPEN_WM_5","Tree",1.5,65
"AMECAN","HF","7","AMECAN_HF_7","Tree",1.5,66
"BETPAP","HF","6","BETPAP_HF_6","Tree",1.5,67
"ACESAC","SH","7","ACESAC_SH_7","Tree",3,68
"ACEPEN","HF","3","ACEPEN_HF_3","Tree",3,69
"AMECAN","WM","8","AMECAN_WM_8","Tree",1.5,70
"AMECAN","GR","9","AMECAN_GR_9","Tree",1.5,71
"BETPOP","WM","7","BETPOP_WM_7","Tree",1.5,72
"QUERUB","SH","3","QUERUB_SH_3","Tree",3,73
"FAGGRA","HF","2","FAGGRA_HF_2","Tree",3,74
"POPGRA","WM","3","POPGRA_WM_3","Tree",3,75
"BETPAP","SH","7","BETPAP_SH_7","Tree",1.5,76
"BETPOP","SH","6","BETPOP_SH_6","Tree",1.5,77
"FAGGRA","WM","2","FAGGRA_WM_2","Tree",3,78
"AMECAN","HF","2","AMECAN_HF_2","Tree",1.5,79
"ALNINC","WM","4","ALNINC_WM_4","Tree",3,80
"AMECAN","WM","9","AMECAN_WM_9","Tree",1.5,81
"AMECAN","HF","8","AMECAN_HF_8","Tree",1.5,82
"BETPOP","SH","2","BETPOP_SH_2","Tree",1.5,83
"ALNINC","HF","7","ALNINC_HF_7","Tree",3,84
"ACESAC","GR","7","ACESAC_GR_7","Tree",3,85
"BETALL","SH","6","BETALL_SH_6","Tree",1.5,86
"AMECAN","SH","1","AMECAN_SH_1","Tree",1.5,87
"BETALL","HF","3","BETALL_HF_3","Tree",1.5,88
"FAGGRA","GR","6","FAGGRA_GR_6","Tree",3,89
"BETALL","SH","7","BETALL_SH_7","Tree",1.5,90
"FAGGRA","SH","7","FAGGRA_SH_7","Tree",3,91
"ACERUB","WM","8","ACERUB_WM_8","Tree",3,92
"QUERUB","WM","5","QUERUB_WM_5","Tree",3,93
"PRUPEN","GR","4","PRUPEN_GR_4","Tree",1.5,94
"BETPAP","WM","9","BETPAP_WM_9","Tree",1.5,95
"FAGGRA","GR","1","FAGGRA_GR_1","Tree",3,96
"POPGRA","GR","3","POPGRA_GR_3","Tree",3,97
"ALNINC","GR","7","ALNINC_GR_7","Tree",3,98
"AMECAN","SH","3","AMECAN_SH_3","Tree",1.5,99
"AMECAN","GR","2","AMECAN_GR_2","Tree",1.5,100
"BETPOP","HF","3","BETPOP_HF_3","Tree",1.5,101
"AMECAN","GR","6","AMECAN_GR_6","Tree",1.5,102
"POPGRA","WM","2","POPGRA_WM_2","Tree",3,103
"BETPOP","GR","4","BETPOP_GR_4","Tree",1.5,104
"ACEPEN","GR","3","ACEPEN_GR_3","Tree",3,105
"ACESAC","GR","8","ACESAC_GR_8","Tree",3,106
"BETALL","WM","2","BETALL_WM_2","Tree",1.5,107
"FAGGRA","HF","4","FAGGRA_HF_4","Tree",3,108
"BETPAP","HF","2","BETPAP_HF_2","Tree",1.5,109
"ACERUB","WM","5","ACERUB_WM_5","Tree",3,110
"AMECAN","SH","6","AMECAN_SH_6","Tree",1.5,111
"PRUPEN","HF","2","PRUPEN_HF_2","Tree",1.5,112
"POPGRA","SH","3","POPGRA_SH_3","Tree",3,113
"BETALL","SH","8","BETALL_SH_8","Tree",1.5,114
"ACEPEN","WM","9","ACEPEN_WM_9","Tree",3,115
"QUERUB","HF","1","QUERUB_HF_1","Tree",3,116
"ACESAC","WM","4","ACESAC_WM_4","Tree",3,117
"BETPAP","SH","8","BETPAP_SH_8","Tree",1.5,118
"AMECAN","SH","7","AMECAN_SH_7","Tree",1.5,119
"ACESAC","GR","5","ACESAC_GR_5","Tree",3,120
"QUERUB","HF","5","QUERUB_HF_5","Tree",3,121
"FAGGRA","GR","7","FAGGRA_GR_7","Tree",3,122
"PRUPEN","SH","2","PRUPEN_SH_2","Tree",1.5,123
"ACEPEN","WM","1","ACEPEN_WM_1","Tree",3,124
"ALNINC","GR","4","ALNINC_GR_4","Tree",3,125
"BETPAP","HF","9","BETPAP_HF_9","Tree",1.5,126
"POPGRA","WM","4","POPGRA_WM_4","Tree",3,127
"POPGRA","SH","8","POPGRA_SH_8","Tree",3,128
"ACERUB","WM","4","ACERUB_WM_4","Tree",3,129
"ALNINC","SH","1","ALNINC_SH_1","Tree",3,130
"AMECAN","WM","5","AMECAN_WM_5","Tree",1.5,131
"QUERUB","SH","7","QUERUB_SH_7","Tree",3,132
"BETPAP","HF","3","BETPAP_HF_3","Tree",1.5,133
"PRUPEN","WM","2","PRUPEN_WM_2","Tree",1.5,134
"BETPOP","GR","8","BETPOP_GR_8","Tree",1.5,135
"ACEPEN","WM","6","ACEPEN_WM_6","Tree",3,136
"BETPOP","GR","5","BETPOP_GR_5","Tree",1.5,137
"FAGGRA","HF","5","FAGGRA_HF_5","Tree",3,138
"QUERUB","HF","2","QUERUB_HF_2","Tree",3,139
"QUERUB","WM","6","QUERUB_WM_6","Tree",3,140
"BETALL","WM","8","BETALL_WM_8","Tree",1.5,141
"ACEPEN","WM","7","ACEPEN_WM_7","Tree",3,142
"BETPOP","SH","8","BETPOP_SH_8","Tree",1.5,143
"AMECAN","GR","4","AMECAN_GR_4","Tree",1.5,144
"BETPAP","SH","6","BETPAP_SH_6","Tree",1.5,145
"BETPAP","WM","8","BETPAP_WM_8","Tree",1.5,146
"FAGGRA","GR","9","FAGGRA_GR_9","Tree",3,147
"POPGRA","GR","1","POPGRA_GR_1","Tree",3,148
"ACERUB","SH","2","ACERUB_SH_2","Tree",3,149
"ACERUB","GR","6","ACERUB_GR_6","Tree",3,150
"PRUPEN","WM","3","PRUPEN_WM_3","Tree",1.5,151
"ALNINC","HF","8","ALNINC_HF_8","Tree",3,152
"QUERUB","HF","3","QUERUB_HF_3","Tree",3,153
"ACESAC","HF","6","ACESAC_HF_6","Tree",3,154
"ACEPEN","SH","5","ACEPEN_SH_5","Tree",3,155
"QUERUB","GR","9","QUERUB_GR_9","Tree",3,156
"PRUPEN","GR","3","PRUPEN_GR_3","Tree",1.5,157
"ACEPEN","WM","8","ACEPEN_WM_8","Tree",3,158
"ACESAC","HF","8","ACESAC_HF_8","Tree",3,159
"BETPOP","WM","6","BETPOP_WM_6","Tree",1.5,160
"POPGRA","WM","6","POPGRA_WM_6","Tree",3,161
"ACEPEN","SH","3","ACEPEN_SH_3","Tree",3,162
"ACERUB","HF","1","ACERUB_HF_1","Tree",3,163
"ACEPEN","SH","7","ACEPEN_SH_7","Tree",3,164
"QUERUB","HF","4","QUERUB_HF_4","Tree",3,165
"PRUPEN","WM","1","PRUPEN_WM_1","Tree",1.5,166
"BETPAP","SH","3","BETPAP_SH_3","Tree",1.5,167
"PRUPEN","WM","4","PRUPEN_WM_4","Tree",1.5,168
"QUERUB","GR","5","QUERUB_GR_5","Tree",3,169
"ACERUB","GR","2","ACERUB_GR_2","Tree",3,170
"AMECAN","WM","2","AMECAN_WM_2","Tree",1.5,171
"BETPOP","WM","9","BETPOP_WM_9","Tree",1.5,172
"FAGGRA","WM","1","FAGGRA_WM_1","Tree",3,173
"ACEPEN","GR","7","ACEPEN_GR_7","Tree",3,174
"BETPOP","HF","7","BETPOP_HF_7","Tree",1.5,175
"FAGGRA","WM","3","FAGGRA_WM_3","Tree",3,176
"ACESAC","SH","4","ACESAC_SH_4","Tree",3,177
"POPGRA","GR","5","POPGRA_GR_5","Tree",3,178
"BETALL","HF","9","BETALL_HF_9","Tree",1.5,179
"PRUPEN","SH","6","PRUPEN_SH_6","Tree",1.5,180
"QUERUB","HF","9","QUERUB_HF_9","Tree",3,181
"POPGRA","WM","8","POPGRA_WM_8","Tree",3,182
"PRUPEN","GR","6","PRUPEN_GR_6","Tree",1.5,183
"ACERUB","SH","8","ACERUB_SH_8","Tree",3,184
"BETALL","GR","9","BETALL_GR_9","Tree",1.5,185
"BETALL","WM","9","BETALL_WM_9","Tree",1.5,186
"ACERUB","GR","3","ACERUB_GR_3","Tree",3,187
"ACESAC","GR","9","ACESAC_GR_9","Tree",3,188
"PRUPEN","GR","5","PRUPEN_GR_5","Tree",1.5,189
"ACERUB","GR","7","ACERUB_GR_7","Tree",3,190
"BETPAP","GR","2","BETPAP_GR_2","Tree",1.5,191
"QUERUB","SH","4","QUERUB_SH_4","Tree",3,192
"POPGRA","GR","4","POPGRA_GR_4","Tree",3,193
"BETPOP","HF","1","BETPOP_HF_1","Tree",1.5,194
"BETPAP","SH","9","BETPAP_SH_9","Tree",1.5,195
"QUERUB","SH","5","QUERUB_SH_5","Tree",3,196
"POPGRA","HF","8","POPGRA_HF_8","Tree",3,197
"POPGRA","HF","1","POPGRA_HF_1","Tree",3,198
"PRUPEN","WM","9","PRUPEN_WM_9","Tree",1.5,199
"AMECAN","SH","8","AMECAN_SH_8","Tree",1.5,200
"BETALL","SH","3","BETALL_SH_3","Tree",1.5,201
"FAGGRA","SH","8","FAGGRA_SH_8","Tree",3,202
"ACEPEN","GR","5","ACEPEN_GR_5","Tree",3,203
"ACESAC","SH","9","ACESAC_SH_9","Tree",3,204
"POPGRA","WM","1","POPGRA_WM_1","Tree",3,205
"ACESAC","HF","7","ACESAC_HF_7","Tree",3,206
"BETALL","SH","4","BETALL_SH_4","Tree",1.5,207
"BETPOP","SH","3","BETPOP_SH_3","Tree",1.5,208
"ALNINC","HF","5","ALNINC_HF_5","Tree",3,209
"QUERUB","WM","2","QUERUB_WM_2","Tree",3,210
"BETALL","GR","6","BETALL_GR_6","Tree",1.5,211
"ACEPEN","HF","9","ACEPEN_HF_9","Tree",3,212
"PRUPEN","WM","6","PRUPEN_WM_6","Tree",1.5,213
"AMECAN","WM","7","AMECAN_WM_7","Tree",1.5,214
"POPGRA","WM","5","POPGRA_WM_5","Tree",3,215
"FAGGRA","HF","7","FAGGRA_HF_7","Tree",3,216
"ACESAC","SH","6","ACESAC_SH_6","Tree",3,217
"ACEPEN","GR","8","ACEPEN_GR_8","Tree",3,218
"FAGGRA","HF","9","FAGGRA_HF_9","Tree",3,219
"ACERUB","GR","4","ACERUB_GR_4","Tree",3,220
"BETPOP","WM","4","BETPOP_WM_4","Tree",1.5,221
"BETPAP","HF","5","BETPAP_HF_5","Tree",1.5,222
"ACESAC","SH","3","ACESAC_SH_3","Tree",3,223
"BETPOP","WM","3","BETPOP_WM_3","Tree",1.5,224
"ACERUB","HF","5","ACERUB_HF_5","Tree",3,225
"AMECAN","GR","3","AMECAN_GR_3","Tree",1.5,226
"QUERUB","GR","7","QUERUB_GR_7","Tree",3,227
"QUERUB","WM","3","QUERUB_WM_3","Tree",3,228
"PRUPEN","WM","8","PRUPEN_WM_8","Tree",1.5,229
"FAGGRA","GR","5","FAGGRA_GR_5","Tree",3,230
"BETPOP","GR","2","BETPOP_GR_2","Tree",1.5,231
"PRUPEN","SH","5","PRUPEN_SH_5","Tree",1.5,232
"ACERUB","WM","9","ACERUB_WM_9","Tree",3,233
"ALNINC","GR","5","ALNINC_GR_5","Tree",3,234
"BETPOP","GR","3","BETPOP_GR_3","Tree",1.5,235
"ACESAC","WM","5","ACESAC_WM_5","Tree",3,236
"BETALL","GR","5","BETALL_GR_5","Tree",1.5,237
"BETPOP","HF","6","BETPOP_HF_6","Tree",1.5,238
"ACEPEN","HF","6","ACEPEN_HF_6","Tree",3,239
"ACEPEN","GR","1","ACEPEN_GR_1","Tree",3,240
"BETPAP","SH","1","BETPAP_SH_1","Tree",1.5,241
"ACEPEN","GR","9","ACEPEN_GR_9","Tree",3,242
"BETALL","HF","1","BETALL_HF_1","Tree",1.5,243
"QUERUB","GR","1","QUERUB_GR_1","Tree",3,244
"QUERUB","HF","7","QUERUB_HF_7","Tree",3,245
"FAGGRA","GR","3","FAGGRA_GR_3","Tree",3,246
"ACEPEN","HF","2","ACEPEN_HF_2","Tree",3,247
"ALNINC","GR","3","ALNINC_GR_3","Tree",3,248
"ACESAC","HF","3","ACESAC_HF_3","Tree",3,249
"ALNINC","SH","2","ALNINC_SH_2","Tree",3,250
"BETALL","SH","9","BETALL_SH_9","Tree",1.5,251
"ALNINC","WM","5","ALNINC_WM_5","Tree",3,252
"BETPAP","WM","4","BETPAP_WM_4","Tree",1.5,253
"ALNINC","HF","6","ALNINC_HF_6","Tree",3,254
"AMECAN","SH","4","AMECAN_SH_4","Tree",1.5,255
"ACEPEN","WM","4","ACEPEN_WM_4","Tree",3,256
"BETPOP","SH","1","BETPOP_SH_1","Tree",1.5,257
"BETALL","GR","2","BETALL_GR_2","Tree",1.5,258
"QUERUB","GR","4","QUERUB_GR_4","Tree",3,259
"FAGGRA","GR","4","FAGGRA_GR_4","Tree",3,260
"ACERUB","GR","9","ACERUB_GR_9","Tree",3,261
"POPGRA","HF","3","POPGRA_HF_3","Tree",3,262
"QUERUB","HF","8","QUERUB_HF_8","Tree",3,263
"BETPAP","HF","1","BETPAP_HF_1","Tree",1.5,264
"AMECAN","GR","5","AMECAN_GR_5","Tree",1.5,265
"FAGGRA","SH","6","FAGGRA_SH_6","Tree",3,266
"ALNINC","HF","4","ALNINC_HF_4","Tree",3,267
"ALNINC","WM","9","ALNINC_WM_9","Tree",3,268
"POPGRA","SH","6","POPGRA_SH_6","Tree",3,269
"PRUPEN","GR","7","PRUPEN_GR_7","Tree",1.5,270
"ACERUB","SH","9","ACERUB_SH_9","Tree",3,271
"BETALL","SH","5","BETALL_SH_5","Tree",1.5,272
"BETALL","WM","3","BETALL_WM_3","Tree",1.5,273
"POPGRA","HF","2","POPGRA_HF_2","Tree",3,274
"ACERUB","SH","1","ACERUB_SH_1","Tree",3,275
"ACERUB","WM","1","ACERUB_WM_1","Tree",3,276
"POPGRA","HF","4","POPGRA_HF_4","Tree",3,277
"ACESAC","GR","2","ACESAC_GR_2","Tree",3,278
"PRUPEN","SH","8","PRUPEN_SH_8","Tree",1.5,279
"POPGRA","HF","6","POPGRA_HF_6","Tree",3,280
"ACEPEN","SH","2","ACEPEN_SH_2","Tree",3,281
"ACERUB","HF","9","ACERUB_HF_9","Tree",3,282
"PRUPEN","SH","3","PRUPEN_SH_3","Tree",1.5,283
"ACERUB","WM","2","ACERUB_WM_2","Tree",3,284
"BETALL","WM","5","BETALL_WM_5","Tree",1.5,285
"ACERUB","SH","7","ACERUB_SH_7","Tree",3,286
"POPGRA","HF","5","POPGRA_HF_5","Tree",3,287
"BETPOP","GR","1","BETPOP_GR_1","Tree",1.5,288
"ACERUB","SH","3","ACERUB_SH_3","Tree",3,289
"BETPAP","SH","2","BETPAP_SH_2","Tree",1.5,290
"BETPOP","WM","8","BETPOP_WM_8","Tree",1.5,291
"ACESAC","SH","5","ACESAC_SH_5","Tree",3,292
"ACESAC","WM","3","ACESAC_WM_3","Tree",3,293
"QUERUB","HF","6","QUERUB_HF_6","Tree",3,294
"BETALL","SH","1","BETALL_SH_1","Tree",1.5,295
"QUERUB","SH","1","QUERUB_SH_1","Tree",3,296
"BETALL","HF","8","BETALL_HF_8","Tree",1.5,297
"BETALL","HF","2","BETALL_HF_2","Tree",1.5,298
"BETPOP","GR","9","BETPOP_GR_9","Tree",1.5,299
"POPGRA","SH","1","POPGRA_SH_1","Tree",3,300
"ACERUB","SH","6","ACERUB_SH_6","Tree",3,301
"BETPAP","WM","1","BETPAP_WM_1","Tree",1.5,302
"FAGGRA","SH","5","FAGGRA_SH_5","Tree",3,303
"FAGGRA","SH","1","FAGGRA_SH_1","Tree",3,304
"BETPOP","GR","6","BETPOP_GR_6","Tree",1.5,305
"ACESAC","WM","1","ACESAC_WM_1","Tree",3,306
"BETALL","HF","5","BETALL_HF_5","Tree",1.5,307
"ALNINC","SH","9","ALNINC_SH_9","Tree",3,308
"PRUPEN","HF","9","PRUPEN_HF_9","Tree",1.5,309
"POPGRA","SH","4","POPGRA_SH_4","Tree",3,310
"BETALL","GR","1","BETALL_GR_1","Tree",1.5,311
"PRUPEN","GR","1","PRUPEN_GR_1","Tree",1.5,312
"ACEPEN","HF","7","ACEPEN_HF_7","Tree",3,313
"ACESAC","SH","1","ACESAC_SH_1","Tree",3,314
"PRUPEN","GR","8","PRUPEN_GR_8","Tree",1.5,315
"ACERUB","SH","5","ACERUB_SH_5","Tree",3,316
"ACEPEN","HF","5","ACEPEN_HF_5","Tree",3,317
"ALNINC","GR","6","ALNINC_GR_6","Tree",3,318
"POPGRA","GR","8","POPGRA_GR_8","Tree",3,319
"AMECAN","HF","3","AMECAN_HF_3","Tree",1.5,320
"FAGGRA","WM","7","FAGGRA_WM_7","Tree",3,321
"BETPAP","GR","7","BETPAP_GR_7","Tree",1.5,322
"AMECAN","SH","5","AMECAN_SH_5","Tree",1.5,323
"POPGRA","WM","7","POPGRA_WM_7","Tree",3,324
"ACEPEN","SH","8","ACEPEN_SH_8","Tree",3,325
"POPGRA","SH","7","POPGRA_SH_7","Tree",3,326
"BETPAP","HF","7","BETPAP_HF_7","Tree",1.5,327
"ACEPEN","GR","2","ACEPEN_GR_2","Tree",3,328
"ACERUB","HF","7","ACERUB_HF_7","Tree",3,329
"ALNINC","HF","1","ALNINC_HF_1","Tree",3,330
"QUERUB","WM","1","QUERUB_WM_1","Tree",3,331
"ALNINC","WM","6","ALNINC_WM_6","Tree",3,332
"BETPOP","SH","7","BETPOP_SH_7","Tree",1.5,333
"AMECAN","WM","3","AMECAN_WM_3","Tree",1.5,334
"ACERUB","WM","7","ACERUB_WM_7","Tree",3,335
"ALNINC","HF","2","ALNINC_HF_2","Tree",3,336
"ALNINC","HF","3","ALNINC_HF_3","Tree",3,337
"BETPOP","GR","7","BETPOP_GR_7","Tree",1.5,338
"ACERUB","HF","4","ACERUB_HF_4","Tree",3,339
"QUERUB","SH","6","QUERUB_SH_6","Tree",3,340
"ACERUB","GR","5","ACERUB_GR_5","Tree",3,341
"BETPOP","SH","4","BETPOP_SH_4","Tree",1.5,342
"AMECAN","HF","1","AMECAN_HF_1","Tree",1.5,343
"BETPAP","WM","3","BETPAP_WM_3","Tree",1.5,344
"ALNINC","SH","8","ALNINC_SH_8","Tree",3,345
"QUERUB","GR","3","QUERUB_GR_3","Tree",3,346
"BETALL","HF","4","BETALL_HF_4","Tree",1.5,347
"BETPAP","WM","7","BETPAP_WM_7","Tree",1.5,348
"PRUPEN","HF","6","PRUPEN_HF_6","Tree",1.5,349
"QUERUB","WM","4","QUERUB_WM_4","Tree",3,350
"BETALL","GR","3","BETALL_GR_3","Tree",1.5,351
"ACERUB","WM","6","ACERUB_WM_6","Tree",3,352
"AMECAN","GR","7","AMECAN_GR_7","Tree",1.5,353
"ACERUB","HF","8","ACERUB_HF_8","Tree",3,354
"PRUPEN","HF","7","PRUPEN_HF_7","Tree",1.5,355
"ALNINC","WM","8","ALNINC_WM_8","Tree",3,356
"ALNINC","SH","4","ALNINC_SH_4","Tree",3,357
"ACESAC","HF","1","ACESAC_HF_1","Tree",3,358
"QUERUB","GR","6","QUERUB_GR_6","Tree",3,359
"ACEPEN","HF","1","ACEPEN_HF_1","Tree",3,360
"ACESAC","SH","8","ACESAC_SH_8","Tree",3,361
"ACERUB","WM","3","ACERUB_WM_3","Tree",3,362
"ACEPEN","SH","9","ACEPEN_SH_9","Tree",3,363
"QUERUB","SH","9","QUERUB_SH_9","Tree",3,364
"PRUPEN","SH","4","PRUPEN_SH_4","Tree",1.5,365
"FAGGRA","SH","2","FAGGRA_SH_2","Tree",3,366
"FAGGRA","SH","3","FAGGRA_SH_3","Tree",3,367
"PRUPEN","GR","9","PRUPEN_GR_9","Tree",1.5,368
"POPGRA","SH","2","POPGRA_SH_2","Tree",3,369
"FAGGRA","SH","9","FAGGRA_SH_9","Tree",3,370
"FAGGRA","HF","6","FAGGRA_HF_6","Tree",3,371
"AMECAN","HF","6","AMECAN_HF_6","Tree",1.5,372
"ALNINC","GR","8","ALNINC_GR_8","Tree",3,373
"BETALL","GR","4","BETALL_GR_4","Tree",1.5,374
"BETALL","WM","6","BETALL_WM_6","Tree",1.5,375
"ACESAC","WM","7","ACESAC_WM_7","Tree",3,376
"BETPAP","GR","1","BETPAP_GR_1","Tree",1.5,377
"BETPAP","GR","5","BETPAP_GR_5","Tree",1.5,378
"ALNINC","HF","9","ALNINC_HF_9","Tree",3,379
"BETPOP","WM","5","BETPOP_WM_5","Tree",1.5,380
"QUERUB","WM","7","QUERUB_WM_7","Tree",3,381
"BETPOP","HF","9","BETPOP_HF_9","Tree",1.5,382
"ACESAC","SH","2","ACESAC_SH_2","Tree",3,383
"FAGGRA","WM","9","FAGGRA_WM_9","Tree",3,384
"BETPOP","HF","5","BETPOP_HF_5","Tree",1.5,385
"ACEPEN","WM","3","ACEPEN_WM_3","Tree",3,386
"FAGGRA","WM","6","FAGGRA_WM_6","Tree",3,387
"PRUPEN","HF","5","PRUPEN_HF_5","Tree",1.5,388
"ALNINC","GR","2","ALNINC_GR_2","Tree",3,389
"ACERUB","GR","8","ACERUB_GR_8","Tree",3,390
"FAGGRA","GR","8","FAGGRA_GR_8","Tree",3,391
"PRUPEN","HF","1","PRUPEN_HF_1","Tree",1.5,392
"ACERUB","SH","4","ACERUB_SH_4","Tree",3,393
"ACESAC","GR","4","ACESAC_GR_4","Tree",3,394
"BETPAP","SH","4","BETPAP_SH_4","Tree",1.5,395
"ACERUB","HF","2","ACERUB_HF_2","Tree",3,396
"ACESAC","WM","8","ACESAC_WM_8","Tree",3,397
"QUERUB","SH","8","QUERUB_SH_8","Tree",3,398
"POPGRA","GR","7","POPGRA_GR_7","Tree",3,399
"BETALL","GR","7","BETALL_GR_7","Tree",1.5,400
"BETPOP","SH","9","BETPOP_SH_9","Tree",1.5,401
"ACERUB","HF","3","ACERUB_HF_3","Tree",3,402
"ALNINC","WM","3","ALNINC_WM_3","Tree",3,403
"ACEPEN","GR","6","ACEPEN_GR_6","Tree",3,404
"FAGGRA","WM","8","FAGGRA_WM_8","Tree",3,405
"ACESAC","HF","2","ACESAC_HF_2","Tree",3,406
"ALNINC","WM","7","ALNINC_WM_7","Tree",3,407
"PRUPEN","GR","2","PRUPEN_GR_2","Tree",1.5,408
"ACEPEN","SH","4","ACEPEN_SH_4","Tree",3,409
"ALNINC","WM","2","ALNINC_WM_2","Tree",3,410
"AMECAN","GR","1","AMECAN_GR_1","Tree",1.5,411
"BETPAP","GR","8","BETPAP_GR_8","Tree",1.5,412
"PRUPEN","SH","7","PRUPEN_SH_7","Tree",1.5,413
"BETPAP","GR","6","BETPAP_GR_6","Tree",1.5,414
"POPGRA","HF","9","POPGRA_HF_9","Tree",3,415
"FAGGRA","HF","3","FAGGRA_HF_3","Tree",3,416
"BETALL","WM","7","BETALL_WM_7","Tree",1.5,417
"POPGRA","GR","2","POPGRA_GR_2","Tree",3,418
"POPGRA","HF","7","POPGRA_HF_7","Tree",3,419
"BETPAP","WM","5","BETPAP_WM_5","Tree",1.5,420
"ACEPEN","GR","4","ACEPEN_GR_4","Tree",3,421
"FAGGRA","GR","2","FAGGRA_GR_2","Tree",3,422
"QUERUB","GR","8","QUERUB_GR_8","Tree",3,423
"FAGGRA","WM","4","FAGGRA_WM_4","Tree",3,424
"ACESAC","WM","9","ACESAC_WM_9","Tree",3,425
"ACESAC","HF","4","ACESAC_HF_4","Tree",3,426
"ALNINC","GR","1","ALNINC_GR_1","Tree",3,427
"PRUPEN","SH","9","PRUPEN_SH_9","Tree",1.5,428
"ACESAC","WM","6","ACESAC_WM_6","Tree",3,429
"ACEPEN","HF","4","ACEPEN_HF_4","Tree",3,430
"BETPAP","HF","4","BETPAP_HF_4","Tree",1.5,431
"ACEPEN","WM","5","ACEPEN_WM_5","Tree",3,432
"VACMYR","SH","1","VACMYR_SH_1","Shrub Shade",0.75,1
"VACMYR","WM","7","VACMYR_WM_7","Shrub Shade",0.75,2
"SORAME","GR","4","SORAME_GR_4","Shrub Shade",1.5,3
"SORAME","GR","3","SORAME_GR_3","Shrub Shade",1.5,4
"VACMYR","WM","6","VACMYR_WM_6","Shrub Shade",0.75,5
"SORAME","HF","6","SORAME_HF_6","Shrub Shade",1.5,6
"ACESPI","HF","6","ACESPI_HF_6","Shrub Shade",1.5,7
"ACESPI","HF","2","ACESPI_HF_2","Shrub Shade",1.5,8
"VACMYR","GR","6","VACMYR_GR_6","Shrub Shade",0.75,9
"DIELON","HF","6","DIELON_HF_6","Shrub Shade",1.5,10
"KALANG","SH","6","KALANG_SH_6","Shrub Shade",0.75,11
"DIELON","HF","2","DIELON_HF_2","Shrub Shade",1.5,12
"KALANG","GR","3","KALANG_GR_3","Shrub Shade",0.75,13
"ACESPI","GR","7","ACESPI_GR_7","Shrub Shade",1.5,14
"ACESPI","SH","1","ACESPI_SH_1","Shrub Shade",1.5,15
"SORAME","SH","3","SORAME_SH_3","Shrub Shade",1.5,16
"ACESPI","GR","2","ACESPI_GR_2","Shrub Shade",1.5,17
"KALANG","GR","9","KALANG_GR_9","Shrub Shade",0.75,18
"DIELON","GR","8","DIELON_GR_8","Shrub Shade",1.5,19
"KALANG","WM","2","KALANG_WM_2","Shrub Shade",0.75,20
"ACESPI","HF","7","ACESPI_HF_7","Shrub Shade",1.5,21
"KALANG","SH","2","KALANG_SH_2","Shrub Shade",0.75,22
"SORAME","SH","4","SORAME_SH_4","Shrub Shade",1.5,23
"KALANG","SH","8","KALANG_SH_8","Shrub Shade",0.75,24
"SORAME","WM","2","SORAME_WM_2","Shrub Shade",1.5,25
"ACESPI","HF","9","ACESPI_HF_9","Shrub Shade",1.5,26
"VACMYR","SH","3","VACMYR_SH_3","Shrub Shade",0.75,27
"KALANG","SH","3","KALANG_SH_3","Shrub Shade",0.75,28
"VACMYR","SH","7","VACMYR_SH_7","Shrub Shade",0.75,29
"KALANG","WM","5","KALANG_WM_5","Shrub Shade",0.75,30
"SORAME","HF","9","SORAME_HF_9","Shrub Shade",1.5,31
"DIELON","SH","7","DIELON_SH_7","Shrub Shade",1.5,32
"KALANG","SH","9","KALANG_SH_9","Shrub Shade",0.75,33
"ACESPI","WM","7","ACESPI_WM_7","Shrub Shade",1.5,34
"ACESPI","GR","6","ACESPI_GR_6","Shrub Shade",1.5,35
"KALANG","HF","5","KALANG_HF_5","Shrub Shade",0.75,36
"VACMYR","HF","6","VACMYR_HF_6","Shrub Shade",0.75,37
"KALANG","HF","1","KALANG_HF_1","Shrub Shade",0.75,38
"SORAME","GR","6","SORAME_GR_6","Shrub Shade",1.5,39
"DIELON","HF","7","DIELON_HF_7","Shrub Shade",1.5,40
"SORAME","HF","1","SORAME_HF_1","Shrub Shade",1.5,41
"SORAME","SH","2","SORAME_SH_2","Shrub Shade",1.5,42
"KALANG","SH","4","KALANG_SH_4","Shrub Shade",0.75,43
"DIELON","HF","4","DIELON_HF_4","Shrub Shade",1.5,44
"DIELON","GR","6","DIELON_GR_6","Shrub Shade",1.5,45
"KALANG","HF","9","KALANG_HF_9","Shrub Shade",0.75,46
"KALANG","WM","4","KALANG_WM_4","Shrub Shade",0.75,47
"SORAME","HF","5","SORAME_HF_5","Shrub Shade",1.5,48
"DIELON","SH","4","DIELON_SH_4","Shrub Shade",1.5,49
"KALANG","GR","2","KALANG_GR_2","Shrub Shade",0.75,50
"DIELON","WM","2","DIELON_WM_2","Shrub Shade",1.5,51
"ACESPI","HF","1","ACESPI_HF_1","Shrub Shade",1.5,52
"SORAME","WM","9","SORAME_WM_9","Shrub Shade",1.5,53
"VACMYR","HF","1","VACMYR_HF_1","Shrub Shade",0.75,54
"DIELON","WM","9","DIELON_WM_9","Shrub Shade",1.5,55
"ACESPI","SH","4","ACESPI_SH_4","Shrub Shade",1.5,56
"KALANG","GR","1","KALANG_GR_1","Shrub Shade",0.75,57
"VACMYR","HF","9","VACMYR_HF_9","Shrub Shade",0.75,58
"ACESPI","SH","9","ACESPI_SH_9","Shrub Shade",1.5,59
"KALANG","WM","8","KALANG_WM_8","Shrub Shade",0.75,60
"DIELON","WM","7","DIELON_WM_7","Shrub Shade",1.5,61
"DIELON","WM","4","DIELON_WM_4","Shrub Shade",1.5,62
"VACMYR","WM","9","VACMYR_WM_9","Shrub Shade",0.75,63
"SORAME","SH","5","SORAME_SH_5","Shrub Shade",1.5,64
"ACESPI","WM","2","ACESPI_WM_2","Shrub Shade",1.5,65
"ACESPI","GR","1","ACESPI_GR_1","Shrub Shade",1.5,66
"KALANG","GR","4","KALANG_GR_4","Shrub Shade",0.75,67
"ACESPI","SH","2","ACESPI_SH_2","Shrub Shade",1.5,68
"KALANG","WM","1","KALANG_WM_1","Shrub Shade",0.75,69
"DIELON","SH","3","DIELON_SH_3","Shrub Shade",1.5,70
"SORAME","HF","7","SORAME_HF_7","Shrub Shade",1.5,71
"DIELON","SH","1","DIELON_SH_1","Shrub Shade",1.5,72
"SORAME","HF","3","SORAME_HF_3","Shrub Shade",1.5,73
"VACMYR","GR","8","VACMYR_GR_8","Shrub Shade",0.75,74
"DIELON","SH","6","DIELON_SH_6","Shrub Shade",1.5,75
"KALANG","GR","7","KALANG_GR_7","Shrub Shade",0.75,76
"ACESPI","GR","9","ACESPI_GR_9","Shrub Shade",1.5,77
"VACMYR","WM","4","VACMYR_WM_4","Shrub Shade",0.75,78
"SORAME","HF","8","SORAME_HF_8","Shrub Shade",1.5,79
"DIELON","GR","4","DIELON_GR_4","Shrub Shade",1.5,80
"DIELON","GR","9","DIELON_GR_9","Shrub Shade",1.5,81
"SORAME","GR","7","SORAME_GR_7","Shrub Shade",1.5,82
"ACESPI","WM","3","ACESPI_WM_3","Shrub Shade",1.5,83
"KALANG","HF","4","KALANG_HF_4","Shrub Shade",0.75,84
"SORAME","WM","3","SORAME_WM_3","Shrub Shade",1.5,85
"KALANG","WM","6","KALANG_WM_6","Shrub Shade",0.75,86
"KALANG","SH","7","KALANG_SH_7","Shrub Shade",0.75,87
"DIELON","GR","1","DIELON_GR_1","Shrub Shade",1.5,88
"KALANG","WM","3","KALANG_WM_3","Shrub Shade",0.75,89
"DIELON","SH","2","DIELON_SH_2","Shrub Shade",1.5,90
"SORAME","SH","7","SORAME_SH_7","Shrub Shade",1.5,91
"DIELON","SH","5","DIELON_SH_5","Shrub Shade",1.5,92
"DIELON","HF","5","DIELON_HF_5","Shrub Shade",1.5,93
"VACMYR","WM","5","VACMYR_WM_5","Shrub Shade",0.75,94
"VACMYR","SH","2","VACMYR_SH_2","Shrub Shade",0.75,95
"VACMYR","HF","2","VACMYR_HF_2","Shrub Shade",0.75,96
"VACMYR","HF","3","VACMYR_HF_3","Shrub Shade",0.75,97
"ACESPI","SH","3","ACESPI_SH_3","Shrub Shade",1.5,98
"DIELON","HF","9","DIELON_HF_9","Shrub Shade",1.5,99
"ACESPI","WM","4","ACESPI_WM_4","Shrub Shade",1.5,100
"ACESPI","HF","3","ACESPI_HF_3","Shrub Shade",1.5,101
"SORAME","SH","9","SORAME_SH_9","Shrub Shade",1.5,102
"KALANG","SH","1","KALANG_SH_1","Shrub Shade",0.75,103
"VACMYR","SH","6","VACMYR_SH_6","Shrub Shade",0.75,104
"VACMYR","WM","2","VACMYR_WM_2","Shrub Shade",0.75,105
"DIELON","GR","2","DIELON_GR_2","Shrub Shade",1.5,106
"VACMYR","GR","3","VACMYR_GR_3","Shrub Shade",0.75,107
"ACESPI","SH","7","ACESPI_SH_7","Shrub Shade",1.5,108
"VACMYR","SH","5","VACMYR_SH_5","Shrub Shade",0.75,109
"DIELON","WM","5","DIELON_WM_5","Shrub Shade",1.5,110
"ACESPI","WM","1","ACESPI_WM_1","Shrub Shade",1.5,111
"SORAME","HF","2","SORAME_HF_2","Shrub Shade",1.5,112
"SORAME","GR","1","SORAME_GR_1","Shrub Shade",1.5,113
"ACESPI","HF","8","ACESPI_HF_8","Shrub Shade",1.5,114
"ACESPI","WM","8","ACESPI_WM_8","Shrub Shade",1.5,115
"DIELON","HF","8","DIELON_HF_8","Shrub Shade",1.5,116
"SORAME","WM","6","SORAME_WM_6","Shrub Shade",1.5,117
"VACMYR","SH","8","VACMYR_SH_8","Shrub Shade",0.75,118
"SORAME","GR","2","SORAME_GR_2","Shrub Shade",1.5,119
"KALANG","WM","7","KALANG_WM_7","Shrub Shade",0.75,120
"ACESPI","GR","8","ACESPI_GR_8","Shrub Shade",1.5,121
"DIELON","HF","3","DIELON_HF_3","Shrub Shade",1.5,122
"VACMYR","GR","4","VACMYR_GR_4","Shrub Shade",0.75,123
"VACMYR","SH","9","VACMYR_SH_9","Shrub Shade",0.75,124
"KALANG","HF","3","KALANG_HF_3","Shrub Shade",0.75,125
"ACESPI","WM","9","ACESPI_WM_9","Shrub Shade",1.5,126
"SORAME","HF","4","SORAME_HF_4","Shrub Shade",1.5,127
"ACESPI","HF","5","ACESPI_HF_5","Shrub Shade",1.5,128
"SORAME","WM","8","SORAME_WM_8","Shrub Shade",1.5,129
"SORAME","WM","7","SORAME_WM_7","Shrub Shade",1.5,130
"SORAME","GR","9","SORAME_GR_9","Shrub Shade",1.5,131
"VACMYR","WM","3","VACMYR_WM_3","Shrub Shade",0.75,132
"DIELON","WM","6","DIELON_WM_6","Shrub Shade",1.5,133
"VACMYR","HF","7","VACMYR_HF_7","Shrub Shade",0.75,134
"DIELON","GR","7","DIELON_GR_7","Shrub Shade",1.5,135
"VACMYR","GR","7","VACMYR_GR_7","Shrub Shade",0.75,136
"KALANG","GR","5","KALANG_GR_5","Shrub Shade",0.75,137
"SORAME","SH","1","SORAME_SH_1","Shrub Shade",1.5,138
"ACESPI","SH","6","ACESPI_SH_6","Shrub Shade",1.5,139
"ACESPI","GR","4","ACESPI_GR_4","Shrub Shade",1.5,140
"VACMYR","SH","4","VACMYR_SH_4","Shrub Shade",0.75,141
"ACESPI","GR","3","ACESPI_GR_3","Shrub Shade",1.5,142
"ACESPI","GR","5","ACESPI_GR_5","Shrub Shade",1.5,143
"ACESPI","HF","4","ACESPI_HF_4","Shrub Shade",1.5,144
"VACMYR","WM","1","VACMYR_WM_1","Shrub Shade",0.75,145
"DIELON","GR","5","DIELON_GR_5","Shrub Shade",1.5,146
"SORAME","WM","5","SORAME_WM_5","Shrub Shade",1.5,147
"DIELON","GR","3","DIELON_GR_3","Shrub Shade",1.5,148
"SORAME","SH","6","SORAME_SH_6","Shrub Shade",1.5,149
"VACMYR","HF","5","VACMYR_HF_5","Shrub Shade",0.75,150
"VACMYR","GR","2","VACMYR_GR_2","Shrub Shade",0.75,151
"ACESPI","SH","5","ACESPI_SH_5","Shrub Shade",1.5,152
"KALANG","SH","5","KALANG_SH_5","Shrub Shade",0.75,153
"ACESPI","WM","6","ACESPI_WM_6","Shrub Shade",1.5,154
"SORAME","GR","8","SORAME_GR_8","Shrub Shade",1.5,155
"KALANG","HF","6","KALANG_HF_6","Shrub Shade",0.75,156
"ACESPI","WM","5","ACESPI_WM_5","Shrub Shade",1.5,157
"VACMYR","GR","1","VACMYR_GR_1","Shrub Shade",0.75,158
"DIELON","SH","8","DIELON_SH_8","Shrub Shade",1.5,159
"VACMYR","HF","4","VACMYR_HF_4","Shrub Shade",0.75,160
"KALANG","HF","7","KALANG_HF_7","Shrub Shade",0.75,161
"SORAME","WM","4","SORAME_WM_4","Shrub Shade",1.5,162
"VACMYR","HF","8","VACMYR_HF_8","Shrub Shade",0.75,163
"VACMYR","WM","8","VACMYR_WM_8","Shrub Shade",0.75,164
"DIELON","WM","3","DIELON_WM_3","Shrub Shade",1.5,165
"SORAME","WM","1","SORAME_WM_1","Shrub Shade",1.5,166
"DIELON","WM","1","DIELON_WM_1","Shrub Shade",1.5,167
"SORAME","GR","5","SORAME_GR_5","Shrub Shade",1.5,168
"KALANG","GR","8","KALANG_GR_8","Shrub Shade",0.75,169
"DIELON","WM","8","DIELON_WM_8","Shrub Shade",1.5,170
"VACMYR","GR","9","VACMYR_GR_9","Shrub Shade",0.75,171
"DIELON","SH","9","DIELON_SH_9","Shrub Shade",1.5,172
"ACESPI","SH","8","ACESPI_SH_8","Shrub Shade",1.5,173
"VACMYR","GR","5","VACMYR_GR_5","Shrub Shade",0.75,174
"KALANG","GR","6","KALANG_GR_6","Shrub Shade",0.75,175
"DIELON","HF","1","DIELON_HF_1","Shrub Shade",1.5,176
"KALANG","HF","8","KALANG_HF_8","Shrub Shade",0.75,177
"SORAME","SH","8","SORAME_SH_8","Shrub Shade",1.5,178
"KALANG","HF","2","KALANG_HF_2","Shrub Shade",0.75,179
"KALANG","WM","9","KALANG_WM_9","Shrub Shade",0.75,180
