"id","species","site","ind","Plot","Weight","Feet","Inches","StemVol","Notes","ssd"
"ACEPEN_HF_12","ACEPEN","HF","12",12,2448.7,5,8,NA,"",NA
"ACEPEN_HF_12","ACEPEN","HF","12",2,NA,NA,NA,NA,"Dead",NA
"ACEPEN_WM_5","ACEPEN","WM","5",2,NA,NA,NA,NA,"dead",NA
"ACEPEN_HF_12","ACEPEN","HF","12",2,NA,NA,NA,NA,"dead",NA
"ACEPEN_HF_12","ACEPEN","HF","12",3,NA,NA,NA,NA,"dead",NA
"ACEPEN_HF_12","ACEPEN","HF","12",5,NA,NA,NA,NA,"dead",NA
"ACEPEN_WM_5","ACEPEN","WM","5",5,NA,NA,NA,NA,"Probably dead",NA
"ACEPEN_HF_12","ACEPEN","HF","12",6,NA,NA,NA,NA,"dead",NA
"ACEPEN_WM_5","ACEPEN","WM","5",6,NA,NA,NA,NA,"dead",NA
"ACEPEN_WM_5","ACEPEN","WM","5",9,NA,NA,NA,NA,"dead",NA
"ACEPEN_WM_5","ACEPEN","WM","5",9,NA,NA,NA,NA,"Dead",NA
"ACEPEN_WM_5","ACEPEN","WM","5",12,NA,NA,NA,NA,"dead",NA
"ACESPI_GR_8","ACESPI","GR","8",7,NA,NA,NA,NA,"dead",NA
"ACESPI_GR_6","ACESPI","GR","6",7,NA,NA,NA,NA,"dead",NA
"ACESPI_GR_4","ACESPI","GR","4",7,NA,NA,NA,NA,"dead",NA
"ACESPI_SH_2","ACESPI","SH","2",7,NA,NA,NA,NA,"dead",NA
"ACESPI_WM_1","ACESPI","WM","1",7,NA,NA,NA,NA,"dead",NA
"ACESPI_GR_4","ACESPI","GR","4",10,NA,NA,NA,NA,"dead",NA
"ACESPI_SH_2A","ACESPI","SH","2A",10,NA,NA,NA,NA,"",NA
"ACESPI_SH_2B","ACESPI","SH","2B",10,NA,NA,NA,NA,"",NA
"ACESPI_SH_9","ACESPI","SH","9",10,NA,NA,NA,NA,"dead",NA
"ALNINC_GR_8B","ALNINC","GR","8B",5,882.5,14,6.5,1965,"",0.44910941475827
"ALNINC_HF_8","ALNINC","HF","8",12,1176.2,14,6,2729,"",0.431000366434591
"ALNINC_GR_11B","ALNINC","GR","11B",3,1219.2,14,5.5,2969,"",0.410643314247221
"ALNINC_HF_1","ALNINC","HF","1",16,1244,8,11.5,3075,"",0.404552845528455
"ALNINC_HF_9","ALNINC","HF","9",15,1288.6,6,8,4002,"dead sampled?",0.321989005497251
"ALNINC_SH_5","ALNINC","SH","5",5,1426.2,NA,NA,3405,"",0.418854625550661
"ALNINC_GR_1","ALNINC","GR","1",5,1456.5,14,5,4437,"map labelled as Amecan_GR_1",0.328262339418526
"ALNINC_GR_1","ALNINC","GR","1",3,1460.6,11,1,3595,"mislabeled as ALNINC_WM_1",0.406286509040334
"ALNINC_HF_5","ALNINC","HF","5",6,1461.9,15,1.5,3305,"",0.44232980332829
"ALNINC_SH_1","ALNINC","SH","1",1,1462.2,12,8.25,3352,"",0.436217183770883
"ALNINC_WM_1","ALNINC","WM","1",1,1475.8,13,2.5,3545,"",0.416304654442877
"ALNINC_GR_8A","ALNINC","GR","8A",5,1491.5,12,10.5,3624,"",0.411561810154525
"ALNINC_GR_11","ALNINC","GR","11",3,1510.7,NA,NA,3375,"",0.447614814814815
"ALNINC_WM_2B","ALNINC","WM","2B",1,1569,14,8.5,3588,"",0.437290969899666
"ALNINC_SH_5","ALNINC","SH","5",3,1578.1,12,1.5,3651,"",0.432237743084087
"ALNINC_SH_8","ALNINC","SH","8",9,1624.9,13,9,3816,"",0.425812368972746
"ALNINC_WM_5B","ALNINC","WM","5B",1,1674.6,NA,NA,4045,"",0.413992583436341
"ALNINC_HF_2","ALNINC","HF","2",1,1705,10,10,3740,"",0.455882352941176
"ALNINC_GR_11","ALNINC","GR","11",15,1735.1,12,11,4321,"",0.40155056699838
"ALNINC_WM_5A","ALNINC","WM","5A",16,1741.6,13,8,4064,"",0.428543307086614
"ALNINC_SH_3","ALNINC","SH","3",16,1770,13,1,5932,"",0.29838165879973
"ALNINC_HF_9","ALNINC","HF","9",9,1835.5,14,2,4278,"",0.429055633473586
"ALNINC_SH_5","ALNINC","SH","5",2,1860.7,8,11.25,4408,"",0.42211887477314
"ALNINC_HF_1","ALNINC","HF","1",1,1952.1,10,9,4232,"",0.461271266540643
"ALNINC_SH_1","ALNINC","SH","1",12,1978,15,8,4970,"",0.397987927565392
"ALNINC_GR_8","ALNINC","GR","8",3,2012.7,13,10.5,4696,"",0.428598807495741
"ALNINC_HF_9","ALNINC","HF","9",2,2018.5,15,2,4827,"no plot number on physical datasheet",0.418168634762793
"ALNINC_HF_9","ALNINC","HF","9",6,2048.9,14,10.5,4884,"",0.419512694512695
"ALNINC_SH_4","ALNINC","SH","4",15,2073.1,15,9,5041,"",0.411247768299941
"ALNINC_SH_4","ALNINC","SH","4",2,2098.9,14,1,5706,"",0.367840869260428
"ALNINC_WM_2A","ALNINC","WM","2A",1,2143.6,14,9.5,4823,"",0.444453659547999
"ALNINC_WM_5A","ALNINC","WM","5A",2,2223.3,14,7.5,5344,"",0.416036676646707
"ALNINC_GR_8","ALNINC","GR","8",16,2249,12,0,5155,"",0.43627546071775
"ALNINC_WM_5B","ALNINC","WM","5B",16,2295.7,12,2.5,5412,"",0.424186991869919
"ALNINC_WM_5","ALNINC","WM","5",1,2950.3,14,2.5,7088,"",0.416238713318284
"ALNINC_GR_11","ALNINC","GR","11",1,3010,14,8.5,7404,"",0.406537007023231
"ALNINC_WM_5B","ALNINC","WM","5B",2,NA,13,6.5,NA,"",NA
"ALNINC_GR_11A","ALNINC","GR","11A",3,NA,13,5.5,NA,"",NA
"ALNINC_SH_6","ALNINC","SH","6",5,NA,16,4,NA,"",NA
"AMECAN_GR_10","AMECAN","GR","10",6,570.3,7,6.5,1043,"tallest branch sagged a lot so we took the measurement and the tallest w / out holding up the log saggy branch -> 4 ft 0in",0.546788111217641
"AMECAN_WM_1","AMECAN","WM","1",2,875.5,NA,NA,2184,"",0.400869963369963
"AMECAN_GR_10B","AMECAN","GR","10B",3,1398.6,6,10,2489,"",0.561912414624347
"AMECAN_SH_3","AMECAN","SH","3",15,1609.2,4,4.5,2981,"",0.539818852733982
"AMECAN_SH_4","AMECAN","SH","4",6,1621.5,8,4.5,2964,"",0.547064777327935
"AMECAN_GR_10","AMECAN","GR","10",2,NA,NA,NA,NA,"dead",NA
"AMECAN_GR_10A","AMECAN","GR","10A",3,NA,NA,NA,NA,"dead",NA
"AMECAN_GR_10A","AMECAN","GR","10A",5,NA,NA,NA,NA,"Dead",NA
"AMECAN_SH_4","AMECAN","SH","4",5,NA,NA,NA,NA,"dead",NA
"AMECAN_GR_10B","AMECAN","GR","10B",5,NA,NA,NA,NA,"Dead",NA
"AMECAN_SH_2","AMECAN","SH","2",6,NA,NA,NA,NA,"Dead",NA
"AROMEL_WM_2","AROMEL","WM","2",14,1210,2,1.5,3322,"",0.364238410596026
"AROMEL_HF_8B","AROMEL","HF","8B",11,1219.7,3,10,2203,"",0.553654108034498
"AROMEL_WM_15","AROMEL","WM","15",4,1236.2,2,0,2334,"",0.529648671808055
"AROMEL_HF_12","AROMEL","HF","12",11,1307.2,3,2,2488,"",0.52540192926045
"AROMEL_HF_10","AROMEL","HF","10",8,1307.5,4,8,2632,"",0.496770516717325
"AROMEL_HF_13","AROMEL","HF","13",14,1444.7,2,6,3123,"",0.462600064040986
"AROMEL_WM_2","AROMEL","WM","2",4,1579,NA,NA,2919,"dead",0.540938677629325
"AROMEL_HF_8A","AROMEL","HF","8A",11,1579.5,3,5,2887,"another plant has grown with it",0.547107724281261
"AROMEL_HF_12","AROMEL","HF","12",14,1877,3,2,3628,"",0.517364939360529
"AROMEL_WM_7","AROMEL","WM","7",8,2316.3,1,8,4194,"",0.552288984263233
"AROMEL_HF_4","AROMEL","HF","4",8,3067.5,4,10,5391,"",0.569003895381191
"AROMEL_WM_7","AROMEL","WM","7",4,NA,NA,NA,NA,"dead",NA
"AROMEL_HF_4","AROMEL","HF","4",4,NA,NA,NA,NA,"dead",NA
"AROMEL_WM_5","AROMEL","WM","5",4,NA,NA,NA,NA,"dead",NA
"AROMEL_WM_5","AROMEL","WM","5",11,NA,NA,NA,NA,"dead",NA
"BETALL_WM_8","BETALL","WM","8",9,619,10,6,1249,"",0.495596477181745
"BETALL_GR_13","BETALL","GR","13",15,663.9,10,8,1308,"",0.50756880733945
"BETALL_GR_13","BETALL","GR","13",2,844.4,11,7.5,1934,"",0.436608066184074
"BETALL_SH_7","BETALL","SH","7",16,856.7,5,5.5,1951,"",0.439108149666838
"BETALL_SH_9","BETALL","SH","9",9,870.9,8,4,1882,"",0.462752391073326
"BETALL_WM_8A","BETALL","WM","8A",5,936.5,13,7,1988,"",0.471076458752515
"BETALL_SH_2","BETALL","SH","2",6,955.3,10,10,1846,"",0.517497291440953
"BETALL_GR_14","BETALL","GR","14",15,970.3,9,1,2326,"",0.417153912295787
"BETALL_SH_4","BETALL","SH","4",3,995.8,11,1,2023,"",0.492239248640633
"BETALL_WM_8A","BETALL","WM","8A",12,1083.4,10,11,2283,"",0.47455102934735
"BETALL_GR_12","BETALL","GR","12",3,1090.4,10,8,2356,"",0.462818336162988
"BETALL_WM_8B","BETALL","WM","8B",12,1110.3,12,1,2310,"",0.480649350649351
"BETALL_GR_14","BETALL","GR","14",16,1133.4,3,11,2459,"",0.460919072793819
"BETALL_SH_9","BETALL","SH","9",6,1216,12,1.5,2778,"",0.43772498200144
"BETALL_WM_8B","BETALL","WM","8B",5,1273.3,14,2,2515,"",0.506282306163022
"BETALL_WM_8","BETALL","WM","8",1,1310.8,13,7,2832,"",0.462853107344633
"BETALL_GR_12","BETALL","GR","12",1,1479.5,13,6.5,2991,"",0.494650618522233
"BETALL_GR_1","BETALL","GR","1",3,1565,11,10,3243,"mislabeled as BETAL_GR_9",0.482577860006167
"BETALL_GR_9","BETALL","GR","9",3,1582.2,12,0,3425,"",0.461956204379562
"BETALL_WM_9","BETALL","WM","9",5,1609.3,12,0,3422,"",0.470280537697253
"BETALL_SH_4A","BETALL","SH","4A",9,1625.2,6,6.5,3485,"",0.466341463414634
"BETALL_SH_5","BETALL","SH","5",6,1637,10,6,3665,"",0.446657571623465
"BETALL_GR_13","BETALL","GR","13",1,1880.2,12,7.5,4094,"",0.459257449926722
"BETALL_SH_5","BETALL","SH","5",9,NA,NA,NA,NA,"dead",NA
"BETALL_WM_9","BETALL","WM","9",9,NA,NA,NA,NA,"Dead",NA
"BETALL_SH_4B","BETALL","SH","4B",9,NA,NA,NA,NA,"dead",NA
"BETALL_WM_9","BETALL","WM","9",16,NA,NA,NA,NA,"dead",NA
"BETPAP_GR_8","BETPAP","GR","8",6,506.4,4,3,962,"",0.526403326403326
"BETPAP_GR_8","BETPAP","GR","8",5,760.8,8,1,1440,"",0.528333333333333
"BETPAP_HF_16","BETPAP","HF","16",12,761.5,14,3,1637,"",0.465180207697007
"BETPAP_HF_16B","BETPAP","HF","16B",6,951.7,14,5.5,1996,"",0.476803607214429
"BETPAP_HF_16","BETPAP","HF","16",3,1053.2,13,6,2070,"",0.508792270531401
"BETPAP_GR_8","BETPAP","GR","8",12,1136.2,5,9,2440,"",0.465655737704918
"BETPAP_GR_5A","BETPAP","GR","5A",2,1515.3,8,8.5,3148,"",0.481353240152478
"BETPAP_SH_1A","BETPAP","SH","1A",1,1694.6,16,2,4067,"",0.416670764691419
"BETPAP_GR_5","BETPAP","GR","5",1,NA,NA,NA,NA,"Dead",NA
"BETPAP_SH_1B","BETPAP","SH","1B",1,NA,NA,NA,NA,"",NA
"BETPAP_GR_5B","BETPAP","GR","5B",2,NA,NA,NA,NA,"Dead",NA
"BETPAP_GR_8","BETPAP","GR","8",3,NA,NA,NA,NA,"dead",NA
"BETPAP_HF_16","BETPAP","HF","16",5,NA,NA,NA,NA,"dead",NA
"BETPAP_GR_9","BETPAP","GR","9",9,NA,NA,NA,NA,"Dead",NA
"BETPAP_HF_16","BETPAP","HF","16",2,NA,19,1,NA,"",NA
"BETPAP_HF_16A","BETPAP","HF","16A",6,NA,16,5.5,NA,"",NA
"BETPOP_HF_16A","BETPOP","HF","16A",6,686.1,NA,NA,1396,"",0.49147564469914
"BETPOP_GR_5","BETPOP","GR","5",6,716.9,15,7,1432,"",0.500628491620112
"BETPOP_HF_3","BETPOP","HF","3",1,717.2,18,7,1288,"",0.556832298136646
"BETPOP_HF_5","BETPOP","HF","5",6,738.8,21,1.5,1596,"",0.462907268170426
"BETPOP_HF_4","BETPOP","HF","4",9,773.7,23,5,1492,"",0.518565683646113
"BETPOP_GR_3","BETPOP","GR","3",16,830.6,10,3,1665,"",0.498858858858859
"BETPOP_WM_9","BETPOP","WM","9",15,835.6,12,10,1852,"",0.451187904967603
"BETPOP_GR_3","BETPOP","GR","3",6,861.7,15,2.5,2104,"",0.409553231939164
"BETPOP_XX","BETPOP","XX","",3,958,NA,NA,1867,"",0.513122656668452
"BETPOP_GR_5","BETPOP","GR","5",1,NA,NA,NA,NA,"",NA
"BETPOP_GR_5B","BETPOP","GR","5B",3,1071.9,17,0,2254,"",0.475554569653949
"BETPOP_HF_3A","BETPOP","HF","3A",6,1086.5,16,2.5,1247,"",0.871291098636728
"BETPOP_HF_1","BETPOP","HF","1",3,1132.5,16,1.5,2326,"",0.48688736027515
"BETPOP_WM_8","BETPOP","WM","8",16,1146.7,16,2,2670,"",0.429475655430712
"BETPOP_WM_7","BETPOP","WM","7",1,1149,20,5,2188,"",0.525137111517367
"BETPOP_WM_7","BETPOP","WM","7",15,1154.9,16,0,2376,"",0.486069023569024
"BETPOP_HF_16A","BETPOP","HF","16A",2,1181.7,NA,NA,2373,"",0.497977243994943
"BETPOP_WM_7","BETPOP","WM","7",6,1213.4,19,1,2538,"",0.478092986603625
"BETPOP_HF_3B","BETPOP","HF","3B",6,1263.9,20,6,2484,"",0.508816425120773
"BETPOP_GR_5A","BETPOP","GR","5A",3,1305.4,11,4,2637,"",0.495032233598786
"BETPOP_GR_5C","BETPOP","GR","5C",12,1343.5,10,11,3072,"",0.437337239583333
"BETPOP_GR_5B","BETPOP","GR","5B",12,1375.7,16,7,2823,"",0.487318455543748
"BETPOP_WM_7","BETPOP","WM","7",3,1405.3,22,2,3573,"est",0.393310943184999
"BETPOP_GR_5A","BETPOP","GR","5A",12,1432.7,13,6,3144,"",0.455693384223919
"BETPOP_HF_1","BETPOP","HF","1",2,1611.1,17,8,3257,"",0.494657660423703
"BETPOP_WM_7","BETPOP","WM","7",9,1702.3,20,8.5,3522,"",0.483333333333333
"BETPOP_WM_8","BETPOP","WM","8",15,1742.2,13,6.5,3437,"",0.50689554844341
"BETPOP_WM_7","BETPOP","WM","7",2,2672.5,23,3,5507,"",0.485291447248956
"BETPOP_GR_5","BETPOP","GR","5",1,1028,14,9.5,2104,"",0.488593155893536
"BETPOP_HF_5","BETPOP","HF","5",2,NA,NA,NA,NA,"dead",NA
"BETPOPX_X","BETPOP","X","",3,NA,21,5,NA,"Est",NA
"DIELON_HF_4","DIELON","HF","4",7,365.9,1,5,1408,"",0.259872159090909
"DIELON_SH_2B","DIELON","SH","2B",13,441,2,2.5,1555,"",0.283601286173633
"DIELON_HF_3","DIELON","HF","3",7,451.9,1,11.5,1648,"",0.274211165048544
"DIELON_HF_2","DIELON","HF","2",7,504.8,1,4,1642,"",0.307429963459196
"DIELON_HF_2B","DIELON","HF","2B",13,533.1,2,2,1772,"",0.300846501128668
"DIELON_HF_2C","DIELON","HF","2C",13,537,2,9,1776,"",0.302364864864865
"DIELON_WM_1C","DIELON","WM","1C",13,561.5,2,8.5,1928,"",0.291234439834025
"DIELON_WM_1A","DIELON","WM","1A",13,591.3,1,11,1654,"",0.357496977025393
"DIELON_HF_2A","DIELON","HF","2A",13,615.2,2,8,1760,"",0.349545454545454
"DIELON_GR_5A","DIELON","GR","5A",7,680.2,2,7.5,1914,"",0.355381400208986
"DIELON_GR_5C","DIELON","GR","5C",7,696.7,2,6.5,2110,"",0.330189573459716
"DIELON_GR_8","DIELON","GR","8",13,730.5,2,5.5,2333,"",0.31311615945135
"DIELON_SH_2A","DIELON","SH","2A",13,741.4,1,11,2270,"",0.326607929515419
"DIELON_HF_1A","DIELON","HF","1A",7,754.4,2,7.5,2395,"",0.314989561586639
"DIELON_WM_XX","DIELON","WM","XX",7,766.6,NA,NA,2257,"",0.339654408506867
"DIELON_WM_1B","DIELON","WM","1B",13,821.5,2,4.5,2382,"",0.34487825356843
"DIELON_SH_4","DIELON","SH","4",7,1097.2,2,4,4001,"",0.274231442139465
"DIELON_GR_5B","DIELON","GR","5B",7,1135.4,2,9,3191,"",0.355813224694453
"DIELON_HF_1B","DIELON","HF","1B",7,NA,NA,NA,NA,"dead",NA
"DIELON_SH_12","DIELON","SH","12",10,NA,NA,NA,NA,"",NA
"DIELON_GR_5","DIELON","GR","5",10,NA,NA,NA,NA,"",NA
"DIELON_HF_1","DIELON","HF","1",10,NA,NA,NA,NA,"",NA
"DIELON_SH_4","DIELON","SH","4",10,NA,NA,NA,NA,"dead",NA
"DIELON_GR_8","DIELON","GR","8",10,NA,NA,NA,NA,"dead",NA
"DIELON_SH_4","DIELON","SH","4",10,NA,NA,NA,NA,"dead",NA
"DIELON_SH_2","DIELON","SH","2",10,NA,NA,NA,NA,"dead",NA
"DIELON_GR_8A","DIELON","GR","8A",10,NA,NA,NA,NA,"dead",NA
"DIELON_GR_8B","DIELON","GR","8B",10,NA,NA,NA,NA,"dead",NA
"DIELON_SH_4","DIELON","SH","4",13,NA,NA,NA,NA,"dead",NA
"DIELON_GR_6","DIELON","GR","6",14,NA,NA,NA,NA,"dead",NA
"DIELON_GR_2","DIELON","GR","2",14,NA,NA,NA,NA,"Dead",NA
"DIELON_SH_4","DIELON","SH","4",14,NA,NA,NA,NA,"dead",NA
"DIELON_WM","DIELON","WM","",7,NA,2,1,NA,"",NA
"MYRGAL_GR_8D","MYRGAL","GR","8D",4,122.75,1,4,2600,"",0.0472115384615385
"MYRGAL_GR_8C","MYRGAL","GR","8C",4,559.1,2,3.5,1478,"",0.378281461434371
"MYRGAL_SH_2B","MYRGAL","SH","2B",4,759.2,1,9,1849,"..almost dead",0.41060032449973
"MYRGAL_SH_1B","MYRGAL","SH","1B",4,890.9,2,1.5,2559,"",0.348143806174287
"MYRGAL_WM_6B","MYRGAL","WM","6B",11,983.4,2,0,2460,"",0.399756097560976
"MYRGAL_WM_6","MYRGAL","WM","6",14,994.1,2,3,2684,"",0.370380029806259
"MYRGAL_SH_1","MYRGAL","SH","1",8,1138.8,2,5.5,2930,"",0.388668941979522
"MYRGAL_SH_2","MYRGAL","SH","2",8,1190.6,2,9.5,3143,"",0.378810054088451
"MYRGAL_SH_2A","MYRGAL","SH","2A",4,1361.8,2,8,3574,"",0.381029658645775
"MYRGAL_WM_6B","MYRGAL","WM","6B",8,2111,3,0.5,5707,"",0.36989661818819
"MYRGAL_SH_99","MYRGAL","SH","99",14,2384.4,1,8,5734,"",0.415835367980467
"MYRGAL_WM_6A","MYRGAL","WM","6A",11,1145.1,2,4,2471,"",0.463415621205989
"MYRGAL_SH_1A","MYRGAL","SH","1A",4,NA,NA,NA,NA,"dead",NA
"MYRGAL_GR_8A","MYRGAL","GR","8A",4,NA,NA,NA,NA,"dead",NA
"MYRGAL_GR_8B","MYRGAL","GR","8B",4,NA,NA,NA,NA,"dead",NA
"MYRGAL_WM_6A","MYRGAL","WM","6A",4,NA,NA,NA,NA,"dead",NA
"MYRGAL_WM_6B","MYRGAL","WM","6B",4,NA,3,11,NA,"not dead",NA
"MYRGAL_WM_6A","MYRGAL","WM","6A",8,2026.8,2,7,4979,"",0.407069692709379
"QUEALB_HF_4","QUEALB","HF","4",15,NA,NA,NA,NA,"Dead",NA
"QUEALB_HF_4A","QUEALB","HF","4A",16,NA,NA,NA,NA,"dead",NA
"QUEALB_HF_4B","QUEALB","HF","4B",16,NA,NA,NA,NA,"dead",NA
"QUERUB_HF_9","QUERUB","HF","9",5,NA,NA,NA,NA,"dead",NA
"QUERUB_HF_99","QUERUB","HF","99",5,NA,NA,NA,NA,"",NA
"QUERUB_WM_9","QUERUB","WM","9",9,NA,NA,NA,NA,"Dead",NA
"QUERUB_WM_9","QUERUB","WM","9",12,NA,NA,NA,NA,"dead",NA
"SAMRAC_GR_9","SAMRAC","GR","9",7,1037.8,7,5.5,4052,"",0.256120434353406
"SAMRAC_HF_D","SAMRAC","HF","D",13,1203.2,9,3.5,5525,"",0.217773755656109
"SAMRAC_GR_7A","SAMRAC","GR","7A",7,1522,6,5.5,4464,"",0.34094982078853
"SAMRAC_HF_A","SAMRAC","HF","A",13,1616.7,9,11,6979,"",0.231652099154607
"SAMRAC_HF_A","SAMRAC","HF","A",10,1628.5,9,3,6336,"",0.257023358585859
"SAMRAC_HF_B","SAMRAC","HF","B",10,1672.6,7,4,5505,"labelled as Samrac_HF on map",0.303832879200727
"SAMRAC_GR_2","SAMRAC","GR","2",7,1786,4,6.5,6483,"",0.275489742403208
"SAMRAC_HF_C","SAMRAC","HF","C",13,1968.4,1,3,5293,"",0.371887398450784
"SAMRAC_GR_7B","SAMRAC","GR","7B",7,1969,3,11,6078,"",0.323955248436986
"SAMRAC_GR_8","SAMRAC","GR","8",8,2030.4,NA,NA,5894,"",0.344485917882592
"SAMRAC_GR_11","SAMRAC","GR","11",7,2171.9,NA,NA,8325,"",0.260888888888889
"SAMRAC_HF_B","SAMRAC","HF","B",13,3951.3,8,6.5,11828,"",0.334063239770037
"SAMRAC_GR_7","SAMRAC","GR","7",10,NA,NA,NA,NA,"",NA
"SAMRAC_GR_4","SAMRAC","GR","4",10,NA,NA,NA,NA,"dead",NA
"SAMRAC_GR_1","SAMRAC","GR","1",10,NA,NA,NA,NA,"dead",NA
"SAMRAC_GR_8","SAMRAC","GR","8",13,NA,6,1,NA,"",NA
"SAMRAC_GR_4A","SAMRAC","GR","4A",14,NA,NA,NA,NA,"dead",NA
"SAMRAC_GR_4","SAMRAC","GR","4",7,NA,6,4.5,NA,"",NA
"SORAME_GR_9C","SORAME","GR","9C",7,NA,NA,NA,NA,"dead",NA
"SORAME_SH_3","SORAME","SH","3",7,NA,NA,NA,NA,"dead)",NA
"SORAME_GR_9D","SORAME","GR","9D",7,NA,NA,NA,NA,"Dead)",NA
"SORAME_GR_9A","SORAME","GR","9A",7,NA,NA,NA,NA,"dead",NA
"SORAME_GR_9A","SORAME","GR","9A",10,NA,NA,NA,NA,"",NA
"SORAME_SH_3A","SORAME","SH","3A",10,NA,NA,NA,NA,"dead",NA
"SORAME_SH_3B","SORAME","SH","3B",10,NA,NA,NA,NA,"dead",NA
"SORAME_SH_3B","SORAME","SH","3B",10,NA,NA,NA,NA,"dead",NA
"SORAME_GR_9B","SORAME","GR","9B",10,NA,NA,NA,NA,"dead",NA
"SORAME_SH_1A","SORAME","SH","1A",13,NA,NA,NA,NA,"Dead",NA
"SORAME_SH_1B","SORAME","SH","1B",13,NA,NA,NA,NA,"Dead",NA
"SORAME_SH_3","SORAME","SH","3",13,NA,NA,NA,NA,"dead",NA
"SORAME_SH_3","SORAME","SH","3",14,NA,NA,NA,NA,"dead",NA
"SORAME_GR_9B","SORAME","GR","9B",7,NA,2,9.5,NA,"",NA
"SPIALB_GR_3","SPIALB","GR","3",4,609.8,4,4,1499,"",0.406804536357572
"SPIALB_HF_1","SPIALB","HF","1",4,714.9,4,4.5,2079,"",0.343867243867244
"SPIALB_WM_5D","SPIALB","WM","5D",4,714.9,NA,NA,1684,"",0.424524940617577
"SPIALB_GR_5","SPIALB","GR","5",8,719.8,3,11,1386,"",0.519336219336219
"SPIALB_HF_2","SPIALB","HF","2",8,795.2,4,3,1252,"",0.635143769968051
"SPIALB_SH_8","SPIALB","SH","8",4,873.9,4,0.5,2727,"not dead",0.32046204620462
"SPIALB_WM_7B","SPIALB","WM","7B",8,876.9,4,2.25,2244,"",0.390775401069519
"SPIALB_WM_7B","SPIALB","WM","7B",4,887.1,4,3.5,1856,"",0.477963362068966
"SPIALB_WM_7A","SPIALB","WM","7A",4,991,4,7.5,2475,"",0.40040404040404
"SPIALB_SH_4B","SPIALB","SH","4B",4,992.6,3,3.5,2803,"",0.354120585087406
"SPIALB_GR_9","SPIALB","GR","9",8,997.3,3,7,2303,"",0.433043855840208
"SPIALB_GR_7","SPIALB","GR","7",4,1006.7,5,11.5,2645,"",0.380604914933837
"SPIALB_SH_9B","SPIALB","SH","9B",4,1016.7,4,0,2506,"",0.405706304868316
"SPIALB_SH_9A","SPIALB","SH","9A",4,1022.6,3,7.5,2785,"",0.367181328545781
"SPIALB_SH_4A","SPIALB","SH","4A",4,1037.5,5,3,2171,"",0.477890373099954
"SPIALB_GR_12","SPIALB","GR","12",4,1069,5,0.5,2361,"",0.452774248199915
"SPIALB_HF_4A","SPIALB","HF","4A",11,1084,4,0,2102,"",0.51569933396765
"SPIALB_SH_7","SPIALB","SH","7",4,1102.6,3,7,2519,"",0.437713378324732
"SPIALB_WM_4C","SPIALB","WM","4C",11,1145.7,4,2,3164,"",0.362104930467762
"SPIALB_WM_2B","SPIALB","WM","2B",4,1150.8,4,9,2421,"",0.475340768277571
"SPIALB_WM_2B","SPIALB","WM","2B",11,1247.8,4,0,3709,"",0.336424912375303
"SPIALB_WM_4A","SPIALB","WM","4A",11,1264.9,3,9,3455,"",0.366107091172214
"SPIALB_GR_12A","SPIALB","GR","12A",8,1267.4,4,7.5,2863,"",0.44268250087321
"SPIALB_SH_7A","SPIALB","SH","7A",8,1321.4,3,10.5,3108,"",0.425160875160875
"SPIALB_WM_4B","SPIALB","WM","4B",11,1351.2,3,9,2438,"",0.55422477440525
"SPIALB_HF_10","SPIALB","HF","10",11,1500.5,3,4,3186,"",0.470966729441306
"SPIALB_WM_2A","SPIALB","WM","2A",4,1509.6,3,9.5,3394,"",0.444784914555097
"SPIALB_HF_4A","SPIALB","HF","4A",4,1564.3,3,9,3979,"",0.393138979643126
"SPIALB_HF_8","SPIALB","HF","8",4,1619.5,3,7.5,3982,"",0.406705173279759
"SPIALB_GR_3","SPIALB","GR","3",8,1661.9,4,2.5,3407,"",0.487789844437922
"SPIALB_WM_5","SPIALB","WM","5",11,1804.4,4,3,3546,"",0.508855047941342
"SPIALB_HF_4B","SPIALB","HF","4B",11,1808.1,4,4,3755,"",0.481517976031957
"SPIALB_SH_7B","SPIALB","SH","7B",8,2111.1,3,11,4330,"",0.487551963048499
"SPIALB_WM_7A","SPIALB","WM","7A",8,2326.2,4,4,5648,"",0.411862606232295
"SPIALB_GR_12B","SPIALB","GR","12B",8,520,3,5.5,1210,"stem vol written as 8spibetGR12B on paper datasheet",0.429752066115702
"SPIALB_HF_3","SPIALB","HF","3",8,644,4,3,1392,"stem vol name written as 8spibetHF3 on paper datasheet",0.46264367816092
"SPIALB_WM_2A","SPIALB","WM","2A",11,NA,NA,NA,NA,"dead",NA
"SPIALB_SH_1","SPIALB","SH","1",4,NA,4,5,NA,"",NA
"SPITOM_GR_2C","SPITOM","GR","2C",8,333.43,2,11,864,"",0.385914351851852
"SPITOM_WM_5E","SPITOM","WM","5E",4,444.3,1,5,1005,"",0.442089552238806
"SPITOM_SH_9","SPITOM","SH","9",4,449.9,2,5,1047,"",0.429703915950334
"SPITOM_GR_2B","SPITOM","GR","2B",8,501.9,1,11.5,1106,"",0.45379746835443
"SPITOM_WM_5","SPITOM","WM","5",8,529.8,2,11.5,1233,"",0.429683698296837
"SPITOM_SH_99","SPITOM","SH","99",4,562.4,3,4.5,1148,"sad shrub",0.489895470383275
"SPITOM_HF_4","SPITOM","HF","4",8,563.7,2,3,1463,"",0.385304169514696
"SPITOM_WM_4B","SPITOM","WM","4B",8,609.6,2,5,1396,"",0.436676217765043
"SPITOM_HF_6A","SPITOM","HF","6A",8,690.8,2,9,1533,"",0.450619699934768
"SPITOM_GR_1B","SPITOM","GR","1B",11,693.8,2,10,1685,"",0.411750741839763
"SPITOM_WM_4A","SPITOM","WM","4A",8,805.1,2,9,1861,"",0.432616872649113
"SPITOM_SH_99F","SPITOM","SH","99F",11,816.1,3,2,1745,"",0.467679083094556
"SPITOM_GR_2D","SPITOM","GR","2D",8,858.8,2,4,1819,"",0.472127542605827
"SPITOM_HF_13","SPITOM","HF","13",8,887.5,2,5,1794,"",0.494704570791527
"SPITOM_HF_6B","SPITOM","HF","6B",8,919.4,2,9,2127,"",0.432251998119417
"SPITOM_SH_99D","SPITOM","SH","99D",11,944.9,3,3,2315,"",0.408164146868251
"SPITOM_GR_1A","SPITOM","GR","1A",11,965.5,NA,NA,1251,"dead",0.771782573940847
"SPITOM_GR_1","SPITOM","GR","1",8,981.7,2,9,1362,"",0.720778267254038
"SPITOM_HF_9B","SPITOM","HF","9B",8,671.6,2,11,1720,"",0.39046511627907
"SPITOM_GR_1A","SPITOM","GR","1A",11,621.4,2,8,1979,"",0.31399696816574
"SPITOM_WM_5A","SPITOM","WM","5A",4,NA,NA,NA,NA,"dead",NA
"SPITOM_WM_5C","SPITOM","WM","5C",4,NA,NA,NA,NA,"dead",NA
"SPITOM_SH_99A","SPITOM","SH","99A",11,NA,NA,NA,NA,"dead",NA
"SPITOM_SH_99B","SPITOM","SH","99B",11,NA,NA,NA,NA,"dead",NA
"SPITOM_SH_99C","SPITOM","SH","99C",11,NA,NA,NA,NA,"dead",NA
"SPITOM_HF_5","SPITOM","HF","5",11,NA,NA,NA,NA,"dead",NA
"SPITOM_SH_99E","SPITOM","SH","99E",11,NA,NA,NA,NA,"dead",NA
"SPITOM_HF_6","SPITOM","HF","6",11,NA,NA,NA,NA,"dead",NA
"SPITOM_WM_5B","SPITOM","WM","5B",4,NA,4,2,NA,"",NA
"SPITOM_WM_5D","SPITOM","WM","5D",4,NA,2,6,NA,"",NA
"SPITOM_HF_9A","SPITOM","HF","9A",8,499,2,8,1245,"",0.400803212851406
"VACMR_GR_10B","VACMYR","GR","10B",13,NA,NA,NA,NA,"dead",NA
"VACMYR_WM_5","VACMYR","WM","5",13,NA,NA,NA,NA,"dead",NA
"VACMYR_GR_10A","VACMYR","GR","10A",13,NA,NA,NA,NA,"dead",NA
"VACMYR_GR_10C","VACMYR","GR","10C",13,NA,NA,NA,NA,"dead",NA
"VIBCAS_WM_9B","VIBCAS","WM","9B",8,1160.7,3,11,2481,"",0.467835550181379
"VIBCAS_SH_9","VIBCAS","SH","9",11,1325,2,2,2874,"",0.461029923451635
"VIBCAS_GR_9","VIBCAS","GR","9",4,1370.8,4,0,2727,"mislabelled as VIBCAS_GR_10",0.502676934360103
"VIBCAS_GR_5","VIBCAS","GR","5",8,1420.5,3,6.5,2979,"",0.476837865055388
"VIBCAS_SH_5C","VIBCAS","SH","5C",8,1527.7,3,8,3301,"",0.46279915177219
"VIBCAS_WM_4","VIBCAS","WM","4",8,1565.6,3,6,3029,"",0.51687025420931
"VIBCAS_SH_1A","VIBCAS","SH","1A",8,1610.6,2,1,3252,"",0.495264452644527
"VIBCAS_GR_10","VIBCAS","GR","10",11,1642.6,2,10,3237,"",0.507445165276491
"VIBCAS_SH_5","VIBCAS","SH","5",4,1766.5,5,1.5,3701,"",0.477303431504999
"VIBCAS_WM_9A","VIBCAS","WM","9A",8,1912.8,3,7,3829,"",0.499556019848524
"VIBCAS_WM_4","VIBCAS","WM","4",11,1941.1,2,6,4050,"",0.479283950617284
"VIBCAS_GR_12B","VIBCAS","GR","12B",4,1945.2,5,6.5,4069,"",0.478053575817154
"VIBCAS_SH_1","VIBCAS","SH","1",4,1994.9,3,10,4320,"",0.461782407407407
"VIBCAS_HF_7A","VIBCAS","HF","7A",14,2085.2,3,6,4136,"",0.504158607350097
"VIBCAS_GR_3","VIBCAS","GR","3",14,2102.6,3,1,4020,"",0.523034825870647
"VIBCAS_WM_4","VIBCAS","WM","4",4,2104.5,3,0,4061,"",0.518222112780103
"VIBCAS_SH_5A","VIBCAS","SH","5A",8,2122.8,3,7.5,4194,"",0.506151645207439
"VIBCAS_SH_1B","VIBCAS","SH","1B",8,2285.5,2,10.5,4680,"",0.488354700854701
"VIBCAS_GR_10","VIBCAS","GR","10",4,2334.8,2,6,4310,"",0.541716937354988
"VIBCAS_WM_9B","VIBCAS","WM","9B",11,2532.3,2,10,5045,"",0.501942517343905
"VIBCAS_GR_12B","VIBCAS","GR","12B",8,2592.8,3,6.5,5251,"",0.49377261474005
"VIBCAS_GR_12A","VIBCAS","GR","12A",4,2731.8,3,3.5,5497,"",0.496961979261415
"VIBCAS_SH_5B","VIBCAS","SH","5B",8,2845,4,2.25,5590,"",0.508944543828265
"VIBCAS_GR_12A","VIBCAS","GR","12A",8,2902.7,3,10,5825,"",0.498317596566524
"VIBCAS_WM_10","VIBCAS","WM","10",11,2990.6,3,6,6207,"",0.48181085870791
"VIBCAS_WM_7","VIBCAS","WM","7",14,3121.4,2,3.5,6480,"",0.481697530864198
"VIBCAS_WM_9A","VIBCAS","WM","9A",11,3511.5,4,5,6584,"",0.533338396111786
