ID,Plot,Phase,3.3.2020,3.9.2020,3.9.2020,3.18.2020,3.25.2020,3.31.2020,4.7.2020,4.9.2020,4.17.2020,4.20.2020,4.23.2020,4.28.2020,5.1.2020,5.7.2020,5.12.2020,5.14.2020,5.22.2020,5.27.2020,6.2.2020,6.5.2020,6.12.2020,6.15.2020,6.23.2020,6.25.2020,7.3.2020,7.6.2020,7.16.2020,7.24.2020,8.1.2020,8.7.2020,8.16.2020,8.28.2020,9.4.2020,9.11.2020,9.19.2020,9.24.2020,10.1.2020,10.8.2020,10.19.2020,10.27.2020,11.6.2020,11.16.2020
BETPAP_GR_5,1,Leaves,,,,,,,,,,,,9,14,18,18,18,18,19,,,,,,,,,,,,,,95,"101, 95","102, 96",97,97,98,98,98,99,,
BETPAP_GR_5,1,Flowers,,,,,,,,,,,,,,,,,,,,,,,,,,,,,,100,100,100,,,,,,NA,,,,
ALNINC_SH_1,1,Leaves,,,,,9,9,11,11,13,16,16,17,18,18,18,18,18,18,19,,,,,,,,,,,,,,"100, 92","100, 100m","100, 100m","101, 100m",101m/102,95,97,97,98,99
ALNINC_SH_1,1,Flowers,,,,,,,,,,,,,,,,,,,,,,,,,,,,100m,100m,100m,100m,100m,92,92,93,93,94,102m,,,,
BETPAP_SH_1A,1,Leaves,,,,,,,,,,,,9,12,18,19,,,,,,,,,,,,,,,100,100,100,100,100,100,101,102,"102,91",93,95,96,99
BETPAP_SH_1A,1,Flowers,,,,,,,,,,,,,,,,,,,,,,,,,,,,,,,,,,,,,,NA,,,,
ALNINC_GR_11,1,Leaves,,,,,,9,11,11,15,17,17,18,18,18,18,18,18,18,19,,,,,,,,,,,100,100,"93, 100, 75","100,101m","100,100m","101,101m","102,101m",102m,"102,97",98,98,99,99
ALNINC_GR_11,1,Flowers,61-m,64-m,64-m,68-m,69-m,,,,,,,,,,,,,,,,,,72,72,74,75,75,"100m,75","100m,75",100m,100m,100m,"76,94","77,94","77,95","79,95",97,NA,,,,
BETPOP_WM_7,1,Leaves,,,,,9,9,10,10,12,15,16,17,18,18,19,,,,,,,,,,,,,,,,,,,,,92,92,"102,92",95,97,97,99
BETPOP_WM_7,1,Flowers,,,,,,,,51,,61,63,64,67,67,71,72,72,72,73,73,74,74,74,74,76,76,75,76,78,"79,100m",100m,"100m,100",100/100m,100/100m,100/100m,100/100m,100/101m,102m,,78,79,
BETALL_WM_8,1,Leaves,,,,,,,,,9,9,10,10,11,16,18,18,19,,,,,,,,,,,,,,,,,,,,91,"102,91",91,96,98,99
BETALL_WM_8,1,Flowers,,,,,,,,,,,,,,,,,,,,,,,,,,,,,,,100,100,100,101,101,102,,NA,,,,
ALNINC_WM_2A,1,Leaves,,,,,,,9,10,12,15,15,16,18,18,18,18,18,18,19,,,,,,,,,,,,100,"93,100",94/77,100/100m,101/101m,102/102m,78/97,98,98,98,99,99
ALNINC_WM_2A,1,Flowers,64-m,67-m; 62-f,67-m; 62-f,68-m; 62-f,69-m; 68-f,68-f,68-f,68-f,68-f,68-f,69-f,,,,,,,73,73,73,74,74,74,74,74,75,75,76/100m,76/100m,76/100m,77/100m,77/100m,100/100m,94/77,77/95,77/95,,79,,79,,
BETPOP_HF_3,1,Leaves,,,,,,,,,9,10,10,11,14,19,19,,,,,,,,,,,,,,,,,,,,,,102/101m,"102,92",94,96,97,99
BETPOP_HF_3,1,Flowers,,,,,,,,,,,61,61,61,67,68,69,,,72,73,74,74,74,74,75,76,76,77,79,100,100,100/100m,100/100m,100/100m,100/100m,100/101m,92,102m,,,,
BETALL_GR_13,1,Leaves,,,,,,,9,9,10,11,11,12,14,19,19,,,,,,,,,,,,,,,,,,,,,,,"102,91",95,98,99,99
BETALL_GR_13,1,Flowers,,,,,,,,,,,,,,,,,,,,,,,,,,,,,,,100,100,100,101,101,12,91,NA,,,,
ALNINC_WM_5,1,Leaves,,,,,9,9,11,12,14,15,16,17,18,18,18,18,18,19,,,,,,,,,,,,,100,100/100m,100/100m,100/100m,101/101m,101/101m,102/101m,"102,97",97,97,99,99
ALNINC_WM_5,1,Flowers,62-m; 61-f,67-m; 64-f,67-m; 64-f,67-m; 65-f,69-m; 68-f,68-f,68-f,68-f,68-f,69-f,,,,,,71,72,72,72,73,73,74,74,75,75,75,75,76/100m,76/100m,77/100m,78/100m,75,77,77/92,95/77,79/95,97,102m,,,,
ALNINC_WM_1,1,Leaves,,,,,,,,,9,14,14,15,16,17,18,18,19,,,,,,,,,,,,,,100,100/100m,100/100m,100/100m,101/101m,101/101m,102/102m,"102,98",98,98,99,99
ALNINC_WM_1,1,Flowers,62-m; 61-f,67-m; 64-f,67-m; 64-f,68-m; 65-f,68-m; 68-f,68-f,68-f,68-f,69-f,,,,,,,,71,72,73,73,74,74,74,74,75,75,75,76,76/100m,76/100m,76/100m,77/93,95/77,77/95,77/94,78/96,78.96,102m,,,,
ALNINC_HF_2,1,Leaves,,,,,,,,,9,11,12,14,15,17,18,18,19,,,,,,,,,,,,,,,100,100/100m,100/100m,101/101m,102/102m,79,"102,97",97,98,99,99
ALNINC_HF_2,1,Flowers,,61-m,61-m,65-m; 62-f,68-m; 67-f,68-f,68-f,68-f,69-f,,,,,,,71,73,73,73,73,74,74,74,74,75,75,75,75/100m,76/100m,76/100m,77/100m,100m/77,77/92,77/92,78/92,78/93,95,102m,,,,
ALNINC_HF_1,1,Leaves,,,,,,,,,9,11,12,14,15,17,19,,,,,,,,,,,,,,,,,100,100/100m,100/100m,101/100m,101/101m,102/102m,"102,98",98,98,99,99
ALNINC_HF_1,1,Flowers,,62-m; 62-f,62-m; 62-f,63-m; 62-f,69-m; 67-f,69-m; 67-f,68-f,68-f,69-f,,,,,,,,,,,,,,,,,,75,76,76/100m,76/100m,77/100m,77/100m,77/92,77/95,78/93,78/95,"78, 97",102m,,,,
BETALL_GR_12,1,Leaves,,,,,,,9,9,9,11,11,12,15,18,17,18,19,,,,,,,,,,,,,,,,100/100m,101,102,,91,"102,95",95,97,99,99
BETALL_GR_12,1,Flowers,,,,,,,,,,,,,,,,,,,,,,,73,73,76,76,,,,100m,100,100,91,,,,,102m,,,,
BETPOP_GR_5,1,Leaves,,,,,,,,,9,10,10,12,14,17,18,18,19,,,,,,,,,,76,76/100m,77/100m,79/100,100m,100/100m,100/100m,100/100m,101/101m,101/101m,101/101m,"102,93",96,98,99,99
BETPOP_GR_5,1,Flowers,,,,,,,,,,,,,,,,,,,,,,,,,73,74,,,,,,,,,,,92,101m,102m,,,
BETPAP_SH_1B,1,Leaves,,,,,,,,9,9,11,12,13,16,18,18,18,18,19,,,,,,,,,,,,100m,100m/100,100/100m/93,100/93,101/100m,101/101m,102/101m,102m,"102,95",96,97,98,99
BETPAP_SH_1B,1,Flowers,,,,,,,,,,,,,,,,,,71,73,73,73,74,74,75,75,75,,,,,,,,93,94,95,95,102m,,,,
ALNINC_WM_2B,1,Leaves,,,,,,,9,10,12,14,15,16,17,18,17,17,18,19,,,,,,,,,,,,,100,93/77,100/100m,100/100m,101/101m,101/101m,102/101m,"102,94",95,96,98,99
ALNINC_WM_2B,1,Flowers,62-m; 61-f,68-m; 63-f,68-m; 63-f,68-m; 64-f,69-m; 68-f,68-f,68-f,68-f,69-f,,,,,,,,,71,72,73,74,74,74,75,75,75,76,76/100m,76/100m,76/100m,77/100m,100/100m,93/77,93/77,77/94,78/94,"78, 94","102m,78","102m,79",79,,
ALNINC_SH_4,2,Leaves,,,,,,,9,10,12,15,15,16,16,17,17,18,18,18,18,19,,,,,,,,,,,100,100/100m,100/100m,100/101m,101/101m,101/101m,102/102m,"102,95",97,98,99,99
ALNINC_SH_4,2,Flowers,67-m; 62-f,68-m; 64-f,68-m; 64-f,68-m; 64-f,69-m; 68-f,68-f,68-f,68-f,68-f,68-f,69-f,,,,,,,,,,74,75,75,75,75,75,75,76/100m,76/100m,76/100m,78/100m,78,78,78,78,78/91,"79, 92","102m,79",,,,
ALNINC_SH_5,2,Leaves,,,,,,9,10,11,14,15,16,16,17,18,,,,,,,,,,,,,,100,100m,100m,100,100/100m,100/100m,100/100m,101/101m,10/101m,102/102m,"102,97",98,98,99,99
ALNINC_SH_5,2,Flowers,62-m,64-m,64-m,65-m,69-m,,,,,,,,,,,,,,,,,,61,64,68/71,74,75,76/100m,76/100,76/100,77/100m,77/92,77/92,77/93,77/93,77/94,"77, 97","102m,79",,,,
AMECAN_WM_1,2,Leaves,,,,,9,9,11,12,15,18,18,19,,,,,,,,,,,,,,,,,,,,,,,,,,NA,,,,
AMECAN_WM_1,2,Flowers,,,,,,,,,,,,,,,,,,,,,,,,,,,68/74,68/74,68/74,74,76,76,76,77,77,78,79,79,,,,
BETPAP_GR_5A,2,Leaves,,,,,,,,,,9,9,9,11,18,18,19,,,,,,,,,,,,,,,,,,,,,,"102,91",94,96,97,99
BETPAP_GR_5A,2,Flowers,,,,,,,,,,,,,,,,,,,,,,,,,,,,,,100,100,100,100,101,102,,,102m,,,,
BETALL_GR_13,2,Leaves,,,,,,,,,9,10,11,12,14,18,18,18,19,,,,,,,,,,,,,,100,101,101,102,102,92,92,"102,92",97,98,99,99
BETALL_GR_13,2,Flowers,,,,,,,,,,,,,,,,,,,,,,,,,,,,,,,,,,,,,,NA,,,,
ALNINC_WM_5A,2,Leaves,,,,,,,9,11,12,15,17,17,18,18,18,18,19,,,,,,,,,,,100,76,76/100,77/100m,100/100m,100/100m,100/100m,101/101m,101/101m,102/101m,"102,97",97,97,98,99
ALNINC_WM_5A,2,Flowers,64-m,67-m; 62-f,67-m; 62-f,68-m; 63-f,68-m; 68-f,69-m; 68-f,68-f,68-f,69-f,,,,,,,,,,72,73,74,75,75,75,75,75,75,76/100m,100/100m,100m,100,77,77,77,77/92,78/94,"78, 95","102m,79",,,,
BETPAP_HF_16,2,Leaves,,,,,,,,9,11,14,15,17,18,19,19,,,,,,,,,,,,,,100,,100/100m,100/100m,100/100m,100/100m,101/101m,101/101m,102/102m,102,91,94,95,99
BETPAP_HF_16,2,Flowers,,,,,,,,,,,,,,,,,,,,,,,,,,,74,100m,100m,,,,,,,,,102m,,,,
BETPOP_HF_5,2,Leaves,,,,,,,,,,,,,,,,,,,,,,,,,,,,,,,,,,,,,,"102,92",99,99,99,99
BETPOP_HF_5,2,Flowers,,,,,,,,,,,,,,,,,,,,,,,,,,,,,,,,,,,,,,102m,,,,
ACEPEN_HF_12,2,Leaves,,,,,,,,,,,,,,,,,,,,,,,,,,,,,,,,,,,,,,X,,,,
ACEPEN_HF_12,2,Flowers,,,,,,,,,,,,,,,,,,,,,,,,,,,,,,,,,,,,,,X,,,,
BETPOP_WM_7,2,Leaves,,,,,,,,9,9,10,10,12,14,19,18,19,,,,,,,,,,,,,100,79/100,100m,100/100m,100/100m,100/100m,100/101m,101/101m,102/102m,"102,91",95,96,98,99
BETPOP_WM_7,2,Flowers,,,,,,,,,,61,63,64,64,67,71,71,71,72,72,73,74,74,75,75,75,76,76,76/100m,76/100m,100m,100,,,,,,,102m,,,79,
ACEPEN_WM_5,2,Leaves,,,,,,,,,,,,,,,,,,,,,,,,,,,,,,,,,,,,,,X,,,,
ACEPEN_WM_5,2,Flowers,,,,,,,,,,,,,,,,,,,,,,,,,,,,,,,,,,,,,,X,,,,
BETPAP_GR_5B,2,Leaves,,,,,,,,,,,,,,,,,,,,,,,,,,,,,,,,,,,,,,X,,,,
BETPAP_GR_5B,2,Flowers,,,,,,,,,,,,,,,,,,,,,,,,,,,,,,,,,,,,,,X,,,,
ALNINC_HF_9,2,Leaves,,,,,,,,9,10,11,13,14,15,17,18,18,18,18,19,,,,,,,,,,100,76/100,77/100m,77/100m,77/100,100/100m,101/101m,101/101m,102/102m,"102,98",98,98,98,99
ALNINC_HF_9,2,Flowers,64-m,66-m; 64-f,66-m; 64-f,67-m; 64-f,68-m; 68-f,69-m; 68-f,68-f,68-f,69-f,,,,,,,,71,71,72,72,73,73,74,76,76,76,75,76,76/100m,100m,100,100,100m,77/93,77/94,78/94,"79, 98","102m,79",,,,
BETPOP_HF_1,2,Leaves,,,,,,,,9,10,11,11,11,12,19,19,,,,,,,,,,,,,,100,79,100m/100,100/100m,100/100m,100/100m,100/100m,101/101m,102/102m,"102,92",94,96,97,99
BETPOP_HF_1,2,Flowers,,,,,,,,,,61,61,62,64,67,71,71,72,72,72,73,74,74,74,74,75,75,,,,,,,,,,,91,102m,,,79,
AMECAN_GR_10,2,Leaves,,,,,,,,,,,,,,,,,,,,,,,,,,,,,,,,,,,,,,"102,98",99,99,99,99
AMECAN_GR_10,2,Flowers,,,,,,,,,,,,,,,,,,,,,,,,,,,,,,,,,,,,,,NA,,,,
ALNINC_WM_5B,2,Leaves,,,,,9,9,9,9,11,14,14,15,17,18,,,,,,,,,,,,,,,,,100m,100/100m,100/100m,100/100m,100/100m,102/101m,102m,"102,96",97,97,98,99
ALNINC_WM_5B,2,Flowers,,64-m; 63-f,64-m; 63-f,67-m; 64-f,69-m; 67-f,67-f,68-f,68-f,68-f,69-f,,,,,,,,,,,,,,,,,75,76,76/100m,76/100m,77/100,77/93,77/93,77/93,78/94,78/95,"79, 96","102m,79",,,,
ACEPEN_HF_12,2,Leaves,,,,,,,,,,,,,,,,,,,,,,,,,,,,,,,,,,,,,,X,,,,
ACEPEN_HF_12,2,Flowers,,,,,,,,,,,,,,,,,,,,,,,,,,,,,,,,,,,,,,X,,,,
BETALL_GR_9,3,Leaves,,,,,,,,,9,10,10,11,12,18,18,18,19,,,,,,,,,,,100,100,100,100,101,102,,,,92,"102,95",98,99,99,99
BETALL_GR_9,3,Flowers,,,,,,,,,,,,,,,,,,,,,,,,,,,,,,,,,,,,,,NA,,,,
BETPAP_HF_16,3,Leaves,,,,,,,9,9,10,11,14,16,18,19,18,18,19,,,,,,,,,,,100,100,100/100m,100/100m,100/100m,100/100m,101/100m,101/101m,101/101m,102/101m,"102,91",95,97,99,99
BETPAP_HF_16,3,Flowers,,,,,,,,,,,,,,,,,,,,,,,,,,,,,,,,,,,,,,101m,102m,,,
AMECAN_GR_10A,3,Leaves,,,,,7,9,10,11,11,12,15,17,19,,19,,,,,,,,,,,,,101,102,,,97,98,98,98,98,98,"102,98",98,99,99,99
AMECAN_GR_10A,3,Flowers,,,,,,,,,,,,,,,69,,,,,,,,,,,,,,,,,,,,,,,NA,,,,
ALNINC_GR_11A,3,Leaves,,,,,9,10,11,12,16,18,18,18,18,18,18,18,18,18,19,,,,,,,,,,100,76/100,77/100,77/100,100/100m,100/100m,101/101m,102/102m,,"102,97",98,98,99,99
ALNINC_GR_11A,3,Flowers,63-m,64-m,64-m,68-m,69-m,,,,,,,,,,,,,72,72,73,74,75,75,75,75,75,75,75/100/101m,75/100m,100m,100m,100m/92,77/94,77/94,78/94,78/95,"79, 96","102m,79",,,,
BETALL_SH_4,3,Leaves,,,,,,,,,9,10,11,12,13,18,18,19,,,,,,,,,,,,,,,,,,,,,,"102,96",98,99,99,99
BETALL_SH_4,3,Flowers,,,,,,,,,,,,,,,,,,,,,,,,,,,,,,100,100,101,102,,,,94,NA,,,,
BETPOP_GR_5A,3,Leaves,,,,,,,,,,9,9,9,11,17,17,19,,,,,,,,,,,,,,,100,100/100m,100/100m,101/100m,100/100m,102/102m,,92,96,98,99,99
BETPOP_GR_5A,3,Flowers,,,,,,,54,56,56,58,63,67,68,68,68,68,69,72,72,72,74,75,75,75,75,75,74,74,75/100m,75/100m,75/100m,75,75,75,75,76,"76, 91",79,,79,79,
BETALL_GR_12,3,Leaves,,,,,,,,9,10,11,11,14,16,18,18,19,,,,,,,,,,,,,,,,,,,,,,"102,98",99,99,99,99
BETALL_GR_12,3,Flowers,,,,,,,,,,,,,,,,,,,,,,,,,,,,,,,100,101,102,,,94,94,NA,,,,
ALNINC_SH_5,3,Leaves,,,,,,,9,9,10,15,15,15,15,17,17,19,19,,,,,,,,,,,,,76,76/100m,77/100m,77/93,100/100m,101/101m,102/102m,,"102,96",97,97,99,99
ALNINC_SH_5,3,Flowers,67-m; 62-f,68-m; 63-f,68-m; 63-f,68-m; 63-f,69-m; 68-f,69-f,,,,,,,,,,,,71,71,72,73,73,74,75,75,75,75,76/100m,76/100m,100m,100,100/93,100/101m,77/93,78/93,78/95,"79, 96","102m,79",,,,
BETPAP_GR_8,3,Leaves,,,,,,,,,,9,9,9,10,15,16,18,18,18,18,19,,,,,,,,,,,,,,,,,,99,99,99,99,99
BETPAP_GR_8,3,Flowers,,,,,,,,,,,,,,,,,,,,,,,,,,,,,,,,,,,,,,NA,,,,
AMECAN_GR_10B,3,Leaves,,,,,,9,10,11,12,14,16,17,19,,19,,,,,,,,,,,,,101,102,,,96,96,96,96,96,96,"102,96",98,99,99,99
AMECAN_GR_10B,3,Flowers,,,,,,,,,54,57,61,63,67,68,69,71,71,74,74,75,75,75,75,75,75,75,,,,,,,,,,,,NA,,,,
BETALL_GR_1,3,Leaves,,,,,,,,,9,9,9,9,10,16,18,19,,,,,,,,,,,,,,,100,101,101,102,,94,94,"102,96",97,98,99,99
BETALL_GR_1,3,Flowers,,,,,,,,,,,,,,,,,,,,,,,,,,,,,,79,100m,,,,,,,NA,,,,
BETPOP_HF_1,3,Leaves,,,,,,,,,9,10,11,12,16,19,19,,,,,,,,,,,,,76/100m,76/100m,100m,100,100/100m,100/100m,100/100m,100/100m,101/101m,102/102m,"102,93",95,96,98,99
BETPOP_HF_1,3,Flowers,,,,,,,,,,,,,,,71,71,72,72,72,72,74,74,74,74,75,75,75,,,,,,,,,93,93,102m,,,,
ALNINC_GR_1,3,Leaves,,,,,,,9,10,11,12,14,15,16,18,18,18,19,,,,,,,,,,,,,,,77/95,77/96,100/100m,101/101m,102/101m,101m,"102,97",97,97,97,99
ALNINC_GR_1,3,Flowers,62-m,67-m,67-m,68-m; 63-f,69-m; 68-f,68-f,68-f,68-f,69-f,,,,,,,71,71,72,72,72,73,73,74,74,75,75,75,76,76/100,76/100m,76/100m,100/100m,100/100m,77/96,78/96,78/97,"79, 97","102m,79",,,,
BETPOP_GR_5B,3,Leaves,,,,,,,,,9,9,9,10,12,16,18,18,19,,,,,,,,,,,,,100,100,100/100m,100/100m,100/100m,101/101m,102/102m,,"102,92",95,97,99,99
BETPOP_GR_5B,3,Flowers,,,,,,,,,52,54,61,64,67,68,68,68,69,,,74,74,74,74,74,75,75,78,78/100m,79/100m,100m,100m,,,,,,92,NA,,,,
ALNINC_GR_8,3,Leaves,,,,,,9,10,10,12,15,16,16,16,17,18,18,18,18,19,,,,,,,,,,,100,100m,100/100m,100/100m,100/100m,101/101m,102/101m,102m,"102,96",97,97,99,99
ALNINC_GR_8,3,Flowers,65-m; 62-f,68-m; 64-f,68-m; 64-f,68-m; 65-f,69-m; 67-f,68-f,68-f,68-f,69,,,,,,,,,72,73,74,75,75,75,76,76,76,76,76/100m,76/100m,76/100m,100/77,77,77,77,78,78/93,"78, 95","102m,79",,,,
ACEPEN_HF_12,3,Leaves,,,,,,,,,,,,,,,,,,,,,,,,,,,,,,,,,,,,,,X,x,,,
ACEPEN_HF_12,3,Flowers,,,,,,,,,,,,,,,,,,,,,,,,,,,,,,,,,,,,,,X,x,,,
ALNINC_GR_11B,3,Leaves,,,,,,,9,10,12,14,16,16,16,18,18,18,18,19,,,,,,,,,,,100m,78/100m,78/100m,100/100m,100/100m,100/100m,101/101m,102/101m,102m,"102,97",97,97,99,99
ALNINC_GR_11B,3,Flowers,64-m,65-m; 62-f,65-m; 62-f,67-m; 63-f,68-m; 67-f,68-f,69-f,,,,,,,,,,,74,74,74,75,75,76,76,76,76,75,76/100m,76,92/100,100/93,77/94,77/94,78/94,78/94,79/95,96,"102m,79",,,,
BETPOP_WM_7,3,Leaves,,,,,,,,9,9,10,12,14,16,19,19,,,,,,,,,,,,,,,,,,,,,,,"102,91","102,94",95,97,99
BETPOP_WM_7,3,Flowers,,,,,,,,,,54,61,61,64,67,71,71,72,72,73,73,73,74,75,76,76,76,76,78,78,79,100,100/100m,100/100m,100/100m,101/101m,102/101m,101m,"101m,78","102m,78",78,79,
BETPOPX_X,3,Leaves,,,,,,,9,9,11,12,12,14,17,19,19,,,,,,,,,,,,,,,100,100m,,,,,,,"102,91",94,95,96,99
BETPOPX_X,3,Flowers,,,,,,,,,,51,61,61,67,67,71,71,72,72,73,73,74,75,75,76,76,76,76,78,78/100m,79/100m,100m,100/100m,100/100m,100/100m,101/101m,102/101m,102m,"102m,78",78,78,79,
VIBCAS_SH_1,4,Leaves,,,,7,9,11,15,16,18,19,,,,,19,,,,,,,,,,,,,,,,100,78,79,100/92,101/92,101/92,"101, 93",101.93,"102,96",97,98,99
VIBCAS_SH_1,4,Flowers,,,,,,,,,52,56,58,58,59,,59,,,,64,68,72,73,75,75,76,77,77,77,78,78,78/100,100/92,100/92,,,,,79,,,,
VIBCAS_GR_9,4,Leaves,,,,,9,11,15,16,17,18,18,19,,,19,,,,,,,,,,,,,,,,92,92/100,92/100,100/92,101/92,101/92,"102, 92","102,92",94,96,98,99
VIBCAS_GR_9,4,Flowers,,,,,,,52,52,54,57,58,58,59,,59,,,,67,68,73,74,76,76,76,77,77,77,78,78,79/100,,,,,,,NA,,,,
SPIALB_GR_12,4,Leaves,,,,,9,10,13,15,18,19,,,,,19,,,,,,,,,,,,,,,,,,78,79,,91,"68, 92",92,92,94,95,97
SPIALB_GR_12,4,Flowers,,,,,,,,,,,,,,,,,,,54,58,59,60,67,67/71,68/72,68/74,76,77,77,77,77,77,,,,,,68.72,72,79,,
SPITOM_WM_5A,4,Leaves,,,,,,,,,,12,15,17,18,19,19,,,,,,,,,,,,,,,,,,79,,97,97,98,98,98,98,98,99
SPITOM_WM_5A,4,Flowers,,,,,,,,,,,,,,,,,,,,,,,,,60,62,67,74,76,76,77,77,,,,,,NA,,,,
SPIALB_WM_2A,4,Leaves,,,,,9,9,12,15,17,19,,,,,19,,,,,,,,,,,,,,,,,,,,,,,92,93,94,95,99
SPIALB_WM_2A,4,Flowers,,,,,,,,,,,,,,,,,,,52,,,,64,65,68/72,68/74,68/75,75,76,76/68,76,76,77,78,78,78,"79, 92",79,,,,
MYRGAL_SH_1A,4,Leaves,,,,,,,,,9,10,14,15,17,19,19,,,,,,,,,,,,,,,,,,,,,,,99,99,99,99,99
MYRGAL_SH_1A,4,Flowers,,,,65-m,68-m,68-m,68-m,68-m,68-m,69-m,,,,,71,71,,,,,,,,,,,,,,,96,98,99,,,,,102,102,,,
AROMEL_WM_2,4,Leaves,,,,7,9,10,11,12,14,16,16,17,19,,19,,,,,,,,,,,,,,,,,,,,,,,"102,94",98,99,99,99
AROMEL_WM_2,4,Flowers,,,,,,,,,52,56,57,58,59,62,63,63,68,68,72,72,73,73,73,74,74,75,74,74,74,79,102/92,92,,92/101,101/92,102/92,93,NA,,,,
AROMEL_WM_7,4,Leaves,,,,,10,11,15,18,19,,,,,,,,,,,,,,,,,,,,,,,,,,,,,NA,,,,
AROMEL_WM_7,4,Flowers,,,,,,,,,,,,,,,,,,,,,,,,,,,,,,,,,,,,,,NA,,,,
SPIALB_SH_9A,4,Leaves,,,,,,9,10,11,11,15,15,16,17,19,19,,,,,,,,,,,,75/68,75,76,76,76,76,78,79,,,,91,93,94,95,98
SPIALB_SH_9A,4,Flowers,,,,,,,,,,,,,,,,,,,58,,62,64,65,67,68/72,68/74,,,,,,,,,,,,79,,,,
SPITOM_WM_5B,4,Leaves,,,,,,,,,,9,10,15,16,18,19,,,,,,,,,,,,,,,,,,,,,,,91,92,95,97,99
SPITOM_WM_5B,4,Flowers,,,,,,,,,65-m,68-m,69-m,,,,,,,,,,,,,,,,,,,,,,,,,,,79,,,,
MYRGAL_SH_2A,4,Leaves,,,,,,,,,,,10,12,14,17,19,,,,,,,,,,,,,,,,,,,,,,,99,99,99,99,99
MYRGAL_SH_2A,4,Flowers,,,,62-m,65-m,65-m,65-m,65-m,65-m,68-m,69-m,,,,,,,,,,,,,,,,,,,,,,,,,,,102,102,,,
MYRGAL_GR_8A,4,Leaves,,,,,,,,,,9,10,11,13,17,17,18,19,,,,,,,,,,,,,,,,,,,,,"102,98",98,98,98,99
MYRGAL_GR_8A,4,Flowers,,,,,62-m,63-m,63-m,64-m,64-m,67-m,68-m,68-m,69-m,,,,,,,,,,,,,,,,,,,,,,,,,102m,102m,,,
SPIALB_HF_1,4,Leaves,,,,,9,10,15,16,19,,,,,,19,,,,,,,,,,,,68/76,76,76,76/68,77,77,77,79,,,92,"101,91",92,93,94,97
SPIALB_HF_1,4,Flowers,,,,,,,,,,,,,,,,,,,54,,,,67,68,68/72,68/74,,,,,,,,78,79,,93,79,79,,,
SPIALB_WM_2B,4,Leaves,,,,,9,9,12,15,17,18,18,19,,,19,,,,,,,,,,,,,,,,,,,,,,,92,93,95,96,99
SPIALB_WM_2B,4,Flowers,,,,,,,,,,,,,,,,,,,54,,,,64,67,68/74,68/76,,,,,76,76,76,77,,,92,79,79,,,
SPITOM_SH_99,4,Leaves,,,,,,,9,11,14,16,16,18,18,18,18,19,,,,,,,,,,,,,,,,,,,79,,,96,97,97,98,98
SPITOM_SH_99,4,Flowers,,,,,,,,,,,,,,,,,,,54,,,,,,61,62,,,,,,,,,,,96,79,79,,,
MYRGAL_GR_8B,4,Leaves,,,,,,,,,,,,,,,,,,,,,,,,,,,,,,,,,,,,,,X,x,,,
MYRGAL_GR_8B,4,Flowers,,,,,,,,,,,,,,,,,,,,,,,,,,,,,,,,,,,,,,X,x,,,
SPIALB_HF_4A,4,Leaves,,,,,9,9,15,16,18,19,,,,,19,,,,,,,,,,,,,,,,,,,,,,94,94,94,95,95,97
SPIALB_HF_4A,4,Flowers,,,,,,,,,,,,,,,,,,,57,,,62,64,67,68/72,68/74,68/76,68/76,68/76,77,77/68,77/68,77/68,77/68,78,79,,79,,,,
SPITOM_SH_9,4,Leaves,,,,,9,9,10,10,12,16,17,18,18,19,19,,,,,,,,,,,,,,,,,,,,,,,91,95,97,98,99
SPITOM_SH_9,4,Flowers,,,,,,,,,,,,,,,,,,,52,,,,,,,62,67,68/72,75,76,77,78,79,,,,,79,79,,,
SPITOM_WM_5C,4,Leaves,,,,,,9,10,10,12,15,15,16,18,18,18,19,,,,,,,,,,,,,,,,,,,,,,X,x,,,
SPITOM_WM_5C,4,Flowers,,,,,,,,,,,,,,,,,,,52,,,,,,,62,67,68,74,76,78,78,79,,,,,X,x,,,
SPIALB_SH_8,4,Leaves,,,,,,10,13,16,19,,,,,,19,,,,,,,,,,,,,,,,,,,,,,94,94,94,94,98,98
SPIALB_SH_8,4,Flowers,,,,,,,,,,,,,,,,,,,56,,,62,65,68,68/72,68/74,68/75,75,76,76,77,78,79,,,,,79,,,,
MYRGAL_SH_1B,4,Leaves,,,,,,,,9,10,10,11,16,18,,18,19,,,,,,,,,,,,,,,,,,,,,94,94,94,96,97,98
MYRGAL_SH_1B,4,Flowers,,,,62-m,62-m,69-m,64-f,67-f,68-f,68-f,69-f,,,,,,72,,,,,72,74,76,76,76,76,76,76,79,93,93,93,93,94,94,,79,79,79,,
SPIALB_GR_3,4,Leaves,,,,9,9,12,15,17,18,19,,,,,19,,,,,,,,,,,,,,,,,,,,,,93,93,94,95,95,98
SPIALB_GR_3,4,Flowers,,,,,,,,,,,,,,,,,,,58,,,61,65,67,68/72,68/75,68/75,68/76,68/76,69/74,69/75,76/68,76,78,78,78,79,79,79,,,
VIBCAS_WM_4,4,Leaves,,,,,9,13,14,16,18,18,19,,,,19,,,,,,,,,,,,,,,,,,,,,,93,"102,93",94,95,95,99
VIBCAS_WM_4,4,Flowers,,,,,,,,52,54,56,58,59,,,59,,,,67,68,72,72,75,76,76,76,77,77,79,93,93,93,93,93,93,93,93,NA,,,,
VIBCAS_GR_12A,4,Leaves,,,,9,10,15,15,17,19,,,,,,19,,,,,,,,,,,,77,77,79,93,93,93,93,93,93,93,"94, 102","102,94",96,96,97,99
VIBCAS_GR_12A,4,Flowers,,,,,,,53,54,56,,,,,,59,,,60,67,69,73,74,75,76,76,77,,,,,,,,,,,,NA,,,,
MYRGAL_WM_6A,4,Leaves,,,,,,,,9,9,10,10,12,18,,19,,,,,,,,,,,,,,,,95,96,96,96,98,98,98,"102,98",98,98,98,99
MYRGAL_WM_6A,4,Flowers,,,,,,63-f,64-f,67-f,68-f,68-f,69-f,,,,,,,,,,,,,,,,,,,,,,,,,,,79,79,79,,
AROMEL_WM_15,4,Leaves,,,,9,10,11,12,15,16,17,19,,,,19,,,,,,,,,,,,75,75,75,79/93,93,93,93,93,93,93/102,96,"102,96",98,99,99,99
AROMEL_WM_15,4,Flowers,,,,,,,,54,57,58,58,59,61,,59,64,68,68,72,73,74,74,74,74,75,75,,,,,,,,,,,,NA,,,,
SPIALB_SH_4A,4,Leaves,,,,10,10,15,16,19,,,,,,,19,,,,,,,,,,,,68/75,68/75,76,77,78,78,79,68,68,79,,92,93,95,96,98
SPIALB_SH_4A,4,Flowers,,,,,,,,,,,,,,,,,,,54,,60,62,67,68/71,68/74,68/74,,,,,,,,,,,,79,79,,,
SPIALB_SH_7,4,Leaves,,,,,10,15,15,17,18,18,19,,,,19,,,,,,,,,,,,68/75,68/75,76,76/68,76/68,78,78,78,68/78,79,68,91,93,94,95,98
SPIALB_SH_7,4,Flowers,,,,,,,,,,,,,,,,,,,54,,,62,67,68/71,68/74,68/76,,,,,,,,,,,,79,79,,,
MYRGAL_WM_6B,4,Leaves,,,,,,,,,,,,,10,,15,16,18,19,,,,,,,,,,,,,,,,,,,,99,99,99,99,99
MYRGAL_WM_6B,4,Flowers,,,,,,,,,,,,,,,,,,,,,,,,,,,,,,,,,,,,,,102,102,,,
SPIALB_GR_7,4,Leaves,,,,,9,10,12,17,18,18,19,,,,19,,,,,,,,,,,,,,,,,,,,,,93,93,95,96,97,99
SPIALB_GR_7,4,Flowers,,,,,,,,,,,,,,,,,,,56,,,64,67,68,68/74,68/77,69/76,76,77,77,78,78,79,,,,,78,79,,,
SPIALB_SH_4B,4,Leaves,,,,9,9,11,15,18,19,,,,,,19,,,,,,,,,,,,,,,,,,,,,,92,92,92,95,95,95
SPIALB_SH_4B,4,Flowers,,,,,,,,,,,,,,,,,,,56,,,64,67,68/71,68/74,68/76,68/76,76,76,76,78,78,79,,,,,79,79,,,
SPIALB_WM_7A,4,Leaves,,,,,9,11,15,18,19,,,,,,19,,,,,,,,,,,,,,,,,,,,,,,"102,93",93,93,97,99
SPIALB_WM_7A,4,Flowers,,,,,,,,,,,,,,,,,,,56,,,,,64,67/72,68/76,68/76,76,76,76,77,77,78,79,,,"92, 102",79,79,,,
VIBCAS_GR_12B,4,Leaves,,,,9,10,15,15,18,18,19,,,,,19,,,,,,,,,,,,,,,,100,100,100/92,100/92,101/92,101/92,,"102,92",93,95,96,99
VIBCAS_GR_12B,4,Flowers,,,,,,,52,54,56,58,58,59,,,59,,,,64,69,72,74,75,75,76,76,77,78,78,78/92,92/79,92,,,,,,NA,,,,
MYRGAL_GR_8C,4,Leaves,,,,,,,,,9,9,10,14,19,,19,,,,,,,,,,,,,,,,,,,,,,94,"102,94",94,95,98,99
MYRGAL_GR_8C,4,Flowers,,,64-m,67-m,67-m,68-m,68-m,69-m,,,,,,,,,,,,,,,,,,,,,,,92,92,92,92,93,94,,102m,102m,,,
SPIALB_HF_8,4,Leaves,,,9,10,11,17,18,19,,,,,,,19,,,,,,,,,,,,,,,,,,,,,,94,94,94,94,94,97
SPIALB_HF_8,4,Flowers,,,,,,,,,,,,,,,,,,,58,,,,67,67,67/72,68/74,67/74,68/74,68/74,68/76,68/76,68/77,78,79,,,,78,79,,,
SPITOM_WM_5D,4,Leaves,,,7,9,9,15,15,16,18,18,19,,,,19,,,,,,,,,,,,,,,,,,,,,,92,92,96,97,98,99
SPITOM_WM_5D,4,Flowers,,,,,,,,,,,,,,,,,,,58,,,,,60,62,67,64,74,74,76,77,79,,,,,,79,79,,,
SPIALB_SH_1,4,Leaves,,,9,10,10,17,18,19,,,,,,,19,,,,,,,,,,,,,,,,,,,,,,92,93,94,95,96,99
SPIALB_SH_1,4,Flowers,,,,,,,,,,,,,,,,,,,,,,,,64,67/74,67/74,68/75,74,75,76,77,78,79,,,,,79,79,,,
MYRGAL_SH_2B,4,Leaves,,,,,,,,,9,9,10,15,17,,19,,,,,,,,,,,,,,,,,,,,,,98,"102,96",98,98,99,99
MYRGAL_SH_2B,4,Flowers,,,,63-m,64-m,68-m,68-m,68-m,69-m,,,,,,71,71,71,,,,,,,,,,,,,,94,95,97,97,97,98,"78, 95",102m,102m,,,
VIBCAS_SH_5,4,Leaves,,,,9,10,15,15,16,18,18,18,19,,,19,,,,,,,,,,,,,,,,,,,,100,79/100,101,"101,95","102,96",97,98,99
VIBCAS_SH_5,4,Flowers,,,,,,,51,54,56,58,58,59,,,59,,,,64,67,72,74,75,76,76,76,77,77,78/93,78/93,78/93,78/93,78/93,78/93,78/94,78/95,,79,79,,,
MYRGAL_GR_8D,4,Leaves,,,,,,,,,,,,10,15,,15,15,16,19,,,,,,,,,,,,92,92,93,93,96,97,98,99,99,99,99,99,99
MYRGAL_GR_8D,4,Flowers,,,,,,,,,,,,,,,,,,,,,,,,,,,68/76,76,68/76,77,68/78,68/77,68/77,78,79,92,92,NA,,,,
SPIALB_WM_7B,4,Leaves,,,9,10,11,17,17,18,18,18,19,,,,19,,,,,,,,,,,,,,,,,,,,,,,92,96,97,98,98
SPIALB_WM_7B,4,Flowers,,,,,,,,,,,,,,,,,,,,,,,67,68,68/74,68/77,67,74,74,74,76,79,,,,,,79,79,,,
SPITOM_WM_5E,4,Leaves,,,,,9,9,10,12,15,16,18,19,,,,,,,58,,62,64,,,,,,,,,,,,,,,91,93,96,96,96,99
SPITOM_WM_5E,4,Flowers,,,,,,,,,,,,,,,19,,,,,,,,,,,,,,,,,,,,,,93,79,79,,,
AROMEL_HF_4,4,Leaves,,,,,,,,,,,,,,,,,,,,,,,62,,,,,,,,,,,,,,,X,x,,,
AROMEL_HF_4,4,Flowers,,,,,,,,,,,,,,,,,,,,,,,,,,,,,,,,,,,,,,X,x,,,
AROMEL_WM_5,4,Leaves,,,,,9,10,10,12,15,16,18,18,19,,19,,,,,,,,,,,,,,,,,,,,,,96,"101,97",98,99,99,99
AROMEL_WM_5,4,Flowers,,,,,,,,,54,58,58,58,58,,59,61,68,69,72,72,73,73,74,74,74,74,,,,,,,,,,,101,NA,,,,
SPIALB_SH_9B,4,Leaves,,,,9,9,13,15,18,18,19,,,,,19,,,,,,,,,,,,,,,,,,,,,,,93,93,94,95,98
SPIALB_SH_9B,4,Flowers,,,,,,,,,,,,,,,,,,,54,,62,64,67,68,68/74,68/76,68/76,75,76,68/76,68/76,68/76,68/76,68/76,79,92,93,79,79,,,
VIBCAS_GR_10,4,Leaves,,,9,9,10,10,15,16,18,18,19,,,,19,,,,,,,,,,,,,,,,,95,95,95/102,97,97,97,"102,97",97,98,98,99
VIBCAS_GR_10,4,Flowers,,,,,,53,55,55,58,58,58,58,59,,59,,,60,68,68,72,74,75,75,76,76,77,78,78/92,78/93,78/94,79,101,,,,,NA,,,,
BETPAP_GR_8,5,Leaves,,,,,,,,,9,9,10,11,14,18,18,18,18,19,,,,,,,,,,,,,,,,100/100m,102/101m,101m,102m,"102,91",95,97,98,99
BETPAP_GR_8,5,Flowers,,,,,,,,,,,,,,,,,,,,,,,,,,,,,,100m,100m,100/100m,100/100m,,,,,102m,,,,
BETALL_WM_8A,5,Leaves,,,,,,,,,9,10,11,11,14,18,18,19,,,,,,,,,,,,,,,,,,101,102,,92,"102,92",96,98,99,99
BETALL_WM_8A,5,Flowers,,,,,,,,,,,,,,,,,,,,,,,,,,,,,,100,100,101,101,,,,,NA,,,,
BETALL_WM_9,5,Leaves,,,,,,,,,,,,,,,18,18,19,,,,,,,,,,,,,,,,,101,101,102,94,"102,95",96,98,99,99
BETALL_WM_9,5,Flowers,,,,,,,,,,,,,,,,,,,,,,,,,,,,,,,100,100,100,,,,,NA,,,,
ACEPEN_HF_12,5,Leaves,,,,,,,,,,,,,,,,,,,,,,,,,,,,,,,,,,,,,,X,x,,,
ACEPEN_HF_12,5,Flowers,,,,,,,,,,,,,,,,,,,,,,,,,,,,,,,,,,,,,,X,x,,,
AMECAN_GR_10A,5,Leaves,,,,,,,9,9,9,10,11,11,12,17,19,,,,,,,,,,,,,,,,,,,,,,,X,x,,,
AMECAN_GR_10A,5,Flowers,,,,,,,,,,52,54,54,58,64,67,69,72,74,74,75,75,,,,,,,,,,,,,,,,,X,x,,,
ALNINC_GR_8A,5,Leaves,,,,,,,,,9,11,11,12,15,17,18,18,18,18,19,,,,,,,,,,,,95,96/76,96/76,100/100m,101/101m,102/102m,"77, 97","102,97",97,97,98,99
ALNINC_GR_8A,5,Flowers,,64-m; 62-f,64-m; 62-f,68-m; 64-f,69-m; 67-f,68-f,69-f,,,,,,,,,,71,71,71,72,73,73,74,74,74,75,75,75/100m,76/100m,76/100m,76/100m,100/100m,100/100m,97/77,77/97,77/97,,"102m,78",79,79,,
ALNINC_GR_8B,5,Leaves,,,,,,,10,11,12,16,16,17,18,18,18,18,18,18,19,,,,,,,,,,,,96/100,96/76,96/767,100/100m,101/101m,101/101m,102/101m,"102,97",97,97,98,99
ALNINC_GR_8B,5,Flowers,,62-m,62-m,65-m; 64-f,69-m; 65-f,67-f,69-f,,,,,,,,,,,71,71,72,73,73,74,74,75,75,75,75/100m,75/100m,76/100m,76/100m,100/100m,100/100m,97/77,97/77,97/78,"78, 97","101m,79",,,,
ALNINC_GR_1,5,Leaves,,,,,,9,10,11,12,16,16,17,18,18,18,18,18,19,,,,,,,,,,,,100,100/95,96/76,96/76,100/100m,102/101m,101m,101m,"102,97",97,97,97,99
ALNINC_GR_1,5,Flowers,67-m; 61-f,68-m; 63-f,68-m; 63-f,68-m; 64-f,69-m; 65-f,65-f,67-f,68-f,68-f,69-f,,,,,,71,73,73,74,74,75,75,75,75,76,76,76,76/100m,76/100m,76/100m,76/100m,100/100m,100/100m,97/77,97/77,97/78,"78, 97","102m,79",,,,
QUERUB_HF_9,5,Leaves,,,,,,,,,,,,,,,19,,,,,,,,,,,,,,,,,,,,,,,102,92,93,96,98
QUERUB_HF_9,5,Flowers,,,,,,,,,,,,,,,,,,,,,,,,,,,,,,100,101,102,,,,,,NA,,,,
AMECAN_SH_4,5,Leaves,,,,9,10,11,12,13,19,,,,,,19,,,,,,,,,,,,,,,,,,,,,,,"102,97",97,99,99,99
AMECAN_SH_4,5,Flowers,,,,,,,,54,64,68,69,,,,69,71,73,74,74,75,76,,,,,,,,,,100,101,101,101,101,101/95,"102, 95",NA,,,,
AMECAN_GR_10B,5,Leaves,,,,,,9,10,11,11,12,12,15,18,19,19,,,,,,,,,,,,,,,,,,,,,,,X,x,,,
AMECAN_GR_10B,5,Flowers,,,,,,,,,51,56,61,61,67,68,69,,71,72,72,73,,,,,,,,,,,,,,,,,,X,x,,,
BETALL_WM_8B,5,Leaves,,,,,,,9,9,11,12,12,14,17,18,18,18,19,,,,,,,,,,,,,,95,95/101,95/100,101/95,101,102/95,95,"102,95",95,98,99,99
BETALL_WM_8B,5,Flowers,,,,,,,,,,,,,,,,,,,,,,,,,,,,,,,100,,,,,,,,,,,
BETPAP_HF_16,5,Leaves,,,,,,,,,9,10,11,14,18,18,18,18,19,,,,,,,,,,,,,,100,100/100m,100/100m,100/100m,100/101m,101/101m,101/ 101m,"101,92","102,94",95,95,99
BETPAP_HF_16,5,Flowers,,,,,,,,,,,,,,,,,,,,,,,,,,,,100m,100m,100m,100m,,,,93,93,92,101m,101m,102m,,
QUERUB_HF_99,5,Leaves,,,,,,,,,,,,,,10,18,18,19,,,,,,,,,,,,,,,,,,,,,102,93,95,97,98
QUERUB_HF_99,5,Flowers,,,,,,,,,,,,,,,,,,,,,,,,,,,,,100,100,101,102,,,,,,NA,,,,
ACEPEN_WM_5,5,Leaves,,,,,,,9,10,11,11,11,12,12,18,18,19,,,,,,,,,,,,,,,,,,,,,,"102,95",96,99,99,99
ACEPEN_WM_5,5,Flowers,,,,,,,,,,,,,,63,67,68,69,,,,,,,,,,,100,100,100,100,100/92,100/92,100/92,101/93,101/93,"102, 93",NA,,,,
ALNINC_SH_6,5,Leaves,,,,,9,10,11,13,16,17,18,18,18,18,18,18,18,19,,,,,,,,,,,100,100,100,100/100m,100/100m,100/100m,100/101m,101/102m,101,"102,96",97,97,99,99
ALNINC_SH_6,5,Flowers,65-m,66-m; 64-f,66-m; 64-f,68-m; 64-f,69-m; 67-f,68-f,69-f,,,,,,,,,,,,74,74,75,75,75,75,76,76,76,76,76/100,76/100m,77/100m,77,77,77,77,78/92,"78, 93","102m,79",,,,
BETALL_SH_9,6,Leaves,,,,,,,,,9,10,11,12,15,18,18,18,18,19,,,,,,,,,,,,,,,,,,,,"102,92",96,98,99,99
BETALL_SH_9,6,Flowers,,,,,,,,,,,,,,,,,,,,,,,,,,,,,,,100,100,101,101,102,,91,NA,,,,
BETPOP_GR_5,6,Leaves,,,,,,,,9,9,10,11,12,13,18,19,,,,,,,,,,,,,,,,100,,,,,,,"102,95",97,98,99,99
BETPOP_GR_5,6,Flowers,,,,,,,,51,53,54,61,62,67,67,71,71,72,73,74,75,75,76,76,76,76,76,78,79/100m,100m,100m,100m,100/100m,100/100m,101/100m,101/101m,102/102m,93,"102m,79",,,,
BETPOP_GR_3,6,Leaves,,,,,,9,9,10,11,12,14,14,18,19,19,,,,,,,,,,,,,,100m,100m,100m,100/100m,100/100m,100/100m,100/100m,101/101m,102/101m,"102,94",96,97,98,99
BETPOP_GR_3,6,Flowers,,,,,,,,51,51,54,61,63,67,67/72,71,71,73,74,76,76,76,76,77,77,77,77,78,78,78/100,79/100,100,,,,,93,93,"102m,79",,,79,
AMECAN_SH_4,6,Leaves,,,,9,10,10,11,13,16,18,18,19,,,19,,,,,,,,,,,,,,,,,,101,102,92,92,93,"102,93",94,97,99,99
AMECAN_SH_4,6,Flowers,,,,,,,54,56,58,63,67,69,,,72,72,73,74,74,76,76,76,76,76,,,,,,,,,,,,,,NA,,,,
BETPAP_GR_8,6,Leaves,,,,,,,,,9,9,9,9,11,19,19,,,,,,,,,,,,,,,,,100,100,101,101,102,91,"102,92",94,97,98,99
BETPAP_GR_8,6,Flowers,,,,,,,,,,,,,,,,,,,,,,,,,,,,,,,,,,,,,,NA,,,,
BETPOP_HF_3A,6,Leaves,,,,,,,,9,9,10,10,10,12,18,18,19,,,,,,,,,,,,,,100m,100m,100/100m,100/100m,100/100m,100/100m,102/101m,102m,"102,91",95,96,98,99
BETPOP_HF_3A,6,Flowers,,,,,,,,,,,,,,,69,,,,,,,,74,74,74,75,,,78/100m,79,100,,,,,,,"102m,78",78,79,79,
BETPOP_HF_3B,6,Leaves,,,,,,,,,9,10,11,12,13,19,19,,,,,,,,,,,,,,,100m,100m,100/100m,100/100m,100/100m,100/100m,102/101m,102m,"102,91",92,98,99,99
BETPOP_HF_3B,6,Flowers,,,,,,,,,,51,61,61,63,68,71,71,72,72,72,72,72,73,74,74,75,75,78,78/100m,78/100m,79,100,,,,,93,93,102m,,78,78,79
ALNINC_HF_5,6,Leaves,,,,,,,,9,11,12,15,15,16,18,18,18,18,18,19,,,,,,,,,,,,76/100m,77/92,100/100m,100/100m,101/101m,101/101m,102/101m,"102,96",97,97,98,99
ALNINC_HF_5,6,Flowers,,64-m; 62-f,64-m; 62-f,65-m; 64-f,69-m; 67-f,69-f,,,,,,,,,,71,73,73,737,73,73,73,73,73,74,75,75,76/100m,76/100m,76/100m,100,100/100m,77/93,77/93,77/93,78/93,94,"102m,78",79,,,
BETALL_SH_5,6,Leaves,,,,,,,,,9,11,12,12,15,18,18,18,19,,,,,,,,,,,,,,,,,,,,,"102,91",96,98,99,99
BETALL_SH_5,6,Flowers,,,,,,,,,,,,,,,,,,,,,,,,,,,,,,,100,100,100,101,101,102,91,NA,,,,
BETPAP_HF_16A,6,Leaves,,,,,9,9,10,11,11,15,17,18,19,,17,18,19,,,,,,,,,,,,,,,,,,,,,"101,93","102,94",96,97,99
BETPAP_HF_16A,6,Flowers,,,,,,,,,,,,,,,,,,,,,,,,,,,,,,,100,100,100,100/93,100/92,101/93,"101, 93",78,78,78,79,
BETPOP_HF_5,6,Leaves,,,,,,,,9,10,11,12,14,18,19,19,,,,,,,,,,,,,,,100m,100m,100/100m,100/100m,100/100m,100/100m,101/101m,102/101m,"102,91",93,95,96,99
BETPOP_HF_5,6,Flowers,,,,,,,,,,52,58,61,63,67,72,72,72,72,73,74,74,75,76,76,76,76,78,78,78/100m,78,78/100,79,,,,,91,"102m,79",,79,79,
ACEPEN_HF_12,6,Leaves,,,,,,,,,,,,,,,,,,,,,,,,,,,,,,,,,,,,,,X,x,,,
ACEPEN_HF_12,6,Flowers,,,,,,,,,,,,,,,,,,,,,,,,,,,,,,,,,,,,,,X,x,,,
BETALL_SH_2,6,Leaves,,,,,,,9,9,12,15,16,16,18,18,17,18,18,19,,,,,,,,,,,,,,,,102,,,92,"102,93",96,99,99,99
BETALL_SH_2,6,Flowers,,,,,,,,,,,,,,,,,,,,,,,,,,,,,,,,,,,,,,NA,,,,
ALNINC_HF_9,6,Leaves,,,,,,,9,9,11,14,15,16,17,18,18,18,18,18,18,19,,,,,,,,,,76/100m,76/100m,76,76/93,100/100m,101/101m,102/101m,102m,"102,94",96,98,98,99
ALNINC_HF_9,6,Flowers,,62-m; 61-f,62-m; 61-f,65-m; 63-f,68-m; 68-f,69-m; 67-f,68-f,68-f,69-f,,,,,,,,,,72,72,72,73,75,75,75,75,75,76/100m,76/100m,100,100,100/100m,100/100m,77/92,77/93,77/93,"78, 94","102m,78",79,,,
AMECAN_SH_2,6,Leaves,,,,,,,,,,,,,,,,,,,,,,,,,,,,,,,,,,,,,,X,x,,,
AMECAN_SH_2,6,Flowers,,,,,,,,,,,,,,,,,,,,,,,,,,,,,,,,,,,,,,X,x,,,
BETPOP_WM_7,6,Leaves,,,,,,,,9,10,12,15,16,18,19,18,19,,,,,,,,,,,,,,,100m,100/100m,100/100m,100/100m,100/100m,101/101m,102m/101,"102,91",91,95,96,99
BETPOP_WM_7,6,Flowers,,,,,,,,,,,,,,,71,72,73,73,74,74,74,76,76,76,76,76,77,77,78/100m,79/100m,100,,,,,,,"102m,78",78,78,79,
BETPAP_HF_16B,6,Leaves,,,,,,,9,10,12,15,16,17,18,18,18,18,19,,,,,,,,,,,,,,,,100,101,101,101,101,"102,91",93,96,98,99
BETPAP_HF_16B,6,Flowers,,,,,,,,,,,,,,,,,,,,,,,,,,,,,,,,,,,,,,102m,,,,
AMECAN_GR_10,6,Leaves,,,,9,10,10,11,12,12,17,18,19,,,19,,,,,,,,,,,,,,102,,,93,93,93,93,95,95,"102,96",97,99,99,99
AMECAN_GR_10,6,Flowers,,,,,,,,55,58,63,67,68,68,69,74,74,75,75,76,76,76,76,76,76,76,,,,,,,,,,,,,NA,,,,
ACEPEN_WM_5,6,Leaves,,,,,,,,,,,,,,,,,,,,,,,,,,,,,,,,,,,,,,X,,,,
ACEPEN_WM_5,6,Flowers,,,,,,,,,,,,,,,,,,,,,,,,,,,,,,,,,,,,,,X,,,,
SAMRAC_GR_2,7,Leaves,9,9,9,9,D,11,15,17,19,,,,,,19,,,,,,,,,,,,,,,,100,101,101,101/93,102/93,94,95,"102,95",95,95,98,99
SAMRAC_GR_2,7,Flowers,,,,52,52,57,58,58,59,61,61,63,67,68,67,67,68/72,72,76,77,77,77,79,,,,,,,,,92,93,,,,,NA,,,,
ACESPI_GR_8,7,Leaves,,,,,,,,,,,,,,,,,,,,,,,,,,,,,,,,,,,,,,X,x,,,
ACESPI_GR_8,7,Flowers,,,,,,,,,,,,,,,,,,,,,,,,,,,,,,,,,,,,,,X,x,,,
DIELON_WM,7,Leaves,,,,9,9,10,12,15,18,19,,,,,19,,,,,,,,,,,,,,,,,,,,,,,93,94,95,96,98
DIELON_WM,7,Flowers,,,,,,,,,,,,,,,,,,63,63,64,65,67,68/71,72,74,74,75,76,77,77,79/100,100/92,100/92,102,92,93,93,75,79,,,
SORAME_GR_9C,7,Leaves,,,,,,,,,,9,9,9,10,14,18,18,19,,,,,,,,,,,,,,,,,92,102/95,95,95,"102,98",98,98,99,99
SORAME_GR_9C,7,Flowers,,,,,,,,,,,,,,,,,61,68,68,68,68,72,74,74,74,77,74,74,74,74,95,95,95,95,,,,NA,,,,
SAMRAC_GR_7A,7,Leaves,7,7,7,9,10,11,15,17,18,19,,,,,19,,,,,,,,,,,,,,,,,,,,,,,"101,94",95,95,96,98
SAMRAC_GR_7A,7,Flowers,,,,52,52,54,55,58,58,59,59,59,,64,67,68,69/72,74,76,77,78,79,,,,,,,,,100,100/93,100/95,100/95,101/92,101/93,"94, 101",NA,,,,
ACESPI_GR_6,7,Leaves,,,,,,,,,,,,,,,,,,,,,,,,,,,,,,,,,,,,,,X,x,,,
ACESPI_GR_6,7,Flowers,,,,,,,,,,,,,,,,,,,,,,,,,,,,,,,,,,,,,,X,x,,,
DIELON_HF_1A,7,Leaves,,9,9,10,11,13,15,18,19,,,,,,19,,,,,,,,,,,,,,,,77,79/92,77/93,79/101,79/102,94,94,95,95,95,97,99
DIELON_HF_1A,7,Flowers,,,,,,,,,,,,,,,,,,,61,61,64,67,71,68/71,68/76,69/76,75,76,76,76,,76,78/92,93,93,,93,75,78,79,,
DIELON_GR_5A,7,Leaves,,,,9,9,10,12,15,18,19,,,,,19,,,,,,,,,,,,,,,,,,,,,,,94,96,96,96,98
DIELON_GR_5A,7,Flowers,,,,,,,,,,,,,,,,,,,61,63,64,67,68/71,68/71,68/74,69/75,74,77,77,76,78,78,78/91,78/91,79/92,102/93,93,77,79,,,
DIELON_HF_4,7,Leaves,,9,9,10,10,11,12,16,18,19,,,,,19,,,,,,,,,,,,,,,,,,,,101,,,95,95,96,97,98
DIELON_HF_4,7,Flowers,,,,,,,,,,,,,,,,,,,,63,64,67,68/71,68/71,68/74,75,74,76,76,78,78,78,78/91,78/91,78/92,78/94,"94, 78",78,79,,,
SORAME_SH_3,7,Leaves,,,,,,,,,,,,9,10,12,18,18,19,,,,,,,,,,,,,,,,,,,102,,X,x,,,
SORAME_SH_3,7,Flowers,,,,,,,,,,,,,,,54,54,,,,,,,,,,,,,,,,,101/94,102/96,99,,,X,x,,,
SORAME_GR_9D,7,Leaves,,,,,,,,,,,,,,,,,,,,,,,,,,,,,,,,,,,,,,X,x,,,
SORAME_GR_9D,7,Flowers,,,,,,,,,,,,,,,,,,,,,,,,,,,,,,,,,,,,,,X,x,,,
DIELON_HF_3,7,Leaves,,,,,9,9,12,15,15,16,17,17,19,,19,,,,,,,,,,,,,,,,,,,,,,,95,96,96,97,99
DIELON_HF_3,7,Flowers,,,,,,,,,,,,,,,,,,,63,64,67,67,67/71,68/71,74,75,75,75,76,76,76/58,76/58,77/91,77/91,77/92,78/92,"79, 93",79,79,,,
DIELON_GR_5B,7,Leaves,,,,,9,10,13,15,15,18,19,,,,19,,,,,,,,,,,,,,,,,,,,,101,102,"102,95",96,96,97,99
DIELON_GR_5B,7,Flowers,,,,,,,,,,,,,,,,,,,64,65,67,67,72,72,74,76,76,76,77,78,78,79/92,78/92,79/92,92/102,93,94,79,79,,,
SORAME_GR_9A,7,Leaves,,,,,,,,,,,9,10,11,15,18,19,,,,,,,,,,,,,,,,,,,,,,X,x,,,
SORAME_GR_9A,7,Flowers,,,,,,,,,,,,,,,,,,,,,,,,,,,,,,,,,,,,,,X,x,,,
DIELON_SH_4,7,Leaves,,,,,9,9,12,15,18,19,,,,,19,,,,,,,,,,,,,,,,,,,,,,,95,96,97,98,99
DIELON_SH_4,7,Flowers,,,,,,,,,,,,,,,,,,,62,64,65,65,68/71,68/71,74,75,74,75,77,77,77,78/92,78/91,78/92,79/93,94,95,NA,,,,
DIELON_GR_5C,7,Leaves,,,,9,9,10,11,15,17,18,19,,,,19,,,,,,,,,,,,,,,,,,100,101,102,,,94,94,96,96,99
DIELON_GR_5C,7,Flowers,,,,,,,,,,,,,,,,,,,63,65,65,65,68/71,68/71,74,75,75,76,76,76,76/68,77/93,78/92,78/92,79/93,93/102,94,NA,,,,
DIELON_HF_2,7,Leaves,,,,9,10,11,12,16,18,19,,,,,19,,,,,,,,,,,,,,,,,,,,101,,102,"102,93",94,94,95,99
DIELON_HF_2,7,Flowers,,,,,,,,,,,,,,,,,,59,,61,67,67,68/71,72,73,74,74,75,76,76,76/92,76,76,76,77,77/92,92,77,79,,,
DIELON_HF_1B,7,Leaves,,,,9,10,11,14,17,19,,,,,,19,,,,,,,,,,,,,,,,,,,,,101,102,"102,92",93,95,95,98
DIELON_HF_1B,7,Flowers,,,,,,,,,,,,,,,,,,61,64,65,67,67,68/71,72,73,74,75,75,76,76,76,76/92,76/91,78/91,79/92,92/102,92,77,79,,,
ACESPI_GR_4,7,Leaves,,,,,,,,9,10,15,16,17,18,19,19,,,,,,,,,,,,,,,,,,,,101,,,99,99,99,99,
ACESPI_GR_4,7,Flowers,,,,,,,,,,,,,54,54,59,59,64,69,,71,72,74,77,78,78,78,77,77,77,77/93,78/96,99/79,,,,,,x,,,,
SORAME_GR_9B,7,Leaves,,,,,,,,,9,10,10,12,16,18,18,19,,,,,,,,,,,,,,,,,,,,,,"102,94",94,97,98,99
SORAME_GR_9B,7,Flowers,,,,,,,,,,,,,,,58,59,,,63,67,69,72,76,76,76,76,74,74,74,74,74/92,75/92,75/92,75/92,76/93,79/94,94,NA,,,,
ACESPI_SH_2,7,Leaves,,,,,,,,,,,,,,,,,,,,,,,,,,,,,,,,,,,101,102,,X,x,,,
ACESPI_SH_2,7,Flowers,,,,,,,,,,,,,,,,,,,,,,,,,,,,,,,,,,,,,,X,x,,,
SAMRAC_GR_7B,7,Leaves,7,7,7,9,10,10,14,14,16,18,18,19,,,19,,,,,,,,,,,,,,,,,93,93,93,93/102,93,94,"102,94",95,95,97,99
SAMRAC_GR_7B,7,Flowers,,,,,,51,53,56,57,59,59,59,,64,64,67,68/71,68/72,73,76,76,77,79,,,,,,,,,,,,,,,NA,,,,
ACESPI_WM_1,7,Leaves,,,,,,,,,,,,,,,,,,,,,,,,,,,,,,,,,,,,,,X,x,,,
ACESPI_WM_1,7,Flowers,,,,,,,,,,,,,,,,,,,,,,,,,,,,,,,,,,,,,,X,x,,,
SAMRAC_GR_4,7,Leaves,7,9,9,10,11,13,16,18,19,,,,,,19,,,,,,,,,,,,,,,,,93,93,93,101/93,102/93,94,102,94,96,97,99
SAMRAC_GR_4,7,Flowers,,,,52,52,54,57,58,58,59,59,59,,67,68,68,72,68/74,74,77,77,78,79,,,,,,,,,,,,,,,94,,,,
SAMRAC_GR_9,7,Leaves,10,10,10,11,11,12,15,16,19,,,,,,19,,,,,,,,,,,,,,,,,93,93,93,93/101,102/94,94,"102,94",94,95,97,99
SAMRAC_GR_9,7,Flowers,,,,52,52,53,57,58,58,59,59,59,63,67,59,64,74,76,76,76,77,78,79,,,,,,,,,,,,,,,,,,,
VIBCAS_SH_1A,8,Leaves,,,,9,10,13,15,16,19,,,,,,,,,,,,,,,,,,,,,,,,,,,,,"101,93",93,94,92,98
VIBCAS_SH_1A,8,Flowers,,,,,,51,53,54,57,58,58,58,59,,,,,,61,67,72,72,75,75,75,75,76,77,77,77,78/91,79/92,92,100/92,101/92,101/92,"101, 93",NA,,,,
AROMEL_HF_4,8,Leaves,,,,9,10,10,10,11,12,15,17,19,,,19,,,,,,,,,,,,,,,,,,,,,,,"102,92",94,96,97,99
AROMEL_HF_4,8,Flowers,,,,,,,,53,55,58,58,59,,,59,61,68,69,72,73,73,73,74,75,75,75,74,74,74,74,74/100,74/101,78,79/101,101/91,101/91,"102, 92",79,,79,79,
VIBCAS_SH_5A,8,Leaves,,,,,9,10,15,15,17,18,18,19,,,19,,,,,,,,,,,,,,,,,,101,,,,,"101,92",92,93,95,99
VIBCAS_SH_5A,8,Flowers,,,,,,,,,54,57,58,58,59,,59,,,,62,67,71,73,75,75,75,75,76,77,77,77,76/100,76/100,76/101,78/100,78/101,79/101,"101, 92",NA,,,,
MYRGAL_WM_6A,8,Leaves,,,,,,,,,9,15,15,16,17,18,19,,,,,,,,,,,,,,,,,,,,,,,"102,93",94,95,96,99
MYRGAL_WM_6A,8,Flowers,,,,65-m,65-m,67-m,68-m,69-m,,,,,,,,,,,,,,,,,,,,,,,,,92,92,92,92,92,102m,102m,,,
VIBCAS_WM_4,8,Leaves,,,,,,9,14,14,16,18,19,,,,19,,,,,,,,,,,,,,,,,,,,,,,"102,95",97,98,98,99
VIBCAS_WM_4,8,Flowers,,,,,,,51,55,57,58,58,58,59,,59,,,,64,67,71,73,74,74,76,,76,77,77,77,78/100,78/100,78/100,79/101,102/92,93,93,NA,,,,
MYRGAL_SH_1,8,Leaves,,,,,,,,,,9,10,11,14,18,18,19,,,,,,,,,,,,,,,,,92,92,92,92,92,"102,94",95,96,98,99
MYRGAL_SH_1,8,Flowers,,,,65-m,65-m,67-m,68-m,68-m,69-m,,,,,,,,,,,,,,,,,,,,,,,,,,,,,102m,102m,,,
VIBCAS_SH_5B,8,Leaves,,,,9,9,9,13,13,16,18,18,18,19,,19,,,,,,,,,,,,,,,,,,,,,,,"102,93",96,97,98,99
VIBCAS_SH_5B,8,Flowers,,,,,,,,,54,57,58,58,59,,59,,,,61,67,71,72,74,74,76,76,76,77,77,77,78/100,78/100,78/100,79/101,102,92,92,79,79,,,
AROMEL_HF_10,8,Leaves,,,,,9,10,11,11,12,17,18,19,,,19,,,,,,,,,,,,,,,,,,,,,,,"102,93",97,97,97,99
AROMEL_HF_10,8,Flowers,,,,,,,,52,54,57,58,58,59,,59,61,68,69,72,73,73,73,73,74,75,76,74,74,74,74,74/100,74/101,74/101,79/101,101,102,91,79,79,79,79,
AROMEL_WM_7,8,Leaves,,,,,9,9,10,10,12,17,17,18,19,,19,,,,,,,,,,,,,,,,,,,,,,,"102,97",98,98,99,99
AROMEL_WM_7,8,Flowers,,,,,,,,,,,54,57,58,,59,61,68,68,72,73,73,73,73,73,74,75,75,75,,,,,,,101/97,102/97,97,NA,,,,
SPIALB_WM_7A,8,Leaves,,,,,9,10,12,15,17,19,,,,,19,,,,,,,,,,,,,,,,,,,,,,,"101,92",93,95,97,99
SPIALB_WM_7A,8,Flowers,,,,,,,,,,,,,,,,,,,58,58,58,61,64,67,68/74,68/76,68/76,76,76,68/76,77,79/69,92,92,92,92,92,79,79,,,
VIBCAS_GR_12A,8,Leaves,,,,,9,10,15,15,18,19,,,,,19,,,,,,,,,,,,,,,,,,,,,,,"102,93",94,94,96,99
VIBCAS_GR_12A,8,Flowers,,,,,,,53,54,56,58,58,58,59,,59,,,,64,68,72,74,75,75,76,76,77,77,77,78,78/100,79/100,92,92,101/92,102/93,93,NA,,,,
SPITOM_GR_2B,8,Leaves,,,,,,9,10,10,12,18,18,19,,,19,,,,,,,,,,,,,,,,,,,,,,,"102,93",96,98,99,99
SPITOM_GR_2B,8,Flowers,,,,,,,,,,,,,,,,,,,,,,,61,61,62,64,64,72,74,76,76,79,92,93,94,95,95,79,79,,,
SPITOM_WM_4A,8,Leaves,,,,,9,9,10,11,16,18,19,,,,19,,,,,,,,,,,,,,,,,,,,,,,"102,95",96,97,98,99
SPITOM_WM_4A,8,Flowers,,,,,,,,,,,,,,,,,,,,,,,,,62,64,64,72,74,76,76,78,79,92,93,93,94,79,79,,,
SPITOM_HF_6A,8,Leaves,,,,,9,9,10,10,15,18,18,19,,,19,,,,,,,,,,,,,,,,,,,,,,,"102,95",95,97,98,99
SPITOM_HF_6A,8,Flowers,,,,,,,,,,,,,,,,,,,,,,,,,,62,67,72,74,77,77/92,79/93,92,93,93,93,94,79,79,,,
SPIALB_GR_12A,8,Leaves,,,,9,10,10,15,17,18,19,,,,,19,,,,,,,,,,,,,,,,,,,,,,,"102,92",93,95,96,99
SPIALB_GR_12A,8,Flowers,,,,,,,,,,,,,,,,,,,56,58,58,62,67,67,68/74,68/76,68/74,76,77,68/77,68/76,77,79,92,92,92,92,79,79,,,
VIBCAS_SH_5C,8,Leaves,,,,,9,10,15,15,16,18,18,18,18,19,19,,,,,,,,,,,,77,77,77,77,78,79,100,100,101/91,101/92,"102, 93",102.94,97,98,98,99
VIBCAS_SH_5C,8,Flowers,,,,,,,,,,,56,58,58,59,59,,,,,,,,,,,,68/74,68/74,75,75,94/78,78/94,78,79,,,,NA,,,,
SPIALB_GR_5,8,Leaves,,,,9,10,10,15,16,19,,,,,,,,,,,,,,,,,,,,,,,,,,,,97,"102,97",97,97,97,98
SPIALB_GR_5,8,Flowers,,,,,,,,,,,,,,,,,,,63,67,71,72,74,74,75,75,67,74,76,77/93,77/94,79/95,79/96,96,96,96,,79,79,,,
SPITOM_HF_4,8,Leaves,,,,,,,,,,,,,,,19,,,,,,,,,,,,,,,,,,,,,,96,"102,97",98,98,99,99
SPITOM_HF_4,8,Flowers,,,,,,9,10,11,17,18,18,19,,,,,,,,,,,65,67,68/74,68/76,65,68/72,74,76,76/93,77/94,79/94,94,95,95,,79,79,,,
SPITOM_HF_9A,8,Leaves,,,,,,,,,,,,,,,19,,,,,,,,,,,,,,,,,,,,,,91,"102,93",95,97,98,99
SPITOM_HF_9A,8,Flowers,,,,,,9,10,10,12,17,18,18,19,,,,,,,,,,,,,62,68/74,75,76,76,76/68,77,78,79,,,,79,79,,,
SPIALB_WM_7B,8,Leaves,,,,,,,,,,,,,,,19,,,,,,,,,,,,,,,,,,,,,,95,"102,95",95,95,95,97
SPIALB_WM_7B,8,Flowers,,,,9,10,10,15,17,19,,,,,,,,,,56,58,59,60,67,68,68/74,68/74,65,74,75,76,77/93,79/93,79/93,93,93,93,,79,79,,,
SPITOM_GR_2C,8,Leaves,,,,,,,,,,,,,,,19,,,,,,,,,,,,,,,,,,,,,,95,"102,96",96,96,98,99
SPITOM_GR_2C,8,Flowers,,,,,9,9,10,13,17,19,,,,,,,,,,,,,,61,61,64,67,72,74,77,77/94,79/94,94,94,94,94,,79,79,,,
SPITOM_GR_2D,8,Leaves,,,,,,,,,,,,,,,19,,,,,,,,,,,,,,,,,,,,,,95,"102,95",95,97,99,99
SPITOM_GR_2D,8,Flowers,,,,,9,9,10,12,15,18,19,,,,,,,,,,,,,,60,62,67,72,75,76,76/94,79/93,93,93,93,93,,79,79,,,
SPITOM_WM_5,8,Leaves,,,,,,,,,,,,,,,19,,,,,,,,,,,,,,,,,,,,,,91,"102,95",97,98,98,98
SPITOM_WM_5,8,Flowers,,,,,9,9,10,11,16,18,19,,,,,,,,,,,,,,,62,68/76,68/75,76,68/76,76,77,79,,,,,79,79,,,
SPIALB_GR_12B,8,Leaves,,,,,,,,,,,,,,,19,,,,,,,,,,,,,,,,,,,,,,92,"102,92",93,95,97,98
SPIALB_GR_12B,8,Flowers,,,,,9,9,12,14,16,18,19,,,,,,,,52,56,,61,64,67,68/72,68/74,68/76,75,76,76,68/76,76,79,,,,,79,79,,,
SPIALB_GR_3,8,Leaves,,,,,,,,,,,,,,,19,,,,,,,,,,,,,,,,,,,,,,94,"102,94",94,96,97,98
SPIALB_GR_3,8,Flowers,,,,,,9,14,15,19,,,,,,,,,,,,61,61,67,67,68/74,68/76,,,,,91,92,92,92,94,94,,79,79,,,
MYRGAL_SH_2,8,Leaves,,,,,,,,,,,,,,,19,,,,,,,,,,,,,,,,,,,,,,93,"102,93",93,94,96,99
MYRGAL_SH_2,8,Flowers,,,,,,,,,,9,10,11,13,18,,,,,,,,,,,,,77,77,78,78/90,78/92,78/92,79/92,100/92,102/93,93,,102m,102m,,,
VIBCAS_GR_12B,8,Leaves,,,,,62-m,64-m,65-m,67-m,69-m,,,,,,19,,,,,,,,,,,,,,,,,,100,,,,94,"102,94",94,94,95,98
VIBCAS_GR_12B,8,Flowers,,,,,9,9,15,15,17,18,18,19,,,59,,,,65,68,72,73,74,74,76,76,67,72,74,74,75/92,77,79,93,93,93,,NA,,,,
SPITOM_WM_4B,8,Leaves,,,,,,51,53,54,56,58,58,58,59,,19,,,,,,,,,,,,,,,,,,,,,,94,"102,95",96,97,98,99
SPITOM_WM_4B,8,Flowers,,,,,9,9,10,11,17,18,19,,,,,,,,,,,,,61,64,66,67,68/72,74,76,76/92,78,79,92,92,93,,79,79,,,
SPITOM_HF_13,8,Leaves,,,,,,,,,,,,,,,19,,,,,,,,,,,,,,,,,,,,,,,"102,96",96,97,98,99
SPITOM_HF_13,8,Flowers,,,,,9,9,9,10,15,17,18,18,19,,,,,,,,,,,,,,,,,,,,,,,,,79,79,,,
SPIALB_HF_2,8,Leaves,,,,,,,,,,,,,,,19,,,,,,,,,,,,68/74,68/72,74,76,77,78,78,78,78/68,68/78,"68, 78","102,91",92,93,94,97
SPIALB_HF_2,8,Flowers,,,,,,9,11,12,16,18,18,19,,,,,,,,,,,62,64,67/72,68/74,,,,,,,,,,,,79,79,,,
SPIALB_SH_7A,8,Leaves,,,,,,,,,,,,,,,19,,,,,,,,,,,,67/74,68/74,68/74,76,76,68/77,78,79,68/78,69/78,79,"102,91",92,94,95,98
SPIALB_SH_7A,8,Flowers,,,,,,9,11,12,16,18,19,,,,,,,,,,,,,62,64,68/72,,,,,,,,,,,,79,79,,,
VIBCAS_WM_9A,8,Leaves,,,,,,,,,,,,,,,19,,,,,,,,,,,,76,77,77,77/92,79/92,92/100,92/100,92/101,101/92,102/93,93,"102,94",95,96,97,99
VIBCAS_WM_9A,8,Flowers,,,,,9,10,15,15,16,18,18,19,,,59,,,,63,67,71,72,74,74,76,76,,,,,100,,,,,,,79,79,,,
VIBCAS_GR_5,8,Leaves,,,,,,,,51,54,57,58,58,59,,19,,,,,,,,,,,,77,77,77,79/91,92,100/92,92/100,92/101,102/92,92,92,"102,92",92,96,96,99
VIBCAS_GR_5,8,Flowers,,,,,,9,14,14,16,18,18,18,19,,59,,,,67,68,72,74,74,74,76,76,,,,,,,,,,,,NA,,,,
SPITOM_GR_1,8,Leaves,,,,,,,51,52,54,57,58,58,59,,19,,,,,,,,,,,,64,72,74,75,75,77,79,,,,97,"102,97",97,98,98,99
SPITOM_GR_1,8,Flowers,,,,,9,9,12,12,15,18,18,19,,,,,,,,,,,,,61,64,,,,,100,100,92/100,92/101,102/92,92,93,79,79,,,
VIBCAS_SH_1B,8,Leaves,,,,,,,,,,,,,,,19,,,,,,,,,,,,76,77,77,78/92,78/92,79/92,,,,,,"102,96",97,97,97,99
VIBCAS_SH_1B,8,Flowers,,,,,10,10,14,15,16,18,18,19,,,59,,,,67,68,72,74,75,75,76,76,,,,,,,,,93,94,96,79,79,,,
SPITOM_HF_6B,8,Leaves,,,,,,,53,55,57,58,58,58,59,,19,,,,,,,,,,,,67,68/72,74,76,76,76,77,79,,,,"102,95",95,97,98,99
SPITOM_HF_6B,8,Flowers,,,,,9,9,9,9,12,18,18,19,,,,,,,,,,,,,,62,,,,,,,,,,,,79,79,,,
VIBCAS_WM_9B,8,Leaves,,,,,,,,,,,,,,,19,,,,,,,,,,,,77,77,77,78/91,79/92,93/100,93/100,93/101,94/101,102/94,95,"102,95",96,97,98,98
VIBCAS_WM_9B,8,Flowers,,,,,,9,10,12,14,17,17,19,,,59,,,,64,67,71,73,74,75,76,76,,,,,,,,,,,,NA,,,,
SPIALB_HF_3,8,Leaves,,,,,,,,,,54,56,58,59,,19,,,,,,,,,,,,67/74,68/74,68/74,68/75,68/75,68/76,78,79,,,92,"102,93",93,95,96,98
SPIALB_HF_3,8,Flowers,,,,,9,9,10,12,16,18,18,19,,,,,,,,,,,64,67,68/72,68/74,,,,,,,,,,,,78,79,,,
SPIALB_GR_9,8,Leaves,,,,,,,,,,,,,,,19,,,,,,,,,,,,75,68/75,68/75,76,77,77,78,79,,,,"102,93",94,94,97,98
SPIALB_GR_9,8,Flowers,,,,,9,10,12,17,19,,,,,,,,,,54,56,,60,67,68/71,68/74,68/77,,,,,,,,,,,,79,79,,,
SPIALB_SH_7B,8,Leaves,,,,,,,,,,,,,,,19,,,,,,,,,,,,68/74,74,75,76,78,78,78,79,,,91,"102,91",92,93,95,98
SPIALB_SH_7B,8,Flowers,,,,,9,10,15,15,19,,,,,,,,,,52,58,61,64,67,68/71,68/72,68/74,,,,,,,,,,,,79,79,,,
SPITOM_HF_9B,8,Leaves,,,,,,,,,,,,,,,19,,,,,,,,,,,,67,68/74,74,76,76/92,78/92,79/92,93,94,94,95,"102,95",95,97,98,99
SPITOM_HF_9B,8,Flowers,,,,,,9,10,11,15,17,18,19,,,,,,,,,,,,,,62,,,,,,,,,,,,75,79,,,
MYRGAL_WM_6B,8,Leaves,,,,,,,,,,,,,,,19,,,,,,,,,,,,,,,,,,91,92,92,94,93,"102,93",93,93,94,98
MYRGAL_WM_6B,8,Flowers,,,,,,,,,9,11,12,16,18,19,,,,,,,,,,,,,,,,,,,,,,,,102m,102m,,,
ACEPEN_WM_5,9,Leaves,,,,68-m,68-m,68-m,68-m,69-m,,,,,,,19,,,,,,,,,,,,,,,,,,,,,,,X,x,,,
ACEPEN_WM_5,9,Flowers,,,,,,,,,,,,,,,,,,,,,,,,,,,,,,100m,100m/100,100/100m,100/100m,101/101m,102/102m,77,"78, 96",X,x,,,
ALNINC_SH_8,9,Leaves,,,,,,,,,,,,,,,,,,,,,,,,,,,75,76/100m,77/100m,77,77,77,77,77,77,,,"102,98",98,98,98,99
ALNINC_SH_8,9,Flowers,,,,,,,,9,10,12,14,16,17,18,,,,,,,,,,,,,,,,,,,,,,,,"102m,79",,,,
BETPOP_WM_7,9,Leaves,,68-m,68-m,68-m; 62-f,68-m; 63-f,69-m; 68-f,69-f,,,,,,,,18,19,,,,,,,,,,,78,78/100m,78/100m,79,,100/100m,100/100m,100/100m,100/100m,102/102m,,"102,91",93,94,96,99
BETPOP_WM_7,9,Flowers,,,,,,,9,9,10,16,17,18,18,19,,,71,72,72,73,73,73,75,75,75,75,,,,100m,100m,,,,,,,"102m,78",79,,,
BETALL_WM_8,9,Leaves,,,,,,,,,,51,54,61,63,67,18,18,,,,,,,,,,,,,,100,100,101,101,101,101,102,,"102,91",94,96,99,99
BETALL_WM_8,9,Flowers,,,,,,,,9,10,12,12,12,14,18,72,72,73,73,73,73,74,74,75,75,75,75,,,,,,,,,,,,NA,,,,
BETALL_SH_9,9,Leaves,,,,,,,,,,,,,,,18,18,18,18,19,,,,,,,,,,,100,100,101,101,101,101,102,91,"102,91",92,94,97,99
BETALL_SH_9,9,Flowers,,,,,,,,9,10,12,12,16,18,19,,,,,,,,,,,,,,,,,,,,,,,,NA,,,,
BETALL_SH_5,9,Leaves,,,,,,,,,,,,,,,18,18,19,,,,,,,,,,,,,,100,101,101,101,101,102,,"102,91",92,93,99,99
BETALL_SH_5,9,Flowers,,,,,,,,,,,,,,,,,,,,,,,,,,,,,,,,,,,,,,NA,,,,
BETALL_WM_9,9,Leaves,,,,,,,,,,,,,,,17,19,,,,,,,,,,,,,,,,,,,,,,"102,91",92,,98,99
BETALL_WM_9,9,Flowers,,,,,,,,,,,,,,,,,,,,,,,,,,,,,,,,,,,,,,NA,,,,
ACEPEN_WM_5,9,Leaves,,,,,,,,,,,,,,,,,,,,,,,,,,,,,,,,,,,,,,X,x,,,
ACEPEN_WM_5,9,Flowers,,,,,,,,,,,,,,,,,,,,,,,,,,,,,,,,,,,,,,X,x,,,
BETPAP_GR_9,9,Leaves,,,,,,,,,,,,,,,,,,,,,,,,,,,,,,,,,,,,,,X,x,,,
BETPAP_GR_9,9,Flowers,,,,,,,,,,,,,,,,,,,,,,,,,,,,,,,,,,,,,,X,x,,,
ALNINC_HF_9,9,Leaves,,,,,,,,,,,,,,,18,18,18,18,18,18,19,,,,,,,,,100m,100m,100/100m,100/100m,100/101m,101/101m,102/102m,94,102,"102,97",97,98,99
ALNINC_HF_9,9,Flowers,,,,,,,9,9,11,15,15,16,17,18,71,71,72,73,73,73,73,73,74,74,74,75,75,76/100m,76/100m,76,100/76,77,78,78,78,79,,"102m,78",79,,,
BETALL_SH_4A,9,Leaves,,64-m,64-m,67-m; 65-f,68-m; 68-m,69-m; 68-f,69-f,,,,,,,,18,18,19,,,,,,,,,,,,,,,,,,,,,"102,91",93,95,99,99
BETALL_SH_4A,9,Flowers,,,,,,,,,,10,12,15,18,19,,,,,,,,,,,,,,,,,,,,,,,,NA,,,,
BETALL_SH_4B,9,Leaves,,,,,,,,,,,,,,,19,,,,,,,,,,,,,,,,,,,,,,,X,x,,,
BETALL_SH_4B,9,Flowers,,,,,,,9,9,10,12,16,18,19,,,,,,,,,,,,,,,,,,,,,,,,,X,x,,,
QUERUB_WM_9,9,Leaves,,,,,,,,,,,,,,,,,,,,,,,,,,,,,,,,,,,,,,X,x,,,
QUERUB_WM_9,9,Flowers,,,,,,,,,,,,,,,,,,,,,,,,,,,,,,,,,,,,,,X,x,,,
BETPOP_HF_4,9,Leaves,,,,,,,,,,,,,,,19,,,,,,,,,,,,,,,,100,100/100m,100/100m,100/100m,101/101m,102/102m,91,"102,91",91,95,97,99
BETPOP_HF_4,9,Flowers,,,,,,,,,9,12,12,12,14,18,71,71,72,72,73,73,73,74,74,74,76,76,77,78/100m,79/100m,100m,100m,,,,,,,"102m,78",78,78,79,
ACESPI_GR_4,10,Leaves,,,,,,,,,,51,54,58,64,67,,,,,,,,,,,,,,,,,,,,,,,,X,,,,
ACESPI_GR_4,10,Flowers,,,,,,,,,,,,,,,,,,,,,,,,,,,,,,,,,,,,,,X,,,,
SAMRAC_HF_A,10,Leaves,,,,,,,,,,,,,,,19,,,,,,,,,,,,,,,,,,,,,,,"102,91",92,95,98,98
SAMRAC_HF_A,10,Flowers,11,11,11,11,11,11,15,16,17,19,,,,,,,,,,58,64,67,68,68/71,68/74,74,77,77,78,79,,100,100,100,101,102,,NA,,,,
ACESPI_SH_2A,10,Leaves,,,,,,,,,,,,,,,,,,,,,,,,,,,,,,,,,,,,,,ND,,,,
ACESPI_SH_2A,10,Flowers,,,,,,,,,,,,,,,,,,,,,,,,,,,,,,,,,,,,,,ND,,,,
ACESPI_SH_2B,10,Leaves,,,,,,,,,,,,,,,,,,,,,,,,,,,,,,,,,,,,,,ND,,,,
ACESPI_SH_2B,10,Flowers,,,,,,,,,,,,,,,,,,,,,,,,,,,,,,,,,,,,,,ND,,,,
DIELON_SH_12,10,Leaves,,,,,,,,,,,,,,,19,,,,,,,,,,,,,,,,,,,,,,,ND,,,,
DIELON_SH_12,10,Flowers,,,,,,,,,,,,,,,,,,,,61,62,64,71,72,74,74,,,,,,,,,,,,ND,,,,
DIELON_GR_5,10,Leaves,,,,,,,,,,,,,,,19,,,,,,,,,,,,,,,,,,,,,,,93,94,95,97,99
DIELON_GR_5,10,Flowers,,,,,,,,,,,,,,,,,,,,62,62,64,68/71,69/72,74,74,,,,,,,,,,,,ND,,,,
SORAME_GR_9A,10,Leaves,,,,,,,,,,,,,,,19,,,,,,,,,,,,,,,,,,,,,,,ND,,,,
SORAME_GR_9A,10,Flowers,,,,,,,,,,,,,,,,,,,,,,,,,,,,,,,,,,,,,,ND,,,,
DIELON_HF_1,10,Leaves,,,,,,,,,,,,,,,,,,,,,,,,,,,,,,,,,,,,,"77, 91",94,94,94,95,99
DIELON_HF_1,10,Flowers,,,,,,9,12,16,19,,,,,,,,,,,,,,,,,,74,74,75,75,75,75,75,75,76,76/102,,,,,,
SAMRAC_GR_7,10,Leaves,,,,,,,,,,,,,,,,,,,,,,,,,,,,,,,,,,,,,,102,93,95,98,98
SAMRAC_GR_7,10,Flowers,11,11,11,12,12,12,15,18,19,,,,,,,,,,,,,,,,,,,,,,,,,,,,,NA,,,,
ACESPI_SH_9,10,Leaves,,,,,,,,,,,,,,,,,,,,,,,,,,,,,,,,,,,,,,ND,,,,
ACESPI_SH_9,10,Flowers,,,,,,,,,,,,,,,,,,,,,,,,,,,,,,,,,,,,,,ND,,,,
SORAME_SH_3A,10,Leaves,,,,,,,,,,,,,,,,,,,,,,,,,,,,,,,,,,,,,,ND,,,,
SORAME_SH_3A,10,Flowers,,,,,,,,,,,,,,,,,,,,,,,,,,,,,,,,,,,,,,ND,,,,
DIELON_SH_4,10,Leaves,,,,,,,,,,,,,,,19,,,,,,,,,,,,,,,,,,,,,,,ND,,,,
DIELON_SH_4,10,Flowers,,,,9,9,10,12,15,19,,,,,,,,,,,,,,,,,,,,,,,,,,,,,ND,,,,
SORAME_SH_3B,10,Leaves,,,,,,,,,,,,,,,,,,,,,,,,,,,,,,,,,,,,,,ND,,,,
SORAME_SH_3B,10,Flowers,,,,,,,,,,,,,,,,,,,,,,,,,,,,,,,,,,,,,,ND,,,,
SAMRAC_GR_4,10,Leaves,,,,,,,,,,,,,,,19,,,,,,,,,,,,,,,,,,,,,,92,92,92,96,98,98
SAMRAC_GR_4,10,Flowers,,,,,,,,,,,,,,,,,,,58,58,64,67,68,68/71,68/74,75,76,77,78,79,,,,,100,102,,,,,,
SAMRAC_HF_B,10,Leaves,,,,,,,,,,,,,,,,,,,,,,,,,,,,,,,,,,,,,,"102,92",95,96,96,97
SAMRAC_HF_B,10,Flowers,11,11,11,12,12,12,15,17,19,,,,,,,,,,,,,,,,,,,,,,,,,,,,,,,,,
SORAME_SH_3B,10,Leaves,,,,,,,,,,,,,,,,,,,,,,,,,,,,,,,,,,,,,,ND,,,,
SORAME_SH_3B,10,Flowers,,,,,,,,,,,,,,,,,,,,,,,,,,,,,,,,,,,,,,ND,,,,
DIELON_GR_8,10,Leaves,,,,,,,,,,,,,,,,,,,,,,,,,,,,,,,,,,,,,,ND,,,,
DIELON_GR_8,10,Flowers,,,,,,,,,,,,,,,,,,,,,,,,,,,,,,,,,,,,,,ND,,,,
SAMRAC_GR_1,10,Leaves,,,,,,,,,,,,,,,19,,,,,,,,,,,,,,,,,,,,,,,ND,,,,
SAMRAC_GR_1,10,Flowers,,,,,,10,12,16,18,19,,,,,,,,,,,,,,,,,,,,,,,,,,,,ND,,,,
DIELON_SH_4,10,Leaves,,,,,,,,,,,,,,,,,,,,,,,,,,,,,,,,,,,,,,ND,,,,
DIELON_SH_4,10,Flowers,,,,,,,,,,,,,,,,,,,,,,,,,,,,,,,,,,,,,,ND,,,,
SORAME_GR_9B,10,Leaves,,,,,,,,,,,,,,,18,19,,,,,,,,,,,,,,,,,,,,,,ND,,,,
SORAME_GR_9B,10,Flowers,,,,,,,,,,9,9,10,11,16,58,59,59,59,64,68,71,73,73,73,74,75,,,,,,,,,,,,ND,,,,
DIELON_SH_2,10,Leaves,,,,,,,,,,,,,,,,,,,,,,,,,,,,,,,,,,,,,,ND,,,,
DIELON_SH_2,10,Flowers,,,,,,,,,,,,,,,,,,,,,,,,,,,,,,,,,,,,,,ND,,,,
DIELON_GR_8A,10,Leaves,,,,,,,,,,,,,,,,,,,,,,,,,,,,,,,,,,,,,,ND,,,,
DIELON_GR_8A,10,Flowers,,,,,,,,,,,,,,,,,,,,,,,,,,,,,,,,,,,,,,ND,,,,
DIELON_GR_8B,10,Leaves,,,,,,,,,,,,,,,,,,,,,,,,,,,,,,,,,,,,,,ND,,,,
DIELON_GR_8B,10,Flowers,,,,,,,,,,,,,,,,,,,,,,,,,,,,,,,,,,,,,,ND,,,,
SPITOM_SH_99A,11,Leaves,,,,,,,,,,,,,,,,,,,,,,,,,,,,,,,,,,,,,,X,x,,,
SPITOM_SH_99A,11,Flowers,,,,,,,,,,,,,,,,,,,,,,,,,,,,,,,,,,,,,,X,x,,,
MYRGAL_WM_6A,11,Leaves,,,,,,,,,,,,,,,18,19,,,,,,,,,,,,,,,93,93,93,93,93,93,94,"102,94",94,95,97,99
MYRGAL_WM_6A,11,Flowers,,,,,,,,,9,10,10,10,14,18,,,,,,,,,,,,,,,,,,,,,,,,102m,102m,,,
SPITOM_GR_1A,11,Leaves,,,,64-m,62-m,65-m,67-m,69-m,,,,,,,19,,,,,,,,,,,,67,68/74,76,76,76/92,78/93,79/93,94,94,94,95,"102,95",96,97,98,99
SPITOM_GR_1A,11,Flowers,,,,,,9,10,10,12,16,17,19,,,,,,,,,,,,,,62,,,,,,,,,,,,79,79,,,
SPIALB_HF_10,11,Leaves,,,,,,,,,,,,,,,19,,,,,,,,,,,,68/72,68/72,68/73,68/73,68/75,76,76,76,79,,92,"102,92",93,95,96,99
SPIALB_HF_10,11,Flowers,,,,,,9,12,15,19,,,,,,,,,,,,,,,62,62/72,62,,,,,,,,,,,,79,79,,,
VIBCAS_WM_4,11,Leaves,,,,,,,,,,,,,,,19,,,,,,,,,,,,76,78,78,79/93,93/100,94/100,94/100,95/101,102/95,95,95,"102,95",95,98,98,99
VIBCAS_WM_4,11,Flowers,,,,,9,10,15,15,19,,,,,,59,,,,64,67,71,73,74,74,74,74,,,,,,,,,,,,,,,,
SPIALB_HF_4A,11,Leaves,,,,,,,,52,54,57,58,58,59,,19,,,,,,,,,,,,68/74,68/75,76,77,78,77,78,79,,,,"102,91",91,94,95,99
SPIALB_HF_4A,11,Flowers,,,,,9,10,12,15,19,,,,,,,,,,54,58,,60,65,67,67/74,68/75,,,,,,,,,,,,77,78,79,,
SPIALB_WM_4A,11,Leaves,,,,,,,,,,,,,,,19,,,,,,,,,,,,67/74,74,76,77,78,77,78,79,,,,"102,92",93,94,97,99
SPIALB_WM_4A,11,Flowers,,,,,9,10,12,14,18,19,,,,,,,,,,,,,64,67,67/74,68/74,,,,,,,,,,,,78,79,,,
MYRGAL_WM_6B,11,Leaves,,,,,,,,,,,,,,,19,,,,,,,,,,,,,,,,94,94,95,95,95,95,97,"102,98",98,98,99,99
MYRGAL_WM_6B,11,Flowers,,,,,,,,9,11,16,16,18,19,,,,,,,,,,,,72,72,67,68/74,74,75,76/92,79/94,94,94,95,95,96,NA,,,,
SPITOM_SH_99B,11,Leaves,,,,,,,,,,,,,,,19,,,,,,,,,,,,,,,,,,,,,,,"102,92",97,98,98,99
SPITOM_SH_99B,11,Flowers,,,,,9,9,10,10,15,16,17,19,,,,,,,,,,,,,,62,67,68/74,68/76,68/76,76,78,79,92,92,92,97,79,79,,,
SPITOM_SH_99C,11,Leaves,,,,,,,,,,,,,,,19,,,,,,,,,,,,,,,,,,,,,,,"102,94",98,98,99,99
SPITOM_SH_99C,11,Flowers,,,,,,9,10,10,15,16,18,18,19,,,,,,,,,,,,,,,,,,,,,,,,92,79,79,,,
SPITOM_HF_5,11,Leaves,,,,,,,,,,,,,,,,,,,,,,,,,,,,,,,,,,,,,,X,x,,,
SPITOM_HF_5,11,Flowers,,,,,,,,,,,,,,,,,,,,,,,,,,,,,,,,,,,,,,X,x,,,
SPIALB_WM_4B,11,Leaves,,,,,,,,,,,,,,,19,,,,,,,,,,,,,,,,,,,,,,,"102,94",94,95,96,98
SPIALB_WM_4B,11,Flowers,,,,,9,10,12,15,19,,,,,,,,,,56,58,62,64,67,68/71,68/74,68/74,68/74,68/74,76,77,77,77,78,78,79,,,79,79,,,
SPIALB_WM_4C,11,Leaves,,,,,,,,,,,,,,,19,,,,,,,,,,,,,,,,,,,,,,,"102,93",96,95,97,98
SPIALB_WM_4C,11,Flowers,,,,,9,10,15,17,19,,,,,,,,,,58,60,64,67,67,68/71,68/74,68/76,68/76,76,76,77,78,78,78,78,79,,,79,79,,,
SPITOM_SH_99D,11,Leaves,,,,,,,,,,,,,,,19,,,,,,,,,,,,,,,,,,,,,,,"102,93",96,96,98,99
SPITOM_SH_99D,11,Flowers,,,,,,9,10,10,16,17,17,18,19,,,,,,,,,,,,,,68,68/74,74,75,76,78/92,79/92,92,92,92,92,79,79,,,
SPIALB_WM_5,11,Leaves,,,,,,,,,,,,,,,19,,,,,,,,,,,,,,,,,,,,,,,"102,95",97,98,99,99
SPIALB_WM_5,11,Flowers,,,,9,10,11,14,16,19,,,,,,,,,,,,,,62,64,67/72,68/72,67/73,68/73,75,75,76,76,76,78/92,79/93,93,93,79,79,,,
SPIALB_WM_2B,11,Leaves,,,,,,,,,,,,,,,19,,,,,,,,,,,,,,,,,,,,,,,"102,92",93,95,97,98
SPIALB_WM_2B,11,Flowers,,,,9,10,10,15,15,19,,,,,,,,,,,,,,62,62,67/72,67/72,74,74,75,75,68/76,68/77,68/77,78/92,68/78/92,68/78/93,"68, 92",79,79,,,
SPIALB_WM_2A,11,Leaves,,,,,,,,,,,,,,,,,,,,,,,,,,,,,,,,,,,,,,x,x,x,,
SPIALB_WM_2A,11,Flowers,,,,,,9,12,14,17,18,18,18,19,,,,,,,,,,,,,,,,,,,,,,,,,x,x,,,
VIBCAS_WM_9A,11,Leaves,,,,,,,,,,,,,,,19,,,,,,,,,,,,,,,,,78,78/92,79/92,101/92,102/92,92,"102,94",94,94,95,98
VIBCAS_WM_9A,11,Flowers,,,,,9,9,10,10,17,18,18,19,,,59,,,,67,68,72,73,74,75,76,76,76,76,77,78,78,,,101,,,,NA,,,,
SPITOM_SH_99E,11,Leaves,,,,,,,,,52,56,57,58,59,,19,,,,,,,,,,,,,,,,,,,96,97,97,97,"102,97",97,98,99,99
SPITOM_SH_99E,11,Flowers,,,,,,9,10,11,17,18,18,18,19,,,,,,,,,,,,,64,64,74,76,76,77/96,79/96,96,,,,,79,79,,,
SPIALB_HF_4B,11,Leaves,,,,,,,,,,,,,,,19,,,,,,,,64,67,68/74,68/74,,,,,,,,76,68/78,69/78,79,"102,91",95,96,97,98
SPIALB_HF_4B,11,Flowers,,,,,9,9,11,11,18,18,18,18,19,,,,,,,,,,,,,,,68/74,74,75,75,68/76,68/76,,,,,79,79,,,
VIBCAS_WM_9B,11,Leaves,,,,,,,,,,,,,,,19,,,,,,,,,,,,,,,,,,,92/101,92/102,92,93,"102,94",96,96,96,99
VIBCAS_WM_9B,11,Flowers,,,,,9,10,15,15,16,17,18,19,,,59,,,60,67,68,72,75,76,76,76,76,76,77,77,79/91,91/100,91/100,91/100,,,,,NA,,,,
SPITOM_SH_99F,11,Leaves,,,,,,,,,,,54,58,59,,19,,,,,,,,,,,,,,,,,,,,,,94,"102,95",96,97,98,99
SPITOM_SH_99F,11,Flowers,,,,,,9,9,10,11,16,17,18,19,,,,,,,,,,,,62,65,64,74,75,76,77,79,92,92,92,93,,79,79,,,
AROMEL_WM_5,11,Leaves,,,,,,,,,,,,,,,19,,,,,,,,,,,,,,,,,,,,,,94,"102,97",98,98,99,99
AROMEL_WM_5,11,Flowers,,,,,,9,10,10,11,12,15,16,18,,,,,68,68,72,73,73,74,74,74,75,74,77,74,74,74,74/101,101,101,101,102/93,,NA,,,,
VIBCAS_SH_9,11,Leaves,,,,,,,,,,52,54,56,58,,19,,,,,,,,,,,,,,,,,,,,,,94,"102,94",95,95,95,99
VIBCAS_SH_9,11,Flowers,,,,9,10,11,15,15,17,19,,,,,,,,,,,,,,,,,100,100,100,100,100,101,102,,,94,,NA,,,,
VIBCAS_GR_10,11,Leaves,,,,,,,,,,,,,,,19,,,,,,,,,,,,,,,,,,,,,,94,"102,95",95,95,96,99
VIBCAS_GR_10,11,Flowers,,,,,9,10,15,16,18,19,,,,,59,,,,60,68,69,73,75,76,76,76,77,77,77/100,79/100,100,101,102,,,92,,79,79,,,
SPITOM_GR_1A,11,Leaves,,,,,,,53,54,54,58,58,58,59,,19,,,,,,,,,,,,,,,,,,,,,,95,"102,96",97,97,98,99
SPITOM_GR_1A,11,Flowers,,,,,,9,10,10,15,17,17,18,19,,,,,,,,,,,,64,64,67,74,75,76,76,78/96,79/92,92,94,94,,79,79,,,
SPITOM_GR_1B,11,Leaves,,,,,,,,,,,,,,,19,,,,,,,,,,,,,,,,,,,,,,95,"102,95",97,98,99,99
SPITOM_GR_1B,11,Flowers,,,,,,,10,10,15,17,18,19,,,,,,,,,,,,,64,67,64,74,75,77,77,77/94,79/92,92,94,94,,79,79,,,
SPITOM_HF_6,11,Leaves,,,,,,,,,,,,,,,19,,,,,,,,,,,,,,,,,,,,,,97,"102,97",97,98,98,99
SPITOM_HF_6,11,Flowers,,,,,,,9,10,15,16,17,18,18,19,,,,,,,,,,,,,67,72,74,74,75/92,75/93,79/93,93,93,94,,79,79,,,
AROMEL_HF_8A,11,Leaves,,,,,,,,,,,,,,,19,,,,,,,,,,,,,,,,,,,,,,91,"102,91",93,95,97,99
AROMEL_HF_8A,11,Flowers,,,,,9,9,10,10,11,12,15,17,19,,59,61,68,71,72,73,73,73,74,74,74,74,74,74,74,74,74/100,76/101,78/101,79/101,102,91,,79,79,79,79,
AROMEL_HF_8B,11,Leaves,,,,,,,,,,52,54,57,58,59,19,,,,,,,,,,,,,,,,,,,,,,,"102,91",92,93,96,99
AROMEL_HF_8B,11,Flowers,,,,,,9,10,11,12,16,17,18,19,,63,65,68,71,73,73,73,74,74,74,74,75,,,,,,100,100,101,101,102,,NA,,,,
VIBCAS_WM_10,11,Leaves,,,,,,,,,,58,58,58,59,,19,,,,,,,,,,,,,,,,,,,,,,93,"102,93",93,95,97,99
VIBCAS_WM_10,11,Flowers,,,,9,10,11,16,16,18,19,,,,,59,,,,65,67,72,75,76,76,76,76,76,77,78/100,79/100,100/92,100/93,93/101,93/101,102/93,93,,NA,,,,
AROMEL_HF_12,11,Leaves,,,,,,,,52,52,56,57,58,59,,19,,,,,,,,,,,,,,,,,,,,,,92,"102,94",95,96,97,99
AROMEL_HF_12,11,Flowers,,,,,9,9,11,12,14,16,,,,,61,62,68,69,72,73,73,73,74,74,75,75,75,75,75,75,75,100/78,79/100,101,102,92,102m,79,79,79,79,
ALNINC_SH_1,12,Leaves,,,,,,,,51,54,57,58,59,,,18,18,19,,,,,,,,,,,,100m,100m,100m/76,76/100,76,100/100m,101/101m,102/101m,"79, 94","102,95",95,96,97,99
ALNINC_SH_1,12,Flowers,,,,,,,,9,11,15,15,16,17,18,,,,71,72,73,73,74,74,74,75,75,76,76/100m,76,76,,100m,100/100m,78,78,78,102,"102m,79",79,,,
ACEPEN_WM_5,12,Leaves,68-m,68-m; 65-f,68-m; 65-f,68-m; 67-f,69-m; 68-f,69-f,,,,,,,,,,,,,,,,,,,,,,,,,100,101,101,101,101,101,77,,,,,
ACEPEN_WM_5,12,Flowers,,,,,,,,,,,,,,,,,,,,,,,,,,,77,77,77,77/100m,77,77,77,77,77,77,,,,,,
ACEPEN_HF_12,12,Leaves,,,,,,,,,,,,,,,18,18,19,,,,,,,,,,,,,,,,,,,,,"102,91",94,96,99,99
ACEPEN_HF_12,12,Flowers,,,,,,,9,9,10,10,10,12,12,16,57,61,67,71,74,75,76,76,76,76,76,76,,,,,,,,,,,102m,79,79,,,
BETPOP_GR_5A,12,Leaves,,,,,,,,,,,,,,,18,18,18,19,,,,,,,,,,,,,100,100,100/100m,100/100m,100/100m,102/101m,,"102,91",95,97,98,99
BETPOP_GR_5A,12,Flowers,,,,,,,,,9,10,10,12,17,18,,,,,,,,,,,,,,100m,,100m,100m,100m,,,,,,102m,,,,
QUERUB_WM_9,12,Leaves,,,,,,,,,,,,,,,,,,,,,,,,,,,,,,,,,,,,,,X,x,,,
QUERUB_WM_9,12,Flowers,,,,,,,,,,,,,,,,,,,,,,,,,,,,,,,,,,,,,102m,X,x,,,
BETPOP_GR_5B,12,Leaves,,,,,,,,,,,,,,,18,19,,,,,,,,,,,,,100m,100,100m,100,100,100/100m,101/101m,102/101m,93,"102,93",95,96,97,99
BETPOP_GR_5B,12,Flowers,,,,,,,,9,9,10,11,12,15,18,,,,,,,74,74,74,74,74,74,77,100m/77,77,78,100/79,100m,100m,,,91,102/101m,"102m,77",78,79,79,
ALNINC_HF_8,12,Leaves,,,,,,,,,,,,,,,18,18,18,18,18,19,,,,,,,,,,,100,77/100,77,100/101m,101/101m,101/101m,"78, 94","102,96",97,97,98,99
ALNINC_HF_8,12,Flowers,,,,,,,9,9,11,14,15,16,16,18,,,,71,72,73,73,74,74,74,75,75,75,76/100m,76/100m,76/100m,77/100m,100m,100/100m,77,78,78,,"102m,79",,,,
BETPAP_HF_16,12,Leaves,,65-m; 62-f,65-m; 62-f,67-m; 65-f,68-m; 67-f,69-m; 69-f,,,,,,,,,17,18,18,19,,,,,,,,,,,,,,,,,,,"101, 93","101,93","102,93",94,95,99
BETPAP_HF_16,12,Flowers,,,,,,,,9,10,12,12,17,18,18,,,,,,,,,,,,,,,,,100,100/93,100/93,100/93,100/93,100/93,,NA,,,,
BETALL_WM_8A,12,Leaves,,,,,,,,,,,,,,,18,19,,,,,,,,,,,,,,,,,,,,,93,"102,93",94,96,99,99
BETALL_WM_8A,12,Flowers,,,,,,,,9,10,12,12,16,17,18,,,,,,,,,,,,,,,,,100,101,102,,,92,,NA,,,,
BETPAP_GR_8,12,Leaves,,,,,,,,,,,,,,,18,18,19,,,,,,,,,,,,,,,,,,,,92,"102,93",94,96,98,99
BETPAP_GR_8,12,Flowers,,,,,,,,,,,9,10,14,17,,,,,,,,,,,,,,,,,100,101,101,102,,91,94,NA,,,,
BETPOP_GR_5C,12,Leaves,,,,,,,,,,,,,,,18,19,,,,,,,,,,,,78,78,79,100m,100/100m,100/100m,101/101m,101/101m,102/102m,,"102,92",96,98,99,99
BETPOP_GR_5C,12,Flowers,,,,,,,,,,9,9,10,10,17,,,,,,,,,71,72/101,72/100m,72/100m,78/100m,100m,100m,100m,100,101/92,,93,93,93,,102m,,,,
BETALL_WM_8B,12,Leaves,,,,,,,,,,52,57,61,63,64,18,18,19,,,,,,,,,,,,,,,,,,,,95,"102,95",97,98,99,99
BETALL_WM_8B,12,Flowers,,,,,,,9,10,11,11,12,13,16,19,,,,,,,,,,,,,,,,,100/92,100/92,100/92,101/92,102/92,102/95,,NA,,,,
SAMRAC_HF_A,13,Leaves,,,,,,,,,,,,,,,19,,,,,,,,,,,,,,,,,,,,,,,"102,91",93,97,98,99
SAMRAC_HF_A,13,Flowers,10,10,10,11,11,12,15,17,18,19,,,,,,,,59,,,,62,67,68,68/72,74,77,77,77,78,79,,,,100,102,91,NA,,,,
VACMYR_WM_5,13,Leaves,,,,,,,,,,,,,,,,,,,,,,,,,,,,,,,,,,,,,,102,,93,97,99
VACMYR_WM_5,13,Flowers,,,,,,,,,,,,,,,,,,,,,,,,,,,,,,,,,,,,,,NA,,,,
DIELON_WM_1A,13,Leaves,,,,,,,,,,,,,,,19,,,,,,,,,,,,,,,,,100,101,102,92,92,92,"102,92",92,93,94,97
DIELON_WM_1A,13,Flowers,,,,9,10,10,12,16,19,,,,,,,,,51,,61,64,67,68/71,68/71,74,74,75,75,75,76,76/92,77/92,77/92,79/92,,,,77,79,,,
SAMRAC_HF_B,13,Leaves,,,,,,,,,,,,,,,19,,,,,,,,,,,,,,,,,,,,,,,"102,92",92,97,98,99
SAMRAC_HF_B,13,Flowers,10,10,10,11,11,12,14,15,17,18,18,19,,,,,,59,,,,61,67,67,72,76,77,77,79,,92,92,92,92,100/92,102/92,92,NA,,,,
VACMYR_GR_10A,13,Leaves,,,,,,,,,,,,,,,,,,,,,,,,,,,,,,,,,,,,,,X,,,,
VACMYR_GR_10A,13,Flowers,,,,,,,,,,,,,,,,,,,,,,,,,,,,,,,,,,,,,,X,,,,
DIELON_HF_2A,13,Leaves,,,,,,,,,,,,,,,19,,,,,,,,,,,,,,,,,100,100,101/79,102/92,94,94,"102,95",95,96,96,98
DIELON_HF_2A,13,Flowers,,,,,,9,15,16,19,,,,,,,,,,61,64,64,64,67/71,68/71,74,74,75,76,76,77,77/92,78/93,78/93,92,,,,77,79,,,
SORAME_SH_1A,13,Leaves,,,,,,,,,,,,,,,19,,,,,,,,,,,,,,,,,,,,,,,X,,,,
SORAME_SH_1A,13,Flowers,,,,,,,,,,9,10,10,12,18,59,,,,67,69,71,72,73,74,74,74,,,,,,,,,,,,X,,,,
SORAME_SH_1B,13,Leaves,,,,,,,,,,,,,,,18,19,,,,,,,,,,,,,,,,,,,,,,X,,,,
SORAME_SH_1B,13,Flowers,,,,,,,,9,10,11,11,12,15,18,,54,59,59,64,69,72,74,74,74,,,,,,,,,,,,,,X,,,,
DIELON_GR_8,13,Leaves,,,,,,,,,,,,,,,19,,,,,,,,,,,,,,,,,101,94/101,102/92,92,92,92,"102,93",94,95,95,97
DIELON_GR_8,13,Flowers,,,,,,9,12,15,19,,,,,,,,,57,59,64,67,67,68/71,68/71,68/74,74,74,76,76,77,77/92,94/79,,,,,,NA,,,,
VACMR_GR_10B,13,Leaves,,,,,,,,,,,,,,,,,,,,,,,,,,,,,,,,,,,,,,X,,,,
VACMR_GR_10B,13,Flowers,,,,,,,,,,,,,,,,,,,,,,,,,,,,,,,,,,,,,,X,,,,
DIELON_HF_2B,13,Leaves,,,,,,,,,,,,,,,19,,,,,,,,,,,,,,,,,,,,,,,"102,96",96,96,97,99
DIELON_HF_2B,13,Flowers,,,,9,10,10,12,15,18,19,,,,,,,,,59,61,67,67,68/71,68/71,74,75,75,75,75,76,77/93,78/93,78/93,78/93,79/93,95,95,79,79,,,
DIELON_HF_2C,13,Leaves,,,,,,,,,,,,,,,19,,,,,,,,,,,,,,,,,100,100,101,102,,,102.93,93,94,95,98
DIELON_HF_2C,13,Flowers,,,,,9,9,11,15,18,19,,,,,,,,,61,64,67,67,68/71,72,74,75,76,76,76,77,77,77,78/92,78/92,78/92,92/78,"92, 78",79,79,,,
VACMYR_GR_10C,13,Leaves,,,,,,,,,,,,,,,,,,,,,,,,,,,,,,,,,,100,101,102,,X,,,,
VACMYR_GR_10C,13,Flowers,,,,,,,,,,,,,,,,,,,,,,,,,,,,,,,,,,,,,,X,,,,
SAMRAC_GR_8,13,Leaves,,,,,,,,,,,,,,,19,,,,,,,,,,,,,,,,,,,,,,,"102,91",93,96,99,99
SAMRAC_GR_8,13,Flowers,10,11,11,12,13,15,17,18,,,,,,,67,68,68/72,73,76,76,77,77,79,,,,,,,,,,,,,,,NA,,,,
DIELON_WM_1B,13,Leaves,,,,52,53,53,55,58,58,58,58,59,63,68,19,,,,,,,,,,,,,,,,,92,92/77,77/92,77/92,92/78,"92, 79","102,91",92,93,94,98
DIELON_WM_1B,13,Flowers,,,,,,,9,10,15,18,19,,,,,,,,61,64,67,67,68/71,68/71,74,75,75,75,76,77,77,77,,,,101,102,79,79,,,
SAMRAC_HF_C,13,Leaves,,,,,,,,,,,,,,,19,,,,,,,,,,,,,,,,,,,,100,102,91,"102,91",95,98,98,99
SAMRAC_HF_C,13,Flowers,,9,9,10,10,10,11,15,15,17,18,19,,,,,,59,,,,61,68,68/72,74,75,77,77,77,79,,,,,,91,,NA,,,,
DIELON_SH_2A,13,Leaves,,,,,,,,,,,,,,,19,,,,,,,,,,,,,,,,,,,,,,,"192,92",92,94,96,98
DIELON_SH_2A,13,Flowers,,,,,9,10,12,15,18,19,,,,,,,,,61,63,64,64,67/71,72,74,74,74,75,75,76,77,77,77/92,77/92,78/92,78/92,"79, 92",79,79,,,
SORAME_SH_3,13,Leaves,,,,,,,,,,,,,,,17,18,19,,,,,,,,,,,,,,,,,,100,102,,X,,,,
SORAME_SH_3,13,Flowers,,,,,,,,,,,,,,,,,59,,,62,67,67,73,74,75,75,75,75,75,75,75,76,76,76,77,78,"78, 91",X,,,,
DIELON_SH_4,13,Leaves,,,,,,,,,,,,,,,19,,,,,,,,,,,,,,,,,,,,101,102,76,102,97,97,,98
DIELON_SH_4,13,Flowers,,,,,9,10,12,15,18,18,19,,,,,,,,61,64,64,66,68/72,72,74,74,74,75,75,76,76,76,76,76,76/101,,,NA,,,,
SAMRAC_HF_D,13,Leaves,,,,,,,,,,,,,,,19,,,,,,,,,,,,,,,,,,,,,,,"102,93",96,98,98,99
SAMRAC_HF_D,13,Flowers,,9,9,10,10,11,14,15,18,18,19,,,,,,,59,,,,60,67,68,68/72,74,78,78,78,79,,,,,100,102/93,93,NA,,,,
DIELON_SH_2B,13,Leaves,,,,,,,,,,,,,,,19,,,,,,,,,,,,,,,,,,,,,,,"102,92",92,93,94,97
DIELON_SH_2B,13,Flowers,,,,,9,10,15,15,16,17,18,19,,,,,,59,61,63,67,67,72,72,74,75,75,75,76,76,76,76,76,76,76,76,"76, 92",78,78,79,,
DIELON_WM_1C,13,Leaves,,,,,,,,,,,,,,,19,,,,,,,,,,,,,,,,,,,,100,102,,"102,92",94,94,95,97
DIELON_WM_1C,13,Flowers,,,,,,9,11,12,16,19,,,,,,,,59,61,63,67,67,68/72,68/72,74,75,75,75,76,76,76,76,76,76,77/92,77/92,"77, 92",77,79,,,
MYRGAL_WM_6,14,Leaves,,,,,,,,,,,,,,,19,,,,,,,,,,,,,,,,,,,,101,,,102.93,93,94,96,99
MYRGAL_WM_6,14,Flowers,,,,,,,,,9,12,14,18,19,,,,,,,,,,,,,,,,,,92,93,93,93,93,93,93,102m,,,,
VIBCAS_WM_7,14,Leaves,,,,62-m,64-m,64-m,65-m,65-m,69-m,,,,,,19,,,,,,,,,,,,,,,,,,,,,,,"102,92",92,93,96,99
VIBCAS_WM_7,14,Flowers,,,,,9,9,12,13,15,16,17,18,18,18,,,,,,,,,,,,,,,,,100,101/91,101/92,101/92,101/92,102/91,92,NA,,,,
SAMRAC_GR_4A,14,Leaves,,,,,,,,,,,,,,,,,,,,,,,,,,,,,,,,,,,,,,X,,,,
SAMRAC_GR_4A,14,Flowers,,,,,,,,,,,,,,,,,,,,,,,,,,,,,,,,,,,,,92,X,,,,
AROMEL_WM_2,14,Leaves,,,,,,,,,,,,,,,19,,,,,,,,,,,,,,,,,,,,,,,"102,93",95,97,98,99
AROMEL_WM_2,14,Flowers,,,,,9,10,10,11,12,16,17,19,,,59,61,68,68,72,72,73,74,74,74,74,74,74,74,75,76,79/100,101,102,,92,92,93,NA,,,,
VIBCAS_HF_7A,14,Leaves,,,,,,,,,54,57,58,59,,,19,,,,,,,,,,,,,,,,,,,,,,,"102,93",94,96,97,99
VIBCAS_HF_7A,14,Flowers,,,,,9,10,14,15,18,18,18,19,,,59,,,,64,67,71,73,74,75,76,76,76,77,77,77,78/100,100/79,101,101,101/92,93/101,102/92,NA,,,,
VIBCAS_GR_3,14,Leaves,,,,,,,,51,52,54,56,58,59,,19,,,,,,,,,,,,,,,,,,,,,,,"102,91",92,93,94,97
VIBCAS_GR_3,14,Flowers,,,,,9,9,13,14,16,18,18,19,,,59,,,,65,67,72,75,75,75,76,76,77,77,77,78,78/100,78/100,78/101,79/101,101,101/91,"91, 102",79,79,,,
AROMEL_HF_13,14,Leaves,,,,,,,,52,54,57,58,58,59,,19,,,,,,,,,,,,,,,,,,,,,,,"102,93",95,97,98,99
AROMEL_HF_13,14,Flowers,,,,,9,9,11,12,12,16,17,19,,,59,62,68,69,72,73,74,75,75,75,75,75,75,75,75,75,75,76/100,78/101,79/102,102,91,93,79,79,79,79,
DIELON_GR_6,14,Leaves,,,,,,,,54,56,58,58,58,59,,19,,,,,,,,,,,,,,,,,,,,,,,"102,95",96,97,97,99
DIELON_GR_6,14,Flowers,,,,,9,9,12,15,18,18,18,19,,,,,,59,61,62,64,65,68/71,68/71,74,74,75,75,75,76,76,92/76,76/92,77/92,78/92,94/79,94,78,79,,,
DIELON_GR_2,14,Leaves,,,,,,,,,,,,,,,19,,,,,,,,,,,,,,,,,,,,,102,,"103,96",97,97,97,98
DIELON_GR_2,14,Flowers,,9,9,9,10,11,15,17,19,,,,,,,,,,59,61,63,64,68/71,68/74,68/74,74,75,75,75,75,75/92,92/75,75/92,77/93,77/93,79/95,95,77,79,,,
AROMEL_HF_12,14,Leaves,,,,,,,,,,,,,,,19,,,,,,,,,,,,,,,,,,,,,102,,"102,94",95,97,98,99
AROMEL_HF_12,14,Flowers,,,,9,10,11,12,12,14,17,18,19,,,61,63,68,69,71,73,73,74,74,74,75,75,75,75,75,75,76/100,77/101,79/101,101,102,93,93,79,79,79,79,
MYRGAL_SH_99,14,Leaves,,,,,,,,54,56,57,58,58,59,,19,,,,,,,,,,,,,,,,,,,,,,,"102,97",98,98,98,99
MYRGAL_SH_99,14,Flowers,,,,,,,,,9,10,11,15,18,19,,,,,72,74,74,75,75,75,76,76,76,76,76,77,78/92,79/92,92,94,94,95,96,79,79,79,79,
DIELON_SH_4,14,Leaves,,,,,,,64-f,68-f,68-f,68-f,68-f,69-f,,,19,,,,,,,,,,,,,,,,,,,,,,,"102,95",96,97,97,97
DIELON_SH_4,14,Flowers,,9,9,10,10,11,16,19,,,,,,,,,,59,61,64,64,67,68/71,72,74,74,74,76,76,76,76/68,68/76,76,76/92,78/92,92/79,93,77,78,79,,
SORAME_SH_3,14,Leaves,,,,,,,,,,,,,,,18,18,19,,,,,,,,,,,,,,,100,101,75,,,,"102,97",98,98,99,99
SORAME_SH_3,14,Flowers,,,,,,,,,,,9,9,12,16,,,59,,,61,68,71,74,74,75,75,74,76,74,74,74/94,74/94,74/95,102/95,95,95,96,NA,,,,
BETALL_GR_13,15,Leaves,,,,,,,,,,,,,,,18,19,,,,,,,,,,,,,,,,,,,,,,"102,91",93,97,99,99
BETALL_GR_13,15,Flowers,,,,,,,,,9,10,11,12,15,18,,,,,,,,,,,,,,,,,,100,100,101,102,91,91,NA,,,,
BETALL_GR_14,15,Leaves,,,,,,,,,,,,,,,18,18,19,,,,,,,,,,,,,,,,,,,,,"02,92",96,98,99,99
BETALL_GR_14,15,Flowers,,,,,,,,,9,10,11,12,15,18,,,,,,,,,,,,,,,,,100,100,100,101,102,,91,NA,,,,
ALNINC_SH_4,15,Leaves,,,,,,,,,,,,,,,18,18,18,18,19,,,,,,,,,,,75,75,76/100,100/100m,100/101m,101/101m,101/101m,"102, 101m","102,98",98,98,98,99
ALNINC_SH_4,15,Flowers,,,,,,9,10,11,12,15,17,18,18,18,,,,,72,73,74,74,75,75,75,75,75/100m,75/100m,75/100m,100m,100/100m,100m,76,76,78/93,79/93,96,"102m,79",,,,
BETPOP_WM_9,15,Leaves,65-m,65-m; 62-f,65-m; 62-f,67-m; 64-f,69-m; 68-f,68-f,69-f,,,,,,,,19,,,,,,,,,,,,,,,,,,,,,,,"102,91",94,96,98,99
BETPOP_WM_9,15,Flowers,,,,,,,9,9,11,14,15,17,18,19,,,,,,,,,,,,,,,,,100m/100,100/100m,100/100m,100/100m,100/100m,102/102m,91,102m,,,,
AMECAN_SH_3,15,Leaves,,,,,,,,,,,,,,,19,,,,,,,,,,,,,,,,,101,101,101,101,102,,X,,,,
AMECAN_SH_3,15,Flowers,,,,9,10,10,11,12,14,17,19,,,,69,71,74,76,76,76,77,,,,,,,,,,100,100/100m,,100/100m,,,,X,,,,
ALNINC_GR_11,15,Leaves,,,,,,,52,55,58,63,67,69,,,18,18,19,,,,,,,,,,,75,75,76,76/94,76/94,100/100m,76/94,101/101m,101/101m,102/102m,"102,95",96,97,98,99
ALNINC_GR_11,15,Flowers,,,,,,9,10,11,12,15,16,18,18,18,,,,,,,,,,,,,75/100m,100m,100m,100m,100m,,75/95,,95,95,95,102m,,,,
ALNINC_HF_9,15,Leaves,,,,,,,,,,,,,,,18,18,18,18,19,,,,,,,,,,100m,100m,100/100m,100/100m,100/100m,100/100m,100/101m,102/101m,101m,"102,94",96,97,98,99
ALNINC_HF_9,15,Flowers,,,,,,,9,9,12,14,14,15,18,18,,,,72,73,73,74,74,74,74,75,75,76,76/100m,76,76,76/92,76/92,76/94,78/94,78/94,79/94,94,"102m,79",,,,
QUEALB_HF_4,15,Leaves,62-m,62-m,62-m,64-m,69-m; 68-f,68-f,68-f,69-f,,,,,,,,,,,,,,,,,,,,,,,,,,,,,,X,,,,
QUEALB_HF_4,15,Flowers,,,,,,,,,,,,,,,,,,,,,,,,,,,,,,,,,,,,,,X,,,,
BETPOP_WM_7,15,Leaves,,,,,,,,,,,,,,,19,,,,,,,,,,,,,,100m,100m,100m/78,100/100m,100/100m,100/100m,100/100m,102/102m,92,"102,92",94,95,96,99
BETPOP_WM_7,15,Flowers,,,,,,,9,10,11,12,12,17,18,19,,,71,73,74,74,75,75,76,76,76,76,78,78,78,78,100/92,79,,,,,,"102m,77",78,78,79,
BETPOP_WM_8,15,Leaves,,,,,,,,,,,,,,,19,,,,,,,,,,,,,,,,,,,100/100m,100/100m,102/102m,,"102,91",91,94,95,99
BETPOP_WM_8,15,Flowers,,,,,,,,9,10,11,11,12,15,18,,,,,,,,,,,,,,,,,100,100/100m,100/100m,,,,,NA,,,,
BETPOP_WM_8,16,Leaves,,,,,,,,,,,,,,,19,,,,,,,,,,,,,,100m,100m,100/100m,100/100m,100/100m,100/100m,100/101m,102/102m,91,"102,91",92,94,96,99
BETPOP_WM_8,16,Flowers,,,,,,,,9,10,11,11,12,18,18,,,71,71,73,73,74,74,75,75,75,75,77,78,78,78,78,79,,,,,,"102m,77",78,78,79,
QUEALB_HF_4A,16,Leaves,,,,,,,,,,51,61,61,61,64,17,18,19,,,,,,,,,,,,,,,,,,,,,"102,91",94,96,96,96
QUEALB_HF_4A,16,Flowers,,,,,,,,,,,,,,9,,,,,,,,,,,,,,,,,100,101,101,101,102,,,NA,,,,
QUEALB_HF_4B,16,Leaves,,,,,,,,,,,,,,,,,,,,,,,,,,,,,,,,,,,,,,X,,,,
QUEALB_HF_4B,16,Flowers,,,,,,,,,,,,,,,,,,,,,,,,,,,,,,,,,,,,,,X,,,,
ALNINC_WM_5A,16,Leaves,,,,,,,,,,,,,,,18,18,18,19,,,,,,,,,,100m,100m,100m,100m,100/100m,100/100m,100/100m,1001/101m,102/102m,"78, 92","102,92",93,96,98,99
ALNINC_WM_5A,16,Flowers,,,,,,,9,10,12,15,16,17,17,18,,,,,,,,73,73,73,74,74,74/100m,74,74,75,75/100,76,76,76,78,78,,"102m,79",,,,
ALNINC_GR_8,16,Leaves,62-m,67-m,67-m,68-m,69-m,,,,,,,,,,17,18,19,,,,,,,,,,,,,,,75,75,100/101m,101/101m,102/101m,101m,"102,95",97,97,98,99
ALNINC_GR_8,16,Flowers,,,,,,,9,9,11,13,15,16,17,17,,,,,,,,72,73,73,73,73,100m,100m,100m,100m,100m/75,100/100m,100/100m,76,77,78,"79, 94","102m,79",,,,
BETPOP_GR_3,16,Leaves,,64-m,64-m,68-m,69-m,,,,,,,,,,18,19,,,,,,,,,,,,,,,100,,,,,,,"102,98",98,98,99,99
BETPOP_GR_3,16,Flowers,,,,,,9,9,10,12,12,15,18,18,19,,,,,,,,,,,,,,,,,,100,100,101,101,101,101,NA,,,,
ALNINC_SH_3,16,Leaves,,,,,,,,,,,,,,,17,18,18,18,18,19,,,,,,,,100m,100m,100m,100m/92,100/100m,100/100m,100/101m,101/101m,102/101m,102m,"102,98",98,98,98,99
ALNINC_SH_3,16,Flowers,,,,,,,9,11,12,14,16,17,17,18,,,,,,,73,73,74,74,74,74,74/100m,74,74,75,100/75,94/75,94/75,95/76,77/95,78/95,"79, 97","102m,79",,,,
BETALL_SH_7,16,Leaves,,65-m,65-m,67-m,68-m,69-m,,,,,,,,,18,19,,,,,,,,,,,,,,,,,,,,,,"102,98",98,98,99,99
BETALL_SH_7,16,Flowers,,,,,,,,,9,10,10,10,12,19,,,,,,,,,,,,,,,,,,100/92,101/92,101,101,102,96,NA,,,,
ALNINC_HF_1,16,Leaves,,,,,,,,,,,,,,,18,19,,,,,,,,,,,,100m,100m,100m,75/100m,100/100m,100/100m,100/100m,102/102m,,,"102,98",98,98,99,99
ALNINC_HF_1,16,Flowers,,,,,,,,,11,12,14,17,17,18,,,,,,,72,72,73,73,74,74,75/100,75,75,75,100,75,75,76,77,79,97,"102m,79",,,,
BETALL_GR_14,16,Leaves,,63-m,63-m,65-m,69-m; 67-f,67-f,68-f,69-f,,,,,,,18,19,,,,,,,,,,,,,,,,,,,,,,"102,91",93,94,97,99
BETALL_GR_14,16,Flowers,,,,,,,,,9,10,11,12,14,18,,,,,,,,,,,,,,,,,,100,102,,,,,NA,,,,
ALNINC_WM_5B,16,Leaves,,,,,,,,,,,,,,,17,18,19,,,,,,,,,,,100m,100m,100m,100/100m,100/100m,100/100m,100/101m,100/100m,102/101m,101m,"102,93",94,95,95,99
ALNINC_WM_5B,16,Flowers,,,,,,9,9,10,12,15,16,17,18,18,,,,,,,,,,,,,75/100m,75,75,75,92/75,94,94,94,94,94,93,102m,,,,
BETALL_WM_9,16,Leaves,,62-m,62-m,64-m,69-m,,,,,,,,,,,,,,,,,,,,,,,,,,,,,,,,,X,,,,
BETALL_WM_9,16,Flowers,,,,,,,,,,,,,,,,,,,,,,,,,,,,,,,,,,,,,,X,,,,
,,,,,,,,,,,,,,,,,,,,,,,,,,,,,,,,,,,,,,,,,,.,,